OrderInContainer, ChunkId, PackageId, PackageName, Filename, ContainerName, Offset, OffsetOnDisk, Size, CompressedSize, Hash, ChunkType, ClassType, PakChunk, Platform, InstallType, DeliveryType, PartitionIndex, OffsetInPartition
0, 1680bae1ae38d5b900000008, 0xB9D538AEE1BA8016, , ../../../MMORPG/Content/ShaderArchive-Global-PCD3D_SM6-PCD3D_SM6.ushaderbytecode, MMORPG-WindowsClient, 0, 0, 216216, 216216, 0x73e5322e3dfa0e5783ea903f89702fcbe569fe36, ShaderCodeLibrary, , MMORPG, WindowsClient, Base, Installed, 0, 0
1, 4514e25b1f9e4ae200000008, 0xE24A9E1F5BE21445, , ../../../MMORPG/Content/ShaderArchive-MMORPG-PCD3D_SM6-PCD3D_SM6.ushaderbytecode, MMORPG-WindowsClient, 262144, 217088, 61716, 61716, 0xc86380bfc3d1b8fcb6de10568650b5c19cd181df, ShaderCodeLibrary, , MMORPG, WindowsClient, Base, Installed, 0, 217088
2, a976701b18fc3de900000009, 0xE93DFC181B7076A9, , <ShaderCode>, MMORPG-WindowsClient, 327680, 280576, 157688, 157688, 0x4cc37e435f6111e6cfea18b07a473072b169197e, ShaderCode, , MMORPG, WindowsClient, Base, Installed, 0, 280576
3, 4831843fb62b903300000009, 0x33902BB63F843148, , <ShaderCode>, MMORPG-WindowsClient, 524288, 438272, 24282, 24282, 0xffd4c2c5feb6cd8f206c0b6b60a33d510fe57b3f, ShaderCode, , MMORPG, WindowsClient, Base, Installed, 0, 438272
4, 23cb2d51b33e22ab00000009, 0xAB223EB3512DCB23, , <ShaderCode>, MMORPG-WindowsClient, 589824, 462848, 119234, 119234, 0x1de27398df95b7a41e25342aaf54a827f6ef15da, ShaderCode, , MMORPG, WindowsClient, Base, Installed, 0, 462848
5, bb29a98be2b0008400000009, 0x8400B0E28BA929BB, , <ShaderCode>, MMORPG-WindowsClient, 720896, 583680, 76389, 76389, 0x0a114a14a5c3fcac31317c82ba0b30eb50ac39dd, ShaderCode, , MMORPG, WindowsClient, Base, Installed, 0, 583680
6, fbb287be3d091dd100000009, 0xD11D093DBE87B2FB, , <ShaderCode>, MMORPG-WindowsClient, 851968, 661504, 2240, 2240, 0x100d3b392c06f722b67048fb4de57a146928ae5f, ShaderCode, , MMORPG, WindowsClient, Base, Installed, 0, 661504
7, f622b58362efae4800000009, 0x48AEEF6283B522F6, , <ShaderCode>, MMORPG-WindowsClient, 917504, 665600, 27761, 27761, 0xc9e9e853574efa63adf9a3151f50d8bb74c48417, ShaderCode, , MMORPG, WindowsClient, Base, Installed, 0, 665600
8, fffacc2c099b07f700000009, 0xF7079B092CCCFAFF, , <ShaderCode>, MMORPG-WindowsClient, 983040, 694272, 178561, 178561, 0xaeecbcaaac0c8234913970fa65c2520aed490d31, ShaderCode, , MMORPG, WindowsClient, Base, Installed, 0, 694272
9, 93b77c7a6a0e13c700000009, 0xC7130E6A7A7CB793, , <ShaderCode>, MMORPG-WindowsClient, 1179648, 874496, 20140, 20140, 0x1fa03caa5746b17671776c71c6e4c60348c3b689, ShaderCode, , MMORPG, WindowsClient, Base, Installed, 0, 874496
10, 6b6e3928aa8c31a800000009, 0xA8318CAA28396E6B, , <ShaderCode>, MMORPG-WindowsClient, 1245184, 894976, 375205, 375205, 0xa74fc7c5cbd46eec9f74a3f2f1a9137cd840611a, ShaderCode, , MMORPG, WindowsClient, Base, Installed, 0, 894976
11, 77c2569ff32b911f00000009, 0x1F912BF39F56C277, , <ShaderCode>, MMORPG-WindowsClient, 1638400, 1271808, 150673, 150673, 0x13b663377fed491aa2208abbb231ff24ea8258bc, ShaderCode, , MMORPG, WindowsClient, Base, Installed, 0, 1271808
12, ce531b9ac7514f1500000009, 0x154F51C79A1B53CE, , <ShaderCode>, MMORPG-WindowsClient, 1835008, 1423360, 434118, 434118, 0x9c19f04299ec60883aacda8299ade09b8c1a268a, ShaderCode, , MMORPG, WindowsClient, Base, Installed, 0, 1423360
13, 7c6f99a37a152a5b00000009, 0x5B2A157AA3996F7C, , <ShaderCode>, MMORPG-WindowsClient, 2293760, 1857536, 153149, 153149, 0xc0cf65cc0ad042c921972ef405f58d3e70724ece, ShaderCode, , MMORPG, WindowsClient, Base, Installed, 0, 1857536
14, add110d65380214e00000009, 0x4E218053D610D1AD, , <ShaderCode>, MMORPG-WindowsClient, 2490368, 2011136, 35905, 35905, 0x6970c1028bc3370ea40694630301b759b8937e0a, ShaderCode, , MMORPG, WindowsClient, Base, Installed, 0, 2011136
15, 335c84c06042618300000009, 0x83614260C0845C33, , <ShaderCode>, MMORPG-WindowsClient, 2555904, 2048000, 47321, 47321, 0xc2ca645a5bc756b561ddac31514feb795684cd78, ShaderCode, , MMORPG, WindowsClient, Base, Installed, 0, 2048000
16, 30897b63b1727c0f00000009, 0xF7C72B1637B8930, , <ShaderCode>, MMORPG-WindowsClient, 2621440, 2097152, 493359, 493359, 0xcf0a68cf68dd8442d1a6f81ed859b81d3d8666d2, ShaderCode, , MMORPG, WindowsClient, Base, Installed, 0, 2097152
17, 380c4c62bd1d980400000009, 0x4981DBD624C0C38, , <ShaderCode>, MMORPG-WindowsClient, 3145728, 2590720, 320878, 320878, 0xf807a723b52cb35355eadfc8d730854935a0f31d, ShaderCode, , MMORPG, WindowsClient, Base, Installed, 0, 2590720
18, 172aabaa57bb5b9a00000009, 0x9A5BBB57AAAB2A17, , <ShaderCode>, MMORPG-WindowsClient, 3473408, 2912256, 8157, 8157, 0x059394562aa3f222b6d895c1b890c352449fa2b5, ShaderCode, , MMORPG, WindowsClient, Base, Installed, 0, 2912256
19, 2bec0aff686071d600000009, 0xD6716068FF0AEC2B, , <ShaderCode>, MMORPG-WindowsClient, 3538944, 2920448, 371846, 371846, 0xe149e8ac8b5da707124bfcd502d793052e04600c, ShaderCode, , MMORPG, WindowsClient, Base, Installed, 0, 2920448
20, 86dcd9affdaddb6d00000009, 0x6DDBADFDAFD9DC86, , <ShaderCode>, MMORPG-WindowsClient, 3932160, 3293184, 27213, 27213, 0xc3a88cb0c29283544a422435310166777f14fd54, ShaderCode, , MMORPG, WindowsClient, Base, Installed, 0, 3293184
21, 997032c920cfacbd00000009, 0xBDACCF20C9327099, , <ShaderCode>, MMORPG-WindowsClient, 3997696, 3321856, 179825, 179825, 0xd4b6710e6bbb1fb913b6f29d43048abe48e95ca8, ShaderCode, , MMORPG, WindowsClient, Base, Installed, 0, 3321856
22, e65eb99db4b7118400000009, 0x8411B7B49DB95EE6, , <ShaderCode>, MMORPG-WindowsClient, 4194304, 3502080, 453976, 453976, 0xd9d80d97152e1f4c661268afc8cb42cf897b4ccf, ShaderCode, , MMORPG, WindowsClient, Base, Installed, 0, 3502080
23, 9373372f62d7b2ea00000009, 0xEAB2D7622F377393, , <ShaderCode>, MMORPG-WindowsClient, 4653056, 3956736, 375056, 375056, 0x7f99b9200ef9b7dc271be7688ad23441d416389e, ShaderCode, , MMORPG, WindowsClient, Base, Installed, 0, 3956736
24, 478c9aa6e0ac4fbe00000009, 0xBE4FACE0A69A8C47, , <ShaderCode>, MMORPG-WindowsClient, 5046272, 4333568, 239413, 239413, 0x49b8f98baff0180500b263097dba0623cdd85452, ShaderCode, , MMORPG, WindowsClient, Base, Installed, 0, 4333568
25, b160ba13d7e0075400000009, 0x5407E0D713BA60B1, , <ShaderCode>, MMORPG-WindowsClient, 5308416, 4573184, 15058, 15058, 0xbae615f4e0ad6a4ef9a98cbe8d05672fc85c5179, ShaderCode, , MMORPG, WindowsClient, Base, Installed, 0, 4573184
26, ee755b6e961641d100000009, 0xD14116966E5B75EE, , <ShaderCode>, MMORPG-WindowsClient, 5373952, 4589568, 209460, 209460, 0x1b1c30046d776b7105622aae41cbc03e7ee96b9b, ShaderCode, , MMORPG, WindowsClient, Base, Installed, 0, 4589568
27, cc75c0330a6afb6e00000009, 0x6EFB6A0A33C075CC, , <ShaderCode>, MMORPG-WindowsClient, 5636096, 4800512, 513959, 513959, 0x845d8bf1a0547bbae17d93391353f3a93c487aa6, ShaderCode, , MMORPG, WindowsClient, Base, Installed, 0, 4800512
28, 93b1799b74e4c81400000009, 0x14C8E4749B79B193, , <ShaderCode>, MMORPG-WindowsClient, 6160384, 5314560, 7964, 7964, 0xb128cdcb051f82f30eec68c46d5bb46b8928615f, ShaderCode, , MMORPG, WindowsClient, Base, Installed, 0, 5314560
29, 2129fe14338d265300000009, 0x53268D3314FE2921, , <ShaderCode>, MMORPG-WindowsClient, 6225920, 5322752, 7031, 7031, 0xdbfd6d8a358aa873f853ae98a52026051cb80c55, ShaderCode, , MMORPG, WindowsClient, Base, Installed, 0, 5322752
30, 46792afa345fdf5700000009, 0x57DF5F34FA2A7946, , <ShaderCode>, MMORPG-WindowsClient, 6291456, 5330944, 381997, 381997, 0x632600a83dc01846aeaf67c504801526959b4729, ShaderCode, , MMORPG, WindowsClient, Base, Installed, 0, 5330944
31, 34fabf7c82b696ce00000009, 0xCE96B6827CBFFA34, , <ShaderCode>, MMORPG-WindowsClient, 6684672, 5713920, 87116, 87116, 0x28da33bf8fa9f8fbd32a621adf6d9f930a1065f8, ShaderCode, , MMORPG, WindowsClient, Base, Installed, 0, 5713920
32, 462ef397034604e200000009, 0xE204460397F32E46, , <ShaderCode>, MMORPG-WindowsClient, 6815744, 5801984, 157558, 157558, 0x56b75fb24774efc786eb56d14e30c67c90537ddd, ShaderCode, , MMORPG, WindowsClient, Base, Installed, 0, 5801984
33, f5a13f09b6e6cace00000009, 0xCECAE6B6093FA1F5, , <ShaderCode>, MMORPG-WindowsClient, 7012352, 5959680, 38141, 38141, 0xc9de51749f086e5c83d3cbe59ef917b28d1deff3, ShaderCode, , MMORPG, WindowsClient, Base, Installed, 0, 5959680
34, c3c83d9cdefd4de000000009, 0xE04DFDDE9C3DC8C3, , <ShaderCode>, MMORPG-WindowsClient, 7077888, 5998592, 30110, 30110, 0x9a834872be04897a62151498cbc70e770b16fcdd, ShaderCode, , MMORPG, WindowsClient, Base, Installed, 0, 5998592
35, d1f73ec90f86f20000000009, 0xF2860FC93EF7D1, , <ShaderCode>, MMORPG-WindowsClient, 7143424, 6029312, 506472, 506472, 0x861f27bae7386d9a5d9f0dc37fa4b1893c8271dc, ShaderCode, , MMORPG, WindowsClient, Base, Installed, 0, 6029312
36, fbb00ed67d2b53e000000009, 0xE0532B7DD60EB0FB, , <ShaderCode>, MMORPG-WindowsClient, 7667712, 6537216, 48156, 48156, 0x6e2f980a5ab7e277afc2c984df0cdb1c0f379653, ShaderCode, , MMORPG, WindowsClient, Base, Installed, 0, 6537216
37, f286d343c977e4ef00000009, 0xEFE477C943D386F2, , <ShaderCode>, MMORPG-WindowsClient, 7733248, 6586368, 376954, 376954, 0xfa47de70a12b3767a6a8daed0eadc31f42ba6d80, ShaderCode, , MMORPG, WindowsClient, Base, Installed, 0, 6586368
38, d2917c34195eaa5c00000009, 0x5CAA5E19347C91D2, , <ShaderCode>, MMORPG-WindowsClient, 8126464, 6965248, 493521, 493521, 0x70a5a23be5cb5bc546deadeee0a53178ba80ddb9, ShaderCode, , MMORPG, WindowsClient, Base, Installed, 0, 6965248
39, bfba756ab223a1ab00000009, 0xABA123B26A75BABF, , <ShaderCode>, MMORPG-WindowsClient, 8650752, 7458816, 15805, 15805, 0x724bfa9af0f7fb4baa1ac58e191c2fc03435c1d7, ShaderCode, , MMORPG, WindowsClient, Base, Installed, 0, 7458816
40, c81d9f0433d162c900000009, 0xC962D133049F1DC8, , <ShaderCode>, MMORPG-WindowsClient, 8716288, 7475200, 154174, 154174, 0xf329969911405a6d08e919ab962fe1a40bc3f34b, ShaderCode, , MMORPG, WindowsClient, Base, Installed, 0, 7475200
41, 108a28a51cfc2d1600000009, 0x162DFC1CA5288A10, , <ShaderCode>, MMORPG-WindowsClient, 8912896, 7630848, 604049, 604049, 0x90f54fe0fef796338f09cbd114609588a71e244f, ShaderCode, , MMORPG, WindowsClient, Base, Installed, 0, 7630848
42, 1323d9bc9235003a00000009, 0x3A003592BCD92313, , <ShaderCode>, MMORPG-WindowsClient, 9568256, 8235008, 401295, 401295, 0x829a8ec20abd9ff5db15d083f4ae12c7863a05f2, ShaderCode, , MMORPG, WindowsClient, Base, Installed, 0, 8235008
43, e946ea222e627a3100000009, 0x317A622E22EA46E9, , <ShaderCode>, MMORPG-WindowsClient, 10027008, 8636416, 487667, 487667, 0x314fda1432094ebcccbcb2a1aef91ac2794edc6b, ShaderCode, , MMORPG, WindowsClient, Base, Installed, 0, 8636416
44, 5ceefbddba1304c200000009, 0xC20413BADDFBEE5C, , <ShaderCode>, MMORPG-WindowsClient, 10551296, 9125888, 508692, 508692, 0xd1e3c441f80602909a62e1a169642e48c233d950, ShaderCode, , MMORPG, WindowsClient, Base, Installed, 0, 9125888
45, 2821fb6bebfbe69600000009, 0x96E6FBEB6BFB2128, , <ShaderCode>, MMORPG-WindowsClient, 11075584, 9635840, 511264, 511264, 0x9e39855825231a81b2fa21d4aa4af33df6caed99, ShaderCode, , MMORPG, WindowsClient, Base, Installed, 0, 9635840
46, e94d884968a2442000000009, 0x2044A26849884DE9, , <ShaderCode>, MMORPG-WindowsClient, 11599872, 10147840, 6402, 6402, 0x3b5c4a05bc7818511fa60b2be62d1df3a4986660, ShaderCode, , MMORPG, WindowsClient, Base, Installed, 0, 10147840
47, b2d887f62bfe74de00000009, 0xDE74FE2BF687D8B2, , <ShaderCode>, MMORPG-WindowsClient, 11665408, 10156032, 280021, 280021, 0x81b63b1702ea2011738f111c775c2eb7069abda3, ShaderCode, , MMORPG, WindowsClient, Base, Installed, 0, 10156032
48, 8855443cb9c0b14e00000009, 0x4EB1C0B93C445588, , <ShaderCode>, MMORPG-WindowsClient, 11993088, 10436608, 408628, 408628, 0x499bb47dee5b34fc915c7018b0209b012df0b533, ShaderCode, , MMORPG, WindowsClient, Base, Installed, 0, 10436608
49, 673b76ddcafce64300000009, 0x43E6FCCADD763B67, , <ShaderCode>, MMORPG-WindowsClient, 12451840, 10846208, 376918, 376918, 0xb1971623c63f6b5c7590352dee5dbb572106595f, ShaderCode, , MMORPG, WindowsClient, Base, Installed, 0, 10846208
50, 8d9416c45d47a5df00000009, 0xDFA5475DC416948D, , <ShaderCode>, MMORPG-WindowsClient, 12845056, 11225088, 9625, 9625, 0x20b7a5626311317181a4fc9dfb69c808d193b1a6, ShaderCode, , MMORPG, WindowsClient, Base, Installed, 0, 11225088
51, d8bce60e082eb23700000009, 0x37B22E080EE6BCD8, , <ShaderCode>, MMORPG-WindowsClient, 12910592, 11235328, 501714, 501714, 0xce6e78526d2fab6dcb670d2b05e416935418fc9d, ShaderCode, , MMORPG, WindowsClient, Base, Installed, 0, 11235328
52, 72cc013c44c3d7e400000009, 0xE4D7C3443C01CC72, , <ShaderCode>, MMORPG-WindowsClient, 13434880, 11737088, 215503, 215503, 0x0969bfb5ab2089cdf44a454023e674ca568ae7b7, ShaderCode, , MMORPG, WindowsClient, Base, Installed, 0, 11737088
53, b8802ce327db01a000000009, 0xA001DB27E32C80B8, , <ShaderCode>, MMORPG-WindowsClient, 13697024, 11954176, 3842, 3842, 0x9b53d39d974c3f6093db7440eb2e1b0a8add886e, ShaderCode, , MMORPG, WindowsClient, Base, Installed, 0, 11954176
54, d1ba471320f194ef00000009, 0xEF94F1201347BAD1, , <ShaderCode>, MMORPG-WindowsClient, 13762560, 11958272, 367803, 367803, 0x795bf28b36288443f3329c63b0781099ce904e6d, ShaderCode, , MMORPG, WindowsClient, Base, Installed, 0, 11958272
55, afbdb379ed55f17200000009, 0x72F155ED79B3BDAF, , <ShaderCode>, MMORPG-WindowsClient, 14155776, 12326912, 376755, 376755, 0x2db68045607461622dd61cd50c6b91200e3195df, ShaderCode, , MMORPG, WindowsClient, Base, Installed, 0, 12326912
56, 794b209a9486fd1300000009, 0x13FD86949A204B79, , <ShaderCode>, MMORPG-WindowsClient, 14548992, 12703744, 146287, 146287, 0x971f7f40a466d25f33c7d9f0f784bff744e02b0d, ShaderCode, , MMORPG, WindowsClient, Base, Installed, 0, 12703744
57, 4001344c93be861e00000009, 0x1E86BE934C340140, , <ShaderCode>, MMORPG-WindowsClient, 14745600, 12851200, 496639, 496639, 0x335e4c461c15ba0512dcc6f740b98548c177e6c4, ShaderCode, , MMORPG, WindowsClient, Base, Installed, 0, 12851200
58, c05c093cc97d1a6100000009, 0x611A7DC93C095CC0, , <ShaderCode>, MMORPG-WindowsClient, 15269888, 13348864, 20909, 20909, 0x904c6c3ad483e1f9d12a55f9ef34fd2b58a2f9a1, ShaderCode, , MMORPG, WindowsClient, Base, Installed, 0, 13348864
59, 0ec746633885d3d000000009, 0xD0D385386346C70E, , <ShaderCode>, MMORPG-WindowsClient, 15335424, 13371392, 23895, 23895, 0x22ce8d1c58ea9f8c7b8a298a559de2cc3e999c59, ShaderCode, , MMORPG, WindowsClient, Base, Installed, 0, 13371392
60, c6c1434d2068753800000009, 0x387568204D43C1C6, , <ShaderCode>, MMORPG-WindowsClient, 15400960, 13395968, 514360, 514360, 0x6d3fb1c6e2bc282fd802b09ebbb8847328b86417, ShaderCode, , MMORPG, WindowsClient, Base, Installed, 0, 13395968
61, 2b2a7e42fd91be4c00000009, 0x4CBE91FD427E2A2B, , <ShaderCode>, MMORPG-WindowsClient, 15925248, 13912064, 45922, 45922, 0xd327ba867fccbecda5b38a1b77c8b1421ec7a6bc, ShaderCode, , MMORPG, WindowsClient, Base, Installed, 0, 13912064
62, 7e88737fc33639c700000009, 0xC73936C37F73887E, , <ShaderCode>, MMORPG-WindowsClient, 15990784, 13959168, 507803, 507803, 0x62660b7f374e398574faa95044dfcefe47989761, ShaderCode, , MMORPG, WindowsClient, Base, Installed, 0, 13959168
63, e29d83f665790a9b00000009, 0x9B0A7965F6839DE2, , <ShaderCode>, MMORPG-WindowsClient, 16515072, 14467072, 286960, 286960, 0xa9f03385a394ad6ceae415736d1c61d5f8685f11, ShaderCode, , MMORPG, WindowsClient, Base, Installed, 0, 14467072
64, 73807d54e596524700000009, 0x475296E5547D8073, , <ShaderCode>, MMORPG-WindowsClient, 16842752, 14755840, 6115, 6115, 0x808e4ed7907ad0900bc7e57b6894d002ae7cfd1a, ShaderCode, , MMORPG, WindowsClient, Base, Installed, 0, 14755840
65, 0d25c4293c0d0e6500000009, 0x650E0D3C29C4250D, , <ShaderCode>, MMORPG-WindowsClient, 16908288, 14761984, 14350, 14350, 0x097b3f8d9eb138507fc2044bd8a97fb0f2247757, ShaderCode, , MMORPG, WindowsClient, Base, Installed, 0, 14761984
66, df195b27c1649a5d00000009, 0x5D9A64C1275B19DF, , <ShaderCode>, MMORPG-WindowsClient, 16973824, 14778368, 51718, 51718, 0xc9111951b33d9fe4f8b433aa86b97c0f54868711, ShaderCode, , MMORPG, WindowsClient, Base, Installed, 0, 14778368
67, 6972c93af34deb5700000009, 0x57EB4DF33AC97269, , <ShaderCode>, MMORPG-WindowsClient, 17039360, 14831616, 22663, 22663, 0x90849e71f47b67887f69399d4be5c76a741a877b, ShaderCode, , MMORPG, WindowsClient, Base, Installed, 0, 14831616
68, d0843fb349d1211b00000009, 0x1B21D149B33F84D0, , <ShaderCode>, MMORPG-WindowsClient, 17104896, 14856192, 541633, 541633, 0x04f64f0618eee414204f73660892a4e73554049e, ShaderCode, , MMORPG, WindowsClient, Base, Installed, 0, 14856192
69, 94eec5a325a3791600000009, 0x1679A325A3C5EE94, , <ShaderCode>, MMORPG-WindowsClient, 17694720, 15398912, 195498, 195498, 0x1490cc93f2d4f17f46ee484d8ac63b38248838f2, ShaderCode, , MMORPG, WindowsClient, Base, Installed, 0, 15398912
70, 83b1cdb28530fc8300000009, 0x83FC3085B2CDB183, , <ShaderCode>, MMORPG-WindowsClient, 17891328, 15595520, 538245, 538245, 0x431ec725daa0f633dddb865c564eaa61fca69229, ShaderCode, , MMORPG, WindowsClient, Base, Installed, 0, 15595520
71, 671aa5de0edf542700000009, 0x2754DF0EDEA51A67, , <ShaderCode>, MMORPG-WindowsClient, 18481152, 16134144, 384827, 384827, 0xb1dd1d0e6d68f6ea1943077d087451ae2b58f2b1, ShaderCode, , MMORPG, WindowsClient, Base, Installed, 0, 16134144
72, 75dbf9878ee2a8bf00000009, 0xBFA8E28E87F9DB75, , <ShaderCode>, MMORPG-WindowsClient, 18874368, 16519168, 4863, 4863, 0x83225969a34025328c796d60ff8f601f649d6710, ShaderCode, , MMORPG, WindowsClient, Base, Installed, 0, 16519168
73, 6b91fc4f21f19dea00000009, 0xEA9DF1214FFC916B, , <ShaderCode>, MMORPG-WindowsClient, 18939904, 16525312, 486074, 486074, 0xdaafa52204e6e2f7905686779548b37d56279a05, ShaderCode, , MMORPG, WindowsClient, Base, Installed, 0, 16525312
74, b2a2e4f1810520de00000009, 0xDE200581F1E4A2B2, , <ShaderCode>, MMORPG-WindowsClient, 19464192, 17012736, 323224, 323224, 0x049169dd4e5bf5a27c4a95b5da5141d361d9bd5d, ShaderCode, , MMORPG, WindowsClient, Base, Installed, 0, 17012736
75, bf1062ecb720f46800000009, 0x68F420B7EC6210BF, , <ShaderCode>, MMORPG-WindowsClient, 19791872, 17336320, 19254, 19254, 0xcdbd7e2653a86e315c34a54d29a04fa8a535b14f, ShaderCode, , MMORPG, WindowsClient, Base, Installed, 0, 17336320
76, 2152ef0f41f20d5700000009, 0x570DF2410FEF5221, , <ShaderCode>, MMORPG-WindowsClient, 19857408, 17356800, 299608, 299608, 0xd85a85d4af853e77efe489b715171e9d8bc8ee6d, ShaderCode, , MMORPG, WindowsClient, Base, Installed, 0, 17356800
77, 34bf591d67aa1df200000009, 0xF21DAA671D59BF34, , <ShaderCode>, MMORPG-WindowsClient, 20185088, 17657856, 445939, 445939, 0x6a598b90e4951ceadaeef1cb380f06954b0641e5, ShaderCode, , MMORPG, WindowsClient, Base, Installed, 0, 17657856
78, 76ddb28ef1168adc00000009, 0xDC8A16F18EB2DD76, , <ShaderCode>, MMORPG-WindowsClient, 20643840, 18104320, 490510, 490510, 0x2bcb9706c514102ced2c05003ccc912a1a731470, ShaderCode, , MMORPG, WindowsClient, Base, Installed, 0, 18104320
79, e088ec33ca483beb00000009, 0xEB3B48CA33EC88E0, , <ShaderCode>, MMORPG-WindowsClient, 21168128, 18595840, 10262, 10262, 0xfdeb445f3096a12051946d2ffa8c9f249b9dd003, ShaderCode, , MMORPG, WindowsClient, Base, Installed, 0, 18595840
80, a7cfb1fd537c601600000009, 0x16607C53FDB1CFA7, , <ShaderCode>, MMORPG-WindowsClient, 21233664, 18608128, 373322, 373322, 0x0290f5ae04d8199056989f2cf3f0d838605f6390, ShaderCode, , MMORPG, WindowsClient, Base, Installed, 0, 18608128
81, 206799eb6e2bacec00000009, 0xECAC2B6EEB996720, , <ShaderCode>, MMORPG-WindowsClient, 21626880, 18982912, 9537, 9537, 0x453c85cabf9d1e8dd49e3c379fb9592eb60f8f47, ShaderCode, , MMORPG, WindowsClient, Base, Installed, 0, 18982912
82, be291610392e9ac600000009, 0xC69A2E39101629BE, , <ShaderCode>, MMORPG-WindowsClient, 21692416, 18993152, 386637, 386637, 0x65798204324d5c63265fadb8c3dd2ca55e5dc0e9, ShaderCode, , MMORPG, WindowsClient, Base, Installed, 0, 18993152
83, de04f14eab706fe200000009, 0xE26F70AB4EF104DE, , <ShaderCode>, MMORPG-WindowsClient, 22085632, 19380224, 47831, 47831, 0x2453e9dbd77ecb826a1ab785d402b99c2108855d, ShaderCode, , MMORPG, WindowsClient, Base, Installed, 0, 19380224
84, af02976023d673e300000009, 0xE373D623609702AF, , <ShaderCode>, MMORPG-WindowsClient, 22151168, 19429376, 141516, 141516, 0x4bbc704a7ecf04262a265586e2881771c07045cf, ShaderCode, , MMORPG, WindowsClient, Base, Installed, 0, 19429376
85, d44463d0b211a37800000009, 0x78A311B2D06344D4, , <ShaderCode>, MMORPG-WindowsClient, 22347776, 19572736, 3388, 3388, 0x06d35e58aa1ff4458b188a303e9a6563860558dc, ShaderCode, , MMORPG, WindowsClient, Base, Installed, 0, 19572736
86, ffa16c7bd4b8637e00000009, 0x7E63B8D47B6CA1FF, , <ShaderCode>, MMORPG-WindowsClient, 22413312, 19576832, 72397, 72397, 0x82a98f77a61de508f8460a1d1dda4f21acecf113, ShaderCode, , MMORPG, WindowsClient, Base, Installed, 0, 19576832
87, 4901afb9e7bce41000000009, 0x10E4BCE7B9AF0149, , <ShaderCode>, MMORPG-WindowsClient, 22544384, 19650560, 297027, 297027, 0xdcde36c39a5d707f273ad212ae870c22f60f9aac, ShaderCode, , MMORPG, WindowsClient, Base, Installed, 0, 19650560
88, be3168aa2cc2061600000009, 0x1606C22CAA6831BE, , <ShaderCode>, MMORPG-WindowsClient, 22872064, 19949568, 281046, 281046, 0xf39a550048c527e3e76319c2f66d31b45d76b851, ShaderCode, , MMORPG, WindowsClient, Base, Installed, 0, 19949568
89, 4ab19b6946e2a9f000000009, 0xF0A9E246699BB14A, , <ShaderCode>, MMORPG-WindowsClient, 23199744, 20232192, 432909, 432909, 0xe9e970aed7e2c5cb75a6484e14db9671315a35fa, ShaderCode, , MMORPG, WindowsClient, Base, Installed, 0, 20232192
90, 9dcb780dd28edfd000000009, 0xD0DF8ED20D78CB9D, , <ShaderCode>, MMORPG-WindowsClient, 23658496, 20666368, 55536, 55536, 0x19110a01cc4049b5427a68a079ee90efbee6b7e9, ShaderCode, , MMORPG, WindowsClient, Base, Installed, 0, 20666368
91, b61dcabaac78595000000009, 0x505978ACBACA1DB6, , <ShaderCode>, MMORPG-WindowsClient, 23724032, 20723712, 497839, 497839, 0x85e2587361e6a8695e124fa65b7897bf82454bc6, ShaderCode, , MMORPG, WindowsClient, Base, Installed, 0, 20723712
92, 244a9188a4a6b90400000009, 0x4B9A6A488914A24, , <ShaderCode>, MMORPG-WindowsClient, 24248320, 21223424, 3810, 3810, 0xfb083419d6e2c4267c0a652e5f155df5fdf45fec, ShaderCode, , MMORPG, WindowsClient, Base, Installed, 0, 21223424
93, 095b5f0286f8f9c600000009, 0xC6F9F886025F5B09, , <ShaderCode>, MMORPG-WindowsClient, 24313856, 21227520, 428433, 428433, 0x4238669b05ed78a00386049f9b49b188b9bc884a, ShaderCode, , MMORPG, WindowsClient, Base, Installed, 0, 21227520
94, d1c7c45f305f49c900000009, 0xC9495F305FC4C7D1, , <ShaderCode>, MMORPG-WindowsClient, 24772608, 21657600, 375580, 375580, 0xf3bf78c0be61806c910ab69f0753a2cdd832a047, ShaderCode, , MMORPG, WindowsClient, Base, Installed, 0, 21657600
95, 0f2b5964cc88e31b00000009, 0x1BE388CC64592B0F, , <ShaderCode>, MMORPG-WindowsClient, 25165824, 22034432, 582220, 582220, 0x9d5ec9196f0d81e963a9c7b2df2c184efcf51a04, ShaderCode, , MMORPG, WindowsClient, Base, Installed, 0, 22034432
96, 59750fd671df554600000009, 0x4655DF71D60F7559, , <ShaderCode>, MMORPG-WindowsClient, 25755648, 22618112, 426980, 426980, 0x002bdac111c243b2ac37246168e76385d5a6e223, ShaderCode, , MMORPG, WindowsClient, Base, Installed, 0, 22618112
97, cb43e400839e8d4000000009, 0x408D9E8300E443CB, , <ShaderCode>, MMORPG-WindowsClient, 26214400, 23046144, 25794, 25794, 0x2d79c11362782a5fd9451c833757e3b15988d1e6, ShaderCode, , MMORPG, WindowsClient, Base, Installed, 0, 23046144
98, 1b34368961d8e01e00000009, 0x1EE0D8618936341B, , <ShaderCode>, MMORPG-WindowsClient, 26279936, 23072768, 391960, 391960, 0xc39b574df58e701a7640be5470198f3995118c64, ShaderCode, , MMORPG, WindowsClient, Base, Installed, 0, 23072768
99, 40c0ace8333a77dc00000009, 0xDC773A33E8ACC040, , <ShaderCode>, MMORPG-WindowsClient, 26673152, 23465984, 17660, 17660, 0x3086ebe0649a47598c8245b914ada8fda2de67e9, ShaderCode, , MMORPG, WindowsClient, Base, Installed, 0, 23465984
100, 2b3ee527966a23e900000009, 0xE9236A9627E53E2B, , <ShaderCode>, MMORPG-WindowsClient, 26738688, 23484416, 383328, 383328, 0x6d683ad6356fbb346ba577ebf1ef6d981ed8cb9e, ShaderCode, , MMORPG, WindowsClient, Base, Installed, 0, 23484416
101, ef4fd3304115578800000009, 0x8857154130D34FEF, , <ShaderCode>, MMORPG-WindowsClient, 27131904, 23869440, 2661, 2661, 0x3585d16b57b53d63cb3dff103510f2ab757bf82a, ShaderCode, , MMORPG, WindowsClient, Base, Installed, 0, 23869440
102, 1dd883804279464c00000009, 0x4C4679428083D81D, , <ShaderCode>, MMORPG-WindowsClient, 27197440, 23873536, 15857, 15857, 0x92db1532dd54463f703e961e89dbef8bd56d7459, ShaderCode, , MMORPG, WindowsClient, Base, Installed, 0, 23873536
103, 127604815027c75300000009, 0x53C7275081047612, , <ShaderCode>, MMORPG-WindowsClient, 27262976, 23889920, 25639, 25639, 0xaf5d8b53679dca43bf505c78cc78f5590f3bb5dc, ShaderCode, , MMORPG, WindowsClient, Base, Installed, 0, 23889920
104, 07770e92c3d7a00600000009, 0x6A0D7C3920E7707, , <ShaderCode>, MMORPG-WindowsClient, 27328512, 23916544, 375065, 375065, 0xc230e7175ca9377a89b20d937986ba722fe680c4, ShaderCode, , MMORPG, WindowsClient, Base, Installed, 0, 23916544
105, 2299b1839b2ebd6900000009, 0x69BD2E9B83B19922, , <ShaderCode>, MMORPG-WindowsClient, 27721728, 24293376, 325694, 325694, 0x159d712fd45f8997814dd48e3380d6b6ac0894fa, ShaderCode, , MMORPG, WindowsClient, Base, Installed, 0, 24293376
106, 3b70b984b5a92fe000000009, 0xE02FA9B584B9703B, , <ShaderCode>, MMORPG-WindowsClient, 28049408, 24621056, 150670, 150670, 0xb0478295f9d0a87c4a6a30654a3f914145546482, ShaderCode, , MMORPG, WindowsClient, Base, Installed, 0, 24621056
107, a617bc5c0d4319a800000009, 0xA819430D5CBC17A6, , <ShaderCode>, MMORPG-WindowsClient, 28246016, 24772608, 12471, 12471, 0x6696179aa191a3182e309616c227d25cf4838092, ShaderCode, , MMORPG, WindowsClient, Base, Installed, 0, 24772608
108, c564eef06865cb4f00000009, 0x4FCB6568F0EE64C5, , <ShaderCode>, MMORPG-WindowsClient, 28311552, 24786944, 554366, 554366, 0xfc56e7d05a161d0943c614b9a737a7c24c14b587, ShaderCode, , MMORPG, WindowsClient, Base, Installed, 0, 24786944
109, 0988419949b2520a00000009, 0xA52B24999418809, , <ShaderCode>, MMORPG-WindowsClient, 28901376, 25341952, 169679, 169679, 0xeadc43323ff52af4f80fe0ce3bd8628e46b474cb, ShaderCode, , MMORPG, WindowsClient, Base, Installed, 0, 25341952
110, 4bf990906b7fd4a900000009, 0xA9D47F6B9090F94B, , <ShaderCode>, MMORPG-WindowsClient, 29097984, 25511936, 12523, 12523, 0xd70153aea5ce523d8f9f56ee435cbd5a28d71889, ShaderCode, , MMORPG, WindowsClient, Base, Installed, 0, 25511936
111, d915e9d27394c94b00000009, 0x4BC99473D2E915D9, , <ShaderCode>, MMORPG-WindowsClient, 29163520, 25526272, 226114, 226114, 0x22c078d3b870a9e1c413376b835c1b96cd70f1b8, ShaderCode, , MMORPG, WindowsClient, Base, Installed, 0, 25526272
112, 7d8d9a9c51d4991e00000009, 0x1E99D4519C9A8D7D, , <ShaderCode>, MMORPG-WindowsClient, 29425664, 25753600, 131685, 131685, 0x370848d5b4f105c848b3d609d93c6347825ab70e, ShaderCode, , MMORPG, WindowsClient, Base, Installed, 0, 25753600
113, e58c53a9d8d00f7000000009, 0x700FD0D8A9538CE5, , <ShaderCode>, MMORPG-WindowsClient, 29622272, 25886720, 374790, 374790, 0x4c7f821835aa89e20fca5713b6cda5f25d44fe7d, ShaderCode, , MMORPG, WindowsClient, Base, Installed, 0, 25886720
114, 4d5ccbb6f2e3b70f00000009, 0xFB7E3F2B6CB5C4D, , <ShaderCode>, MMORPG-WindowsClient, 30015488, 26263552, 446310, 446310, 0x4fe169d3de325b01654f94c09f00feb358360fd0, ShaderCode, , MMORPG, WindowsClient, Base, Installed, 0, 26263552
115, 4cbc4b6fddae328f00000009, 0x8F32AEDD6F4BBC4C, , <ShaderCode>, MMORPG-WindowsClient, 30474240, 26710016, 488506, 488506, 0x257925c3ba059076b15dff168c44500968b4f3dd, ShaderCode, , MMORPG, WindowsClient, Base, Installed, 0, 26710016
116, aa3527676d65213200000009, 0x3221656D672735AA, , <ShaderCode>, MMORPG-WindowsClient, 30998528, 27199488, 39818, 39818, 0xf22bf32b2b910abf2369ed209652232029751a29, ShaderCode, , MMORPG, WindowsClient, Base, Installed, 0, 27199488
117, 5de2d98d67af3c9200000009, 0x923CAF678DD9E25D, , <ShaderCode>, MMORPG-WindowsClient, 31064064, 27240448, 2043, 2043, 0xa08214523aed19c11fbf89d6a1a91f61a7c3bcbb, ShaderCode, , MMORPG, WindowsClient, Base, Installed, 0, 27240448
118, 6e34ee2f547c496400000009, 0x64497C542FEE346E, , <ShaderCode>, MMORPG-WindowsClient, 31129600, 27242496, 375173, 375173, 0xae1d9f4614799f3e12c918665e44a74703fc201a, ShaderCode, , MMORPG, WindowsClient, Base, Installed, 0, 27242496
119, ee00a5e150c1a03500000009, 0x35A0C150E1A500EE, , <ShaderCode>, MMORPG-WindowsClient, 31522816, 27619328, 522235, 522235, 0xd5727d4562eefe19b5d0a97ae5aa839d780bd625, ShaderCode, , MMORPG, WindowsClient, Base, Installed, 0, 27619328
120, d9e656e2c76fb6aa00000009, 0xAAB66FC7E256E6D9, , <ShaderCode>, MMORPG-WindowsClient, 32047104, 28141568, 187406, 187406, 0xc8f2d10217086373a18b7a1b7810fc6f4ce49b9d, ShaderCode, , MMORPG, WindowsClient, Base, Installed, 0, 28141568
121, 56893d2c654a086700000009, 0x67084A652C3D8956, , <ShaderCode>, MMORPG-WindowsClient, 32243712, 28329984, 190837, 190837, 0xec2114fe74b46b9b86e19fc0a95cda6bf1455343, ShaderCode, , MMORPG, WindowsClient, Base, Installed, 0, 28329984
122, a1d43d535b9d6ed500000009, 0xD56E9D5B533DD4A1, , <ShaderCode>, MMORPG-WindowsClient, 32440320, 28522496, 163883, 163883, 0x543a9c58f2a49df8e6229e86b6074203924c3ad2, ShaderCode, , MMORPG, WindowsClient, Base, Installed, 0, 28522496
123, 006ad429138ae2fd00000009, 0xFDE28A1329D46A00, , <ShaderCode>, MMORPG-WindowsClient, 32636928, 28688384, 545745, 545745, 0x9c281e438651e05ec665be45d45ffc3072b633e7, ShaderCode, , MMORPG, WindowsClient, Base, Installed, 0, 28688384
124, ed138da616959dae00000009, 0xAE9D9516A68D13ED, , <ShaderCode>, MMORPG-WindowsClient, 33226752, 29235200, 46293, 46293, 0x437d7fec02effcceb564a0f9c9359a1a02464028, ShaderCode, , MMORPG, WindowsClient, Base, Installed, 0, 29235200
125, ce3c0485df3853fd00000009, 0xFD5338DF85043CCE, , <ShaderCode>, MMORPG-WindowsClient, 33292288, 29282304, 478632, 478632, 0x8bbbb5c82a0453e30a695a824185d9d8d9bc7082, ShaderCode, , MMORPG, WindowsClient, Base, Installed, 0, 29282304
126, b3e5f99b7277657a00000009, 0x7A6577729BF9E5B3, , <ShaderCode>, MMORPG-WindowsClient, 33816576, 29761536, 210479, 210479, 0x17b39fce39d1ade15aa0a9fa2399ef7518742615, ShaderCode, , MMORPG, WindowsClient, Base, Installed, 0, 29761536
127, dacb8c3b7fd1340800000009, 0x834D17F3B8CCBDA, , <ShaderCode>, MMORPG-WindowsClient, 34078720, 29972480, 176663, 176663, 0x6b7a35701da41b1a978711cf930e1c50509ae4f5, ShaderCode, , MMORPG, WindowsClient, Base, Installed, 0, 29972480
128, d8db4fe5dfe02dc400000009, 0xC42DE0DFE54FDBD8, , <ShaderCode>, MMORPG-WindowsClient, 34275328, 30150656, 532940, 532940, 0x2729d4e8d5dfae50faac1010ecf1430f05ec229a, ShaderCode, , MMORPG, WindowsClient, Base, Installed, 0, 30150656
129, 98d1583965a74ca500000009, 0xA54CA7653958D198, , <ShaderCode>, MMORPG-WindowsClient, 34865152, 30685184, 34496, 34496, 0x9ec737a6dfbf50b13b0b616433ec1a75aa4ef6ab, ShaderCode, , MMORPG, WindowsClient, Base, Installed, 0, 30685184
130, c6de2c1ff8a8417e00000009, 0x7E41A8F81F2CDEC6, , <ShaderCode>, MMORPG-WindowsClient, 34930688, 30720000, 23717, 23717, 0x85ed4fceea6e584701e6113208a341e22a44f92c, ShaderCode, , MMORPG, WindowsClient, Base, Installed, 0, 30720000
131, a828e0e619a4cc5e00000009, 0x5ECCA419E6E028A8, , <ShaderCode>, MMORPG-WindowsClient, 34996224, 30744576, 510964, 510964, 0x14f3e1664c865c0755b15fb74b3dae0d5171080e, ShaderCode, , MMORPG, WindowsClient, Base, Installed, 0, 30744576
132, 19edfd3794fd992b00000009, 0x2B99FD9437FDED19, , <ShaderCode>, MMORPG-WindowsClient, 35520512, 31256576, 89882, 89882, 0xff8e3abdd962bab3ad854d8daab8b9ca3b868640, ShaderCode, , MMORPG, WindowsClient, Base, Installed, 0, 31256576
133, 65fa18e7e6e8017100000009, 0x7101E8E6E718FA65, , <ShaderCode>, MMORPG-WindowsClient, 35651584, 31346688, 484920, 484920, 0x2a672681785c78ad0e990e2a305daf8f317090fe, ShaderCode, , MMORPG, WindowsClient, Base, Installed, 0, 31346688
134, 31168374a58ddd9900000009, 0x99DD8DA574831631, , <ShaderCode>, MMORPG-WindowsClient, 36175872, 31832064, 541965, 541965, 0xb57193a2c5a1b461eda4a0849139dc43f669b242, ShaderCode, , MMORPG, WindowsClient, Base, Installed, 0, 31832064
135, faaf6aaccbde96d000000009, 0xD096DECBAC6AAFFA, , <ShaderCode>, MMORPG-WindowsClient, 36765696, 32374784, 266838, 266838, 0x9a835d73311bb926d0087b25297fe9f2d58c47ca, ShaderCode, , MMORPG, WindowsClient, Base, Installed, 0, 32374784
136, 858ada1c0129240300000009, 0x32429011CDA8A85, , <ShaderCode>, MMORPG-WindowsClient, 37093376, 32643072, 5953, 5953, 0x08b64cd7bd66240924e235512c89644222ee54d4, ShaderCode, , MMORPG, WindowsClient, Base, Installed, 0, 32643072
137, d76ca5e071c5405300000009, 0x5340C571E0A56CD7, , <ShaderCode>, MMORPG-WindowsClient, 37158912, 32649216, 15965, 15965, 0x786812b9c52b6ff676b0326864d3fbae9887097e, ShaderCode, , MMORPG, WindowsClient, Base, Installed, 0, 32649216
138, f5ec0c3b5514c41e00000009, 0x1EC414553B0CECF5, , <ShaderCode>, MMORPG-WindowsClient, 37224448, 32665600, 3323, 3323, 0x1a65671273592c9faecdd85471e4ebe253d1053e, ShaderCode, , MMORPG, WindowsClient, Base, Installed, 0, 32665600
139, 515c83449f49787500000009, 0x7578499F44835C51, , <ShaderCode>, MMORPG-WindowsClient, 37289984, 32669696, 40081, 40081, 0x0819169aa0d1b4d8c42a4e8a37dc73f1e579de09, ShaderCode, , MMORPG, WindowsClient, Base, Installed, 0, 32669696
140, dd255ffd5a18f4d900000009, 0xD9F4185AFD5F25DD, , <ShaderCode>, MMORPG-WindowsClient, 37355520, 32710656, 344965, 344965, 0x7d664c8c0d87b46221b1f28b14007f37769f26b2, ShaderCode, , MMORPG, WindowsClient, Base, Installed, 0, 32710656
141, a693f3985eacb96e00000009, 0x6EB9AC5E98F393A6, , <ShaderCode>, MMORPG-WindowsClient, 37748736, 33056768, 12213, 12213, 0x000fd230ef4aa84beb7012f81a9af7ecd81289eb, ShaderCode, , MMORPG, WindowsClient, Base, Installed, 0, 33056768
142, a6de5fadbaa5dcd300000009, 0xD3DCA5BAAD5FDEA6, , <ShaderCode>, MMORPG-WindowsClient, 37814272, 33069056, 15738, 15738, 0x273ad94e635820f3aa4ce665206980f386fee739, ShaderCode, , MMORPG, WindowsClient, Base, Installed, 0, 33069056
143, 8e1b71a94bc4499700000009, 0x9749C44BA9711B8E, , <ShaderCode>, MMORPG-WindowsClient, 37879808, 33085440, 525717, 525717, 0xae1b70e0f90acdc87dc92ce7b16a2f720d17d9e3, ShaderCode, , MMORPG, WindowsClient, Base, Installed, 0, 33085440
144, d1d0a9fc5492cfab00000009, 0xABCF9254FCA9D0D1, , <ShaderCode>, MMORPG-WindowsClient, 38469632, 33611776, 76617, 76617, 0x2fec17e1e57e3740eef64096ddd7783a9ff99590, ShaderCode, , MMORPG, WindowsClient, Base, Installed, 0, 33611776
145, e27bbc3a859446d200000009, 0xD24694853ABC7BE2, , <ShaderCode>, MMORPG-WindowsClient, 38600704, 33689600, 26632, 26632, 0x18687bc5de6bfc7807c273a2562c2fb3c46b21d1, ShaderCode, , MMORPG, WindowsClient, Base, Installed, 0, 33689600
146, 34042bf93f95ccc000000009, 0xC0CC953FF92B0434, , <ShaderCode>, MMORPG-WindowsClient, 38666240, 33718272, 377708, 377708, 0xa3bafcd6614b7b9301b124e278ab2ec94e935be3, ShaderCode, , MMORPG, WindowsClient, Base, Installed, 0, 33718272
147, 85c1d7c0f5b8af1f00000009, 0x1FAFB8F5C0D7C185, , <ShaderCode>, MMORPG-WindowsClient, 39059456, 34097152, 111069, 111069, 0xc6f5dec0e763087113469e905c6fd78b8dbc18c2, ShaderCode, , MMORPG, WindowsClient, Base, Installed, 0, 34097152
148, 7ad0ce70483a402200000009, 0x22403A4870CED07A, , <ShaderCode>, MMORPG-WindowsClient, 39190528, 34209792, 6303, 6303, 0x6ff0c879924cb3094a653c395d0922736a6f6bb7, ShaderCode, , MMORPG, WindowsClient, Base, Installed, 0, 34209792
149, 9abc546c1fc5689d00000009, 0x9D68C51F6C54BC9A, , <ShaderCode>, MMORPG-WindowsClient, 39256064, 34217984, 548915, 548915, 0x668812b67624cb68f1a3dd08814722a9c11c9188, ShaderCode, , MMORPG, WindowsClient, Base, Installed, 0, 34217984
150, 1517ddbf1d63abb800000009, 0xB8AB631DBFDD1715, , <ShaderCode>, MMORPG-WindowsClient, 39845888, 34768896, 48299, 48299, 0xe70218c922e36460c34f59c0f4d7ba1181eed505, ShaderCode, , MMORPG, WindowsClient, Base, Installed, 0, 34768896
151, d05e006983eb0ed600000009, 0xD60EEB8369005ED0, , <ShaderCode>, MMORPG-WindowsClient, 39911424, 34818048, 104601, 104601, 0xe273b0d55eba6431156cd8de8d90a0eb29ce7d05, ShaderCode, , MMORPG, WindowsClient, Base, Installed, 0, 34818048
152, e7f559206e432bc700000009, 0xC72B436E2059F5E7, , <ShaderCode>, MMORPG-WindowsClient, 40042496, 34924544, 337359, 337359, 0x0fa2726918b931d1a60d302f91c8658c256f65be, ShaderCode, , MMORPG, WindowsClient, Base, Installed, 0, 34924544
153, d4a936833f7ad02300000009, 0x23D07A3F8336A9D4, , <ShaderCode>, MMORPG-WindowsClient, 40435712, 35262464, 24139, 24139, 0xc74d06f623be899cc64903c5e2d72296fdf8423b, ShaderCode, , MMORPG, WindowsClient, Base, Installed, 0, 35262464
154, 7e014e011a6b328a00000009, 0x8A326B1A014E017E, , <ShaderCode>, MMORPG-WindowsClient, 40501248, 35287040, 590403, 590403, 0xb69e0ca7e0c7ff7c57533d86d4e341452a50c87b, ShaderCode, , MMORPG, WindowsClient, Base, Installed, 0, 35287040
155, 2075483afa39406700000009, 0x674039FA3A487520, , <ShaderCode>, MMORPG-WindowsClient, 41156608, 35878912, 24279, 24279, 0x87b60711601c3754049ac382141c84ea2b8c0f24, ShaderCode, , MMORPG, WindowsClient, Base, Installed, 0, 35878912
156, 84aab2630e6c082b00000009, 0x2B086C0E63B2AA84, , <ShaderCode>, MMORPG-WindowsClient, 41222144, 35903488, 36385, 36385, 0xc100ae9ff7855cdecb1d022afd9b762140fc44c9, ShaderCode, , MMORPG, WindowsClient, Base, Installed, 0, 35903488
157, 1b23643f457df89f00000009, 0x9FF87D453F64231B, , <ShaderCode>, MMORPG-WindowsClient, 41287680, 35940352, 8995, 8995, 0x3f2d3fb7dbcc493cc2278b7ca03264cc249efadb, ShaderCode, , MMORPG, WindowsClient, Base, Installed, 0, 35940352
158, 3abd768cc209bfea00000009, 0xEABF09C28C76BD3A, , <ShaderCode>, MMORPG-WindowsClient, 41353216, 35950592, 14729, 14729, 0x5d562191d1c8b3a96ebbc4d1338381064ca9989d, ShaderCode, , MMORPG, WindowsClient, Base, Installed, 0, 35950592
159, a1d47809bdcf4ff400000009, 0xF44FCFBD0978D4A1, , <ShaderCode>, MMORPG-WindowsClient, 41418752, 35966976, 50170, 50170, 0x45d61ed79d1715662c7c612e3564926868871b90, ShaderCode, , MMORPG, WindowsClient, Base, Installed, 0, 35966976
160, 5d06b13bb4a98e5700000009, 0x578EA9B43BB1065D, , <ShaderCode>, MMORPG-WindowsClient, 41484288, 36018176, 272171, 272171, 0xbe59cf8caeaaef306ad05b1ad72d282e2a1100a6, ShaderCode, , MMORPG, WindowsClient, Base, Installed, 0, 36018176
161, 2386c7666398603900000009, 0x3960986366C78623, , <ShaderCode>, MMORPG-WindowsClient, 41811968, 36290560, 577887, 577887, 0xf12236688acc41568443bcb36af455a0fcbae12e, ShaderCode, , MMORPG, WindowsClient, Base, Installed, 0, 36290560
162, 0a47a8a27032243700000009, 0x37243270A2A8470A, , <ShaderCode>, MMORPG-WindowsClient, 42401792, 36870144, 3922, 3922, 0x0c8d8920a502030227c93dc8397281dc62524f15, ShaderCode, , MMORPG, WindowsClient, Base, Installed, 0, 36870144
163, 71914546ec2a978100000009, 0x81972AEC46459171, , <ShaderCode>, MMORPG-WindowsClient, 42467328, 36874240, 2924, 2924, 0x2f8978452209e2db3db5d84497d31535e249be49, ShaderCode, , MMORPG, WindowsClient, Base, Installed, 0, 36874240
164, bee2540396cbcf0a00000009, 0xACFCB960354E2BE, , <ShaderCode>, MMORPG-WindowsClient, 42532864, 36878336, 77488, 77488, 0xb8ebe7b00d6f3597757177c65a4344adeb3aa0f6, ShaderCode, , MMORPG, WindowsClient, Base, Installed, 0, 36878336
165, c99ee06c01ffd70f00000009, 0xFD7FF016CE09EC9, , <ShaderCode>, MMORPG-WindowsClient, 42663936, 36956160, 10801, 10801, 0xf2697cd9f601b0023adb310cfd24d75cf5c009fd, ShaderCode, , MMORPG, WindowsClient, Base, Installed, 0, 36956160
166, 4d2bfbe61384c1b900000009, 0xB9C18413E6FB2B4D, , <ShaderCode>, MMORPG-WindowsClient, 42729472, 36968448, 396644, 396644, 0x5f640cac8c734ce0c17229b9a7f06fe2f7e69a8f, ShaderCode, , MMORPG, WindowsClient, Base, Installed, 0, 36968448
167, 8d67d22f6f8de2c100000009, 0xC1E28D6F2FD2678D, , <ShaderCode>, MMORPG-WindowsClient, 43188224, 37365760, 31299, 31299, 0xd1dd055ce53ee16f7dd4baba9ac6d55ff5e0c8f1, ShaderCode, , MMORPG, WindowsClient, Base, Installed, 0, 37365760
168, 00bdae5d0d0b2ed800000009, 0xD82E0B0D5DAEBD00, , <ShaderCode>, MMORPG-WindowsClient, 43253760, 37398528, 10038, 10038, 0x7ae45a055e20a31c502fe19eccd7be25c023e002, ShaderCode, , MMORPG, WindowsClient, Base, Installed, 0, 37398528
169, 86674e687a50caad00000009, 0xADCA507A684E6786, , <ShaderCode>, MMORPG-WindowsClient, 43319296, 37408768, 8234, 8234, 0x826bb51a3fb4dc9d48b121e3e5b68a3b991bdd2c, ShaderCode, , MMORPG, WindowsClient, Base, Installed, 0, 37408768
170, 2ef5384db3b2c17e00000009, 0x7EC1B2B34D38F52E, , <ShaderCode>, MMORPG-WindowsClient, 43384832, 37419008, 6594, 6594, 0x7ceb8d6a130abd7776d9571139930ecf0c22dc7b, ShaderCode, , MMORPG, WindowsClient, Base, Installed, 0, 37419008
171, b8e0ebafa1b5c1e900000009, 0xE9C1B5A1AFEBE0B8, , <ShaderCode>, MMORPG-WindowsClient, 43450368, 37427200, 15121, 15121, 0x9a8f7a12655e5fa90ad5d47df151fd8616ec65c0, ShaderCode, , MMORPG, WindowsClient, Base, Installed, 0, 37427200
172, ec746ea2bf56634800000009, 0x486356BFA26E74EC, , <ShaderCode>, MMORPG-WindowsClient, 43515904, 37443584, 130037, 130037, 0xd7dd1bfd0a8a37df398e8c7ae5c01071d32a1832, ShaderCode, , MMORPG, WindowsClient, Base, Installed, 0, 37443584
173, d7d1f608f483d3c600000009, 0xC6D383F408F6D1D7, , <ShaderCode>, MMORPG-WindowsClient, 43646976, 37574656, 17852, 17852, 0xcf40554f1a5f43d9fd44517b680b834b07eb7681, ShaderCode, , MMORPG, WindowsClient, Base, Installed, 0, 37574656
174, 4cb4a779874c5ff600000009, 0xF65F4C8779A7B44C, , <ShaderCode>, MMORPG-WindowsClient, 43712512, 37593088, 496278, 496278, 0x4c1568da18c321eb0793a950147159988ed3e4be, ShaderCode, , MMORPG, WindowsClient, Base, Installed, 0, 37593088
175, 6702b663c85cd1f600000009, 0xF6D15CC863B60267, , <ShaderCode>, MMORPG-WindowsClient, 44236800, 38090752, 6382, 6382, 0xd3ce99b8826d5fc92c67bcb4c22dcf96ce9e207c, ShaderCode, , MMORPG, WindowsClient, Base, Installed, 0, 38090752
176, 200295bec44039a800000009, 0xA83940C4BE950220, , <ShaderCode>, MMORPG-WindowsClient, 44302336, 38098944, 13462, 13462, 0x2113998f6cc49e2f72f6d27cb0ef47b5e92e17e1, ShaderCode, , MMORPG, WindowsClient, Base, Installed, 0, 38098944
177, 9200909e66791c2100000009, 0x211C79669E900092, , <ShaderCode>, MMORPG-WindowsClient, 44367872, 38113280, 13662, 13662, 0x6746ce7c8c1f45f2ad12066a325545ca180906d2, ShaderCode, , MMORPG, WindowsClient, Base, Installed, 0, 38113280
178, 5cc6794f5f19a53100000009, 0x31A5195F4F79C65C, , <ShaderCode>, MMORPG-WindowsClient, 44433408, 38127616, 212813, 212813, 0xf1a9e26be524825ead703d18bfb1acd51e234587, ShaderCode, , MMORPG, WindowsClient, Base, Installed, 0, 38127616
179, 175e672910e8afa400000009, 0xA4AFE81029675E17, , <ShaderCode>, MMORPG-WindowsClient, 44695552, 38340608, 608882, 608882, 0x85244a27159082bef4a355c14be4c1f9c9cc624e, ShaderCode, , MMORPG, WindowsClient, Base, Installed, 0, 38340608
180, 1b003e1f2ab7035a00000009, 0x5A03B72A1F3E001B, , <ShaderCode>, MMORPG-WindowsClient, 45350912, 38950912, 11736, 11736, 0x0ed52094b20b00224a113b4b2ed1c80ba5d31714, ShaderCode, , MMORPG, WindowsClient, Base, Installed, 0, 38950912
181, 594fcf8f7034637d00000009, 0x7D6334708FCF4F59, , <ShaderCode>, MMORPG-WindowsClient, 45416448, 38963200, 515933, 515933, 0xdef0e2c441245ee46594a4161d37f4241e8860bd, ShaderCode, , MMORPG, WindowsClient, Base, Installed, 0, 38963200
182, 68af9a36b67f603700000009, 0x37607FB6369AAF68, , <ShaderCode>, MMORPG-WindowsClient, 45940736, 39479296, 5752, 5752, 0x5f814f557077655b5b3f69cb57c3fceaac7c2959, ShaderCode, , MMORPG, WindowsClient, Base, Installed, 0, 39479296
183, 00f7370440c58bbc00000009, 0xBC8BC5400437F700, , <ShaderCode>, MMORPG-WindowsClient, 46006272, 39485440, 547764, 547764, 0xd942d29f09772c2802b0d0aa24fa71d97b66a188, ShaderCode, , MMORPG, WindowsClient, Base, Installed, 0, 39485440
184, da3036dafe1531b100000009, 0xB13115FEDA3630DA, , <ShaderCode>, MMORPG-WindowsClient, 46596096, 40034304, 13447, 13447, 0xb3865f27d336b657659fbcb5735c8023be2fea11, ShaderCode, , MMORPG, WindowsClient, Base, Installed, 0, 40034304
185, a85d0d4bc46feb9400000009, 0x94EB6FC44B0D5DA8, , <ShaderCode>, MMORPG-WindowsClient, 46661632, 40048640, 552302, 552302, 0xf7c49a1c9c4135ddb4563d1bc7351e5e3375904a, ShaderCode, , MMORPG, WindowsClient, Base, Installed, 0, 40048640
186, 214010099904a1fc00000009, 0xFCA1049909104021, , <ShaderCode>, MMORPG-WindowsClient, 47251456, 40601600, 3967, 3967, 0xabc347f60c8e029bdf98921eca7e3af4b3b31504, ShaderCode, , MMORPG, WindowsClient, Base, Installed, 0, 40601600
187, 19d3e6491b98eabe00000009, 0xBEEA981B49E6D319, , <ShaderCode>, MMORPG-WindowsClient, 47316992, 40605696, 12846, 12846, 0x8ecafe27abd85544b3b993ce3e6faf869939f9dc, ShaderCode, , MMORPG, WindowsClient, Base, Installed, 0, 40605696
188, b465164a2c70f7b600000009, 0xB6F7702C4A1665B4, , <ShaderCode>, MMORPG-WindowsClient, 47382528, 40620032, 4500, 4500, 0xea5c8d2ca05fc95e08267b44a9d4b49c17efe674, ShaderCode, , MMORPG, WindowsClient, Base, Installed, 0, 40620032
189, cb29f92437985d4b00000009, 0x4B5D983724F929CB, , <ShaderCode>, MMORPG-WindowsClient, 47448064, 40626176, 425624, 425624, 0xafdaa3da5292171a1f684d337477934e3c664143, ShaderCode, , MMORPG, WindowsClient, Base, Installed, 0, 40626176
190, 794fd1e0c3809ed900000009, 0xD99E80C3E0D14F79, , <ShaderCode>, MMORPG-WindowsClient, 47906816, 41052160, 122927, 122927, 0x430e3f5243933e8fd4bb2217ac6b4fe67bd5566d, ShaderCode, , MMORPG, WindowsClient, Base, Installed, 0, 41052160
191, 96e908f8f4e557b400000009, 0xB457E5F4F808E996, , <ShaderCode>, MMORPG-WindowsClient, 48037888, 41177088, 6114, 6114, 0x8401114e13d96b01bb601a50c12ddcc83317af97, ShaderCode, , MMORPG, WindowsClient, Base, Installed, 0, 41177088
192, fb48eebf509bfc0500000009, 0x5FC9B50BFEE48FB, , <ShaderCode>, MMORPG-WindowsClient, 48103424, 41183232, 11178, 11178, 0x53f0360122306dfe232335e465ddfb323d5a2860, ShaderCode, , MMORPG, WindowsClient, Base, Installed, 0, 41183232
193, 4aabd0035804d75f00000009, 0x5FD7045803D0AB4A, , <ShaderCode>, MMORPG-WindowsClient, 48168960, 41195520, 4650, 4650, 0xa5dc5502207bc0328e7203f99f63b3f46b73991b, ShaderCode, , MMORPG, WindowsClient, Base, Installed, 0, 41195520
194, a682bfbd36aa6d3900000009, 0x396DAA36BDBF82A6, , <ShaderCode>, MMORPG-WindowsClient, 48234496, 41201664, 365869, 365869, 0xdc5e9d7226619be771ae1a0a8a77de59e87eb414, ShaderCode, , MMORPG, WindowsClient, Base, Installed, 0, 41201664
195, 706fc1626632606100000009, 0x6160326662C16F70, , <ShaderCode>, MMORPG-WindowsClient, 48627712, 41568256, 9919, 9919, 0xa4aa1ba357d3a3c0091d9237097414cb8b5037ad, ShaderCode, , MMORPG, WindowsClient, Base, Installed, 0, 41568256
196, aab50339e5a5294c00000009, 0x4C29A5E53903B5AA, , <ShaderCode>, MMORPG-WindowsClient, 48693248, 41578496, 283395, 283395, 0xd4071584822dbd59149a06cf3a466c4b6d654deb, ShaderCode, , MMORPG, WindowsClient, Base, Installed, 0, 41578496
197, 8e8f66441367d1ba00000009, 0xBAD1671344668F8E, , <ShaderCode>, MMORPG-WindowsClient, 49020928, 41863168, 120151, 120151, 0xb9a9391986a2f3a4228328766e0664ae001c6b32, ShaderCode, , MMORPG, WindowsClient, Base, Installed, 0, 41863168
198, 61a1800f0496fb2b00000009, 0x2BFB96040F80A161, , <ShaderCode>, MMORPG-WindowsClient, 49152000, 41984000, 498836, 498836, 0xfbe1074d0ed4b9c4687649997b463892aa8f7744, ShaderCode, , MMORPG, WindowsClient, Base, Installed, 0, 41984000
199, 2c5c5f23f8c1bd6100000009, 0x61BDC1F8235F5C2C, , <ShaderCode>, MMORPG-WindowsClient, 49676288, 42483712, 7097, 7097, 0x58bbae6abf0265487d50701597e362ebcf03f474, ShaderCode, , MMORPG, WindowsClient, Base, Installed, 0, 42483712
200, 52668080771706f800000009, 0xF806177780806652, , <ShaderCode>, MMORPG-WindowsClient, 49741824, 42491904, 5234, 5234, 0x36c9f74cfe56a4f748cb20803f8064cb05c4b77c, ShaderCode, , MMORPG, WindowsClient, Base, Installed, 0, 42491904
201, c37515cb48f9fa9800000009, 0x98FAF948CB1575C3, , <ShaderCode>, MMORPG-WindowsClient, 49807360, 42498048, 5025, 5025, 0x340791e048152d8c97246088275aa0e65b1a2483, ShaderCode, , MMORPG, WindowsClient, Base, Installed, 0, 42498048
202, 4a5de64b4e95d7d800000009, 0xD8D7954E4BE65D4A, , <ShaderCode>, MMORPG-WindowsClient, 49872896, 42504192, 18884, 18884, 0xe6877374c13a49b4db0a911c47b1ed5551123524, ShaderCode, , MMORPG, WindowsClient, Base, Installed, 0, 42504192
203, 065d0156a678ecd300000009, 0xD3EC78A656015D06, , <ShaderCode>, MMORPG-WindowsClient, 49938432, 42524672, 373768, 373768, 0xbb961231b1301f119e83baa8383cc3e03656c041, ShaderCode, , MMORPG, WindowsClient, Base, Installed, 0, 42524672
204, 176d2afe145f226f00000009, 0x6F225F14FE2A6D17, , <ShaderCode>, MMORPG-WindowsClient, 50331648, 42899456, 258792, 258792, 0xc88c68a1485f1c6bd42c0035be77e9209461c57c, ShaderCode, , MMORPG, WindowsClient, Base, Installed, 0, 42899456
205, 96cbb95fa3ae539400000009, 0x9453AEA35FB9CB96, , <ShaderCode>, MMORPG-WindowsClient, 50593792, 43159552, 485313, 485313, 0xb252d88c74a63b51755dd2cdc0271b2bf9b0c20e, ShaderCode, , MMORPG, WindowsClient, Base, Installed, 0, 43159552
206, 0e053b629dcbdb1c00000009, 0x1CDBCB9D623B050E, , <ShaderCode>, MMORPG-WindowsClient, 51118080, 43644928, 36751, 36751, 0x683f7b1ddfd5eb66161144616014ef2f0ac62722, ShaderCode, , MMORPG, WindowsClient, Base, Installed, 0, 43644928
207, 0a301dd56f6ce75800000009, 0x58E76C6FD51D300A, , <ShaderCode>, MMORPG-WindowsClient, 51183616, 43681792, 258939, 258939, 0x3e789a4d4c646225a7cb95e400ea1a427eefcd4f, ShaderCode, , MMORPG, WindowsClient, Base, Installed, 0, 43681792
208, ed5b481e5fe877dc00000009, 0xDC77E85F1E485BED, , <ShaderCode>, MMORPG-WindowsClient, 51445760, 43941888, 592676, 592676, 0x2b8071ede602825b0f8a637fa6d7bb16633961b4, ShaderCode, , MMORPG, WindowsClient, Base, Installed, 0, 43941888
209, dbd1a44500dff6ce00000009, 0xCEF6DF0045A4D1DB, , <ShaderCode>, MMORPG-WindowsClient, 52101120, 44535808, 11629, 11629, 0x9f05024fc95f23fb4d73b87997c4792d96787d9b, ShaderCode, , MMORPG, WindowsClient, Base, Installed, 0, 44535808
210, 88f5a52f418f2bc000000009, 0xC02B8F412FA5F588, , <ShaderCode>, MMORPG-WindowsClient, 52166656, 44548096, 369809, 369809, 0xb5f4426206773307234e6433ac03cbe18a8c15d9, ShaderCode, , MMORPG, WindowsClient, Base, Installed, 0, 44548096
211, 4b4d222547cd20d400000009, 0xD420CD4725224D4B, , <ShaderCode>, MMORPG-WindowsClient, 52559872, 44918784, 378028, 378028, 0x9d1077122170e63ce72fd7ac05443285137ea190, ShaderCode, , MMORPG, WindowsClient, Base, Installed, 0, 44918784
212, 8720b8293fd1e54b00000009, 0x4BE5D13F29B82087, , <ShaderCode>, MMORPG-WindowsClient, 52953088, 45297664, 18538, 18538, 0xd3109154512a8d8beef2e55f1ffd2956c337c650, ShaderCode, , MMORPG, WindowsClient, Base, Installed, 0, 45297664
213, 1161665c66d8fa3b00000009, 0x3BFAD8665C666111, , <ShaderCode>, MMORPG-WindowsClient, 53018624, 45318144, 10396, 10396, 0x02bea47ed805b31c009f1a43e24c7783d15b913e, ShaderCode, , MMORPG, WindowsClient, Base, Installed, 0, 45318144
214, 0d8e5c0ae8da5b1900000009, 0x195BDAE80A5C8E0D, , <ShaderCode>, MMORPG-WindowsClient, 53084160, 45330432, 22654, 22654, 0xafbed5308aa883f315d5b778ac811da99c6150c3, ShaderCode, , MMORPG, WindowsClient, Base, Installed, 0, 45330432
215, 1b168d57a3d0da9c00000009, 0x9CDAD0A3578D161B, , <ShaderCode>, MMORPG-WindowsClient, 53149696, 45355008, 507380, 507380, 0x8391424e03256051b0fd64663b2831dbd7a20764, ShaderCode, , MMORPG, WindowsClient, Base, Installed, 0, 45355008
216, 15344d3928cd818800000009, 0x8881CD28394D3415, , <ShaderCode>, MMORPG-WindowsClient, 53673984, 45862912, 209449, 209449, 0x341aa533ff86c6b7883f40deda23a0b2f5e02a50, ShaderCode, , MMORPG, WindowsClient, Base, Installed, 0, 45862912
217, 7e8b714ac5aecee600000009, 0xE6CEAEC54A718B7E, , <ShaderCode>, MMORPG-WindowsClient, 53936128, 46073856, 25633, 25633, 0xe2dc929ae4c850ad8d14486bdee679639286c173, ShaderCode, , MMORPG, WindowsClient, Base, Installed, 0, 46073856
218, 416fbc33b961fbfb00000009, 0xFBFB61B933BC6F41, , <ShaderCode>, MMORPG-WindowsClient, 54001664, 46100480, 6373, 6373, 0x771ba83c8dfa3edba3a3d50b669fd7852a02ecf3, ShaderCode, , MMORPG, WindowsClient, Base, Installed, 0, 46100480
219, 42669ffc6684421100000009, 0x11428466FC9F6642, , <ShaderCode>, MMORPG-WindowsClient, 54067200, 46108672, 490935, 490935, 0xd1c0afae9aaa40b4750ac94f7a0719f0f7fcd421, ShaderCode, , MMORPG, WindowsClient, Base, Installed, 0, 46108672
220, 5bad9c242c130a1c00000009, 0x1C0A132C249CAD5B, , <ShaderCode>, MMORPG-WindowsClient, 54591488, 46600192, 18830, 18830, 0x3559bd35b6e29ed089a11dd0a00d0e79ef3e4374, ShaderCode, , MMORPG, WindowsClient, Base, Installed, 0, 46600192
221, b1ce95482cb0f24000000009, 0x40F2B02C4895CEB1, , <ShaderCode>, MMORPG-WindowsClient, 54657024, 46620672, 447439, 447439, 0x3a0e3a335ac716da2d831fb09ea2878573712074, ShaderCode, , MMORPG, WindowsClient, Base, Installed, 0, 46620672
222, ecdba644126c332e00000009, 0x2E336C1244A6DBEC, , <ShaderCode>, MMORPG-WindowsClient, 55115776, 47069184, 418145, 418145, 0xcc609fe938a251602b594c4fcddc5e454c8da615, ShaderCode, , MMORPG, WindowsClient, Base, Installed, 0, 47069184
223, b2f29687f76cc0de00000009, 0xDEC06CF78796F2B2, , <ShaderCode>, MMORPG-WindowsClient, 55574528, 47489024, 7926, 7926, 0xab438f48baff1f0e82aec3fdecffe4369fb82229, ShaderCode, , MMORPG, WindowsClient, Base, Installed, 0, 47489024
224, bc4d90e3ebab03cc00000009, 0xCC03ABEBE3904DBC, , <ShaderCode>, MMORPG-WindowsClient, 55640064, 47497216, 86165, 86165, 0xb8efe9e780269269c753b19eaeba0f5b0429d597, ShaderCode, , MMORPG, WindowsClient, Base, Installed, 0, 47497216
225, 9b68eb38187093b600000009, 0xB693701838EB689B, , <ShaderCode>, MMORPG-WindowsClient, 55771136, 47585280, 36252, 36252, 0x67d60c0ef23f260e953e53431b10d35d85b536b5, ShaderCode, , MMORPG, WindowsClient, Base, Installed, 0, 47585280
226, ecebc77d9d7d812e00000009, 0x2E817D9D7DC7EBEC, , <ShaderCode>, MMORPG-WindowsClient, 55836672, 47622144, 517794, 517794, 0x329e1eb809328944375e8a8ab5f3b64c331acc20, ShaderCode, , MMORPG, WindowsClient, Base, Installed, 0, 47622144
227, 1c9bec2a6b534fee00000009, 0xEE4F536B2AEC9B1C, , <ShaderCode>, MMORPG-WindowsClient, 56360960, 48140288, 530239, 530239, 0x86d754cd45e5416791b1fbd94514198d95c9b67f, ShaderCode, , MMORPG, WindowsClient, Base, Installed, 0, 48140288
228, ee2345c23b082b0800000009, 0x82B083BC24523EE, , <ShaderCode>, MMORPG-WindowsClient, 56950784, 48670720, 6333, 6333, 0x69a923a05e71819700c53af433008771fdb0713e, ShaderCode, , MMORPG, WindowsClient, Base, Installed, 0, 48670720
229, 1f31937873724d7800000009, 0x784D72737893311F, , <ShaderCode>, MMORPG-WindowsClient, 57016320, 48678912, 447194, 447194, 0x495f7cf8bee78e53e269957e32d79e2dcbb92dbe, ShaderCode, , MMORPG, WindowsClient, Base, Installed, 0, 48678912
230, 6759dcc48c8336a300000009, 0xA336838CC4DC5967, , <ShaderCode>, MMORPG-WindowsClient, 57475072, 49127424, 34687, 34687, 0xa57949dc74f89542f4e8d0ca5e84c829a102e0c6, ShaderCode, , MMORPG, WindowsClient, Base, Installed, 0, 49127424
231, 9763415f6d80470500000009, 0x547806D5F416397, , <ShaderCode>, MMORPG-WindowsClient, 57540608, 49162240, 21861, 21861, 0xd3b4a43eb1943ae0fe4b090ad64db4d7a1be9969, ShaderCode, , MMORPG, WindowsClient, Base, Installed, 0, 49162240
232, f8472e7be0fc77fb00000009, 0xFB77FCE07B2E47F8, , <ShaderCode>, MMORPG-WindowsClient, 57606144, 49184768, 4099, 4099, 0xd1f622cd90c1462141299aeaf37a1ff8e480114d, ShaderCode, , MMORPG, WindowsClient, Base, Installed, 0, 49184768
233, 87fd6658142a2adc00000009, 0xDC2A2A145866FD87, , <ShaderCode>, MMORPG-WindowsClient, 57671680, 49190912, 504910, 504910, 0x220616c7d9bd94f7a14b654c927edd6ea45c9e33, ShaderCode, , MMORPG, WindowsClient, Base, Installed, 0, 49190912
234, 7ba916a92843863900000009, 0x39864328A916A97B, , <ShaderCode>, MMORPG-WindowsClient, 58195968, 49696768, 65137, 65137, 0x2673b8f00cf27cc656d386f50d07a02e9363af50, ShaderCode, , MMORPG, WindowsClient, Base, Installed, 0, 49696768
235, 7a04310aa0da565c00000009, 0x5C56DAA00A31047A, , <ShaderCode>, MMORPG-WindowsClient, 58261504, 49762304, 8896, 8896, 0x656b5746c86e7c7ff42cccdcb8380645e7b5a74a, ShaderCode, , MMORPG, WindowsClient, Base, Installed, 0, 49762304
236, 05d39dfa0113ee7400000009, 0x74EE1301FA9DD305, , <ShaderCode>, MMORPG-WindowsClient, 58327040, 49772544, 8886, 8886, 0x578b2c00f5b766406f709ac3b957e55f343c9204, ShaderCode, , MMORPG, WindowsClient, Base, Installed, 0, 49772544
237, 5ba62fc234f7508700000009, 0x8750F734C22FA65B, , <ShaderCode>, MMORPG-WindowsClient, 58392576, 49782784, 21061, 21061, 0x7081b0dc5ae0d06cbd15c75e45e288dc1c3f086e, ShaderCode, , MMORPG, WindowsClient, Base, Installed, 0, 49782784
238, 307b7b8d53ddf8aa00000009, 0xAAF8DD538D7B7B30, , <ShaderCode>, MMORPG-WindowsClient, 58458112, 49805312, 18231, 18231, 0x974cc14afaad76f69d6468a6b8afb7d6488399c4, ShaderCode, , MMORPG, WindowsClient, Base, Installed, 0, 49805312
239, 74bc7dd16d881c3600000009, 0x361C886DD17DBC74, , <ShaderCode>, MMORPG-WindowsClient, 58523648, 49823744, 11558, 11558, 0x4a017841861ed24925501d9b394f45ac1b854ead, ShaderCode, , MMORPG, WindowsClient, Base, Installed, 0, 49823744
240, 62f28b28488c447f00000009, 0x7F448C48288BF262, , <ShaderCode>, MMORPG-WindowsClient, 58589184, 49836032, 588104, 588104, 0x126c27f2327bc98e762b09909de8ffe9be2050c2, ShaderCode, , MMORPG, WindowsClient, Base, Installed, 0, 49836032
241, 272cfae930c1bd5700000009, 0x57BDC130E9FA2C27, , <ShaderCode>, MMORPG-WindowsClient, 59179008, 50425856, 7614, 7614, 0x4d22694b05364ab510135b1b6f6ff7e35eb46620, ShaderCode, , MMORPG, WindowsClient, Base, Installed, 0, 50425856
242, 41ea952cbf69a4ab00000009, 0xABA469BF2C95EA41, , <ShaderCode>, MMORPG-WindowsClient, 59244544, 50434048, 4203, 4203, 0x300eacc84eedd7301f4725246c59dd3f8ef64c02, ShaderCode, , MMORPG, WindowsClient, Base, Installed, 0, 50434048
243, 02d9b5df16b4af6d00000009, 0x6DAFB416DFB5D902, , <ShaderCode>, MMORPG-WindowsClient, 59310080, 50440192, 397732, 397732, 0xecb4e735f4eba9309154e6b471b30da051461856, ShaderCode, , MMORPG, WindowsClient, Base, Installed, 0, 50440192
244, 2aaa10513b1a563800000009, 0x38561A3B5110AA2A, , <ShaderCode>, MMORPG-WindowsClient, 59768832, 50839552, 539053, 539053, 0xc86f27fd7134038b158c578d686ed5171f251a8a, ShaderCode, , MMORPG, WindowsClient, Base, Installed, 0, 50839552
245, 12ad0738aae30e3c00000009, 0x3C0EE3AA3807AD12, , <ShaderCode>, MMORPG-WindowsClient, 60358656, 51380224, 15083, 15083, 0x2087507dd8eca99e0d1c2920ce69901bc2308085, ShaderCode, , MMORPG, WindowsClient, Base, Installed, 0, 51380224
246, 0f1be2ac0a02e38b00000009, 0x8BE3020AACE21B0F, , <ShaderCode>, MMORPG-WindowsClient, 60424192, 51396608, 4307, 4307, 0xd94592f4fcb58865b2690af0e3bec6e4a4040d1e, ShaderCode, , MMORPG, WindowsClient, Base, Installed, 0, 51396608
247, 6c5200b6b987939100000009, 0x919387B9B600526C, , <ShaderCode>, MMORPG-WindowsClient, 60489728, 51402752, 435152, 435152, 0xceb72ac4fcb114ace50b2be7c94c0e9f071685f5, ShaderCode, , MMORPG, WindowsClient, Base, Installed, 0, 51402752
248, f45388e135ec2d3e00000009, 0x3E2DEC35E18853F4, , <ShaderCode>, MMORPG-WindowsClient, 60948480, 51838976, 179763, 179763, 0x9a87d6ee6133cacb89b8e141bce12171b1c537d3, ShaderCode, , MMORPG, WindowsClient, Base, Installed, 0, 51838976
249, 70ac58e3663858da00000009, 0xDA583866E358AC70, , <ShaderCode>, MMORPG-WindowsClient, 61145088, 52019200, 2090, 2090, 0x3f9b2b9a008d007f86231030a7f594d60e804c4c, ShaderCode, , MMORPG, WindowsClient, Base, Installed, 0, 52019200
250, 792c72da2e60861900000009, 0x1986602EDA722C79, , <ShaderCode>, MMORPG-WindowsClient, 61210624, 52023296, 58230, 58230, 0x2c2f64956a200d5c4dc350e9fe91c9e3c6186194, ShaderCode, , MMORPG, WindowsClient, Base, Installed, 0, 52023296
251, e4e46bde9e48022b00000009, 0x2B02489EDE6BE4E4, , <ShaderCode>, MMORPG-WindowsClient, 61276160, 52082688, 3802, 3802, 0x2543ac8f936497699f49031904539dbe11404c3a, ShaderCode, , MMORPG, WindowsClient, Base, Installed, 0, 52082688
252, f04d6870bf9c25c900000009, 0xC9259CBF70684DF0, , <ShaderCode>, MMORPG-WindowsClient, 61341696, 52086784, 8593, 8593, 0x7e04c82f106e5283094036a06ab71823ff183c6e, ShaderCode, , MMORPG, WindowsClient, Base, Installed, 0, 52086784
253, 3c737cf80fd8832e00000009, 0x2E83D80FF87C733C, , <ShaderCode>, MMORPG-WindowsClient, 61407232, 52097024, 13089, 13089, 0x7e87f56c7ddbf2ae6f296b97e24f6ee01de9e10f, ShaderCode, , MMORPG, WindowsClient, Base, Installed, 0, 52097024
254, 7fd7cf013994d38500000009, 0x85D3943901CFD77F, , <ShaderCode>, MMORPG-WindowsClient, 61472768, 52111360, 515554, 515554, 0x0ab7752310ff53524631af08fd836a9d1c0945e0, ShaderCode, , MMORPG, WindowsClient, Base, Installed, 0, 52111360
255, 8438f070ec369e3100000009, 0x319E36EC70F03884, , <ShaderCode>, MMORPG-WindowsClient, 61997056, 52627456, 35169, 35169, 0xbff087713b22972a836802df224df2901d1a5e2c, ShaderCode, , MMORPG, WindowsClient, Base, Installed, 0, 52627456
256, 44a0d003a16a842b00000009, 0x2B846AA103D0A044, , <ShaderCode>, MMORPG-WindowsClient, 62062592, 52664320, 50336, 50336, 0x1748cc3c8d795c6e9782d9ea9e269e808b285c84, ShaderCode, , MMORPG, WindowsClient, Base, Installed, 0, 52664320
257, addc35ee8fa53a9f00000009, 0x9F3AA58FEE35DCAD, , <ShaderCode>, MMORPG-WindowsClient, 62128128, 52715520, 544439, 544439, 0xf1410bc90f55c9ef401138129ac6c3617159d423, ShaderCode, , MMORPG, WindowsClient, Base, Installed, 0, 52715520
258, d1e9692a2ab4abc600000009, 0xC6ABB42A2A69E9D1, , <ShaderCode>, MMORPG-WindowsClient, 62717952, 53260288, 4447, 4447, 0xc938ca925ecb62b324fb7a881816ac01f2c03fab, ShaderCode, , MMORPG, WindowsClient, Base, Installed, 0, 53260288
259, bad5688ced3adc5400000009, 0x54DC3AED8C68D5BA, , <ShaderCode>, MMORPG-WindowsClient, 62783488, 53266432, 40530, 40530, 0xd006c054b86dc6d47494441998abb5b18d5764dd, ShaderCode, , MMORPG, WindowsClient, Base, Installed, 0, 53266432
260, e976dbdae6c929a100000009, 0xA129C9E6DADB76E9, , <ShaderCode>, MMORPG-WindowsClient, 62849024, 53307392, 124891, 124891, 0xbbc2e266d412ff1b851706768a640671474c96cf, ShaderCode, , MMORPG, WindowsClient, Base, Installed, 0, 53307392
261, d4879ad5acca87d100000009, 0xD187CAACD59A87D4, , <ShaderCode>, MMORPG-WindowsClient, 62980096, 53432320, 37456, 37456, 0x85cbfab103ec5e43d1429d4c12088bed6483d6c9, ShaderCode, , MMORPG, WindowsClient, Base, Installed, 0, 53432320
262, a43068ca1586438000000009, 0x80438615CA6830A4, , <ShaderCode>, MMORPG-WindowsClient, 63045632, 53471232, 5195, 5195, 0x8bc694f5a02898dd2b2a34d3ff665c008e7c8047, ShaderCode, , MMORPG, WindowsClient, Base, Installed, 0, 53471232
263, 272d846a30d572e800000009, 0xE872D5306A842D27, , <ShaderCode>, MMORPG-WindowsClient, 63111168, 53477376, 11047, 11047, 0x9093ff27d3300eaffa33b2d97e40cca6ab74f3e5, ShaderCode, , MMORPG, WindowsClient, Base, Installed, 0, 53477376
264, cfe94333f5b6efa400000009, 0xA4EFB6F53343E9CF, , <ShaderCode>, MMORPG-WindowsClient, 63176704, 53489664, 35947, 35947, 0x7f59845a86dd4b88528417eabaeec638b18ec0a6, ShaderCode, , MMORPG, WindowsClient, Base, Installed, 0, 53489664
265, 0a335d46be0857b400000009, 0xB45708BE465D330A, , <ShaderCode>, MMORPG-WindowsClient, 63242240, 53526528, 7009, 7009, 0xd03a20cc13f8ef39e381938922a1c628f3c4ff2e, ShaderCode, , MMORPG, WindowsClient, Base, Installed, 0, 53526528
266, a4647acacd39244b00000009, 0x4B2439CDCA7A64A4, , <ShaderCode>, MMORPG-WindowsClient, 63307776, 53534720, 76169, 76169, 0xd41379ead89cc3bca9e4a537229645e9c8c4342a, ShaderCode, , MMORPG, WindowsClient, Base, Installed, 0, 53534720
267, 1c3288109d501a5400000009, 0x541A509D1088321C, , <ShaderCode>, MMORPG-WindowsClient, 63438848, 53612544, 31122, 31122, 0x8b91a6a9ca9a7d4e52f89bd2602d347a98843d58, ShaderCode, , MMORPG, WindowsClient, Base, Installed, 0, 53612544
268, 3c522879353ff8d900000009, 0xD9F83F357928523C, , <ShaderCode>, MMORPG-WindowsClient, 63504384, 53645312, 50365, 50365, 0x554672133bb6745336e646828e45b9508cd1adba, ShaderCode, , MMORPG, WindowsClient, Base, Installed, 0, 53645312
269, 35bd570c25fa305500000009, 0x5530FA250C57BD35, , <ShaderCode>, MMORPG-WindowsClient, 63569920, 53696512, 12468, 12468, 0x8b05e74160f6d2575f1c7672929aceedc8127cdf, ShaderCode, , MMORPG, WindowsClient, Base, Installed, 0, 53696512
270, 92e2da3e41896bbb00000009, 0xBB6B89413EDAE292, , <ShaderCode>, MMORPG-WindowsClient, 63635456, 53710848, 50016, 50016, 0x94f214a8f23d37db10c70d93e30945be41875da2, ShaderCode, , MMORPG, WindowsClient, Base, Installed, 0, 53710848
271, 27c457ede0a205fb00000009, 0xFB05A2E0ED57C427, , <ShaderCode>, MMORPG-WindowsClient, 63700992, 53762048, 4008, 4008, 0xf42dc38bb2c1ba2e87d309738b35355e6e8c53f8, ShaderCode, , MMORPG, WindowsClient, Base, Installed, 0, 53762048
272, b8cd5b3c8a9aadd100000009, 0xD1AD9A8A3C5BCDB8, , <ShaderCode>, MMORPG-WindowsClient, 63766528, 53766144, 3060, 3060, 0x1b7df493bff5ccafeb6d3b6b2c3d9bb99f400912, ShaderCode, , MMORPG, WindowsClient, Base, Installed, 0, 53766144
273, 4aeba830f018353c00000009, 0x3C3518F030A8EB4A, , <ShaderCode>, MMORPG-WindowsClient, 63832064, 53770240, 322002, 322002, 0xb8a282f5ded1e998f7208cb775b812df1dabd78e, ShaderCode, , MMORPG, WindowsClient, Base, Installed, 0, 53770240
274, 93551de80d87be6500000009, 0x65BE870DE81D5593, , <ShaderCode>, MMORPG-WindowsClient, 64159744, 54093824, 7494, 7494, 0xaf55eea9aba490616c29538d4cb41e40b18bfcb8, ShaderCode, , MMORPG, WindowsClient, Base, Installed, 0, 54093824
275, 6c7945770ebd911300000009, 0x1391BD0E7745796C, , <ShaderCode>, MMORPG-WindowsClient, 64225280, 54102016, 12948, 12948, 0x389e7fbb0b7135d3173b7e02b841b271a2f8421c, ShaderCode, , MMORPG, WindowsClient, Base, Installed, 0, 54102016
276, eb3b577d844b48f100000009, 0xF1484B847D573BEB, , <ShaderCode>, MMORPG-WindowsClient, 64290816, 54116352, 6372, 6372, 0xde7da0c94e444ff24e11f8a34a44b22acafbe90c, ShaderCode, , MMORPG, WindowsClient, Base, Installed, 0, 54116352
277, 371583d910ae490900000009, 0x949AE10D9831537, , <ShaderCode>, MMORPG-WindowsClient, 64356352, 54124544, 10771, 10771, 0x00b0df41d05f2c30d65176ab924e858a67fe6cf2, ShaderCode, , MMORPG, WindowsClient, Base, Installed, 0, 54124544
278, 0e8be8a37f44291600000009, 0x1629447FA3E88B0E, , <ShaderCode>, MMORPG-WindowsClient, 64421888, 54136832, 4424, 4424, 0x574b4a387a6c70c51c7940fe4a8f829e50aa98a6, ShaderCode, , MMORPG, WindowsClient, Base, Installed, 0, 54136832
279, f2877ffee9dc43c200000009, 0xC243DCE9FE7F87F2, , <ShaderCode>, MMORPG-WindowsClient, 64487424, 54142976, 5252, 5252, 0xa6b29cadc96f5712c153b0e56ac30bc2b29544f9, ShaderCode, , MMORPG, WindowsClient, Base, Installed, 0, 54142976
280, b13cb7857b1a8d1b00000009, 0x1B8D1A7B85B73CB1, , <ShaderCode>, MMORPG-WindowsClient, 64552960, 54149120, 576434, 576434, 0xc61ad3d423151cbf6f70ff539f3839a2c04d44ba, ShaderCode, , MMORPG, WindowsClient, Base, Installed, 0, 54149120
281, 306aed5927dcbe7500000009, 0x75BEDC2759ED6A30, , <ShaderCode>, MMORPG-WindowsClient, 65142784, 54726656, 9313, 9313, 0x8b75135ec72a82dd300bcceb19056a4a228d4406, ShaderCode, , MMORPG, WindowsClient, Base, Installed, 0, 54726656
282, 8dde2ba05328c14600000009, 0x46C12853A02BDE8D, , <ShaderCode>, MMORPG-WindowsClient, 65208320, 54736896, 6786, 6786, 0xaf25b85a0334e1670da1fbbc64cccb2d2eebb482, ShaderCode, , MMORPG, WindowsClient, Base, Installed, 0, 54736896
283, 530cba7da61a808800000009, 0x88801AA67DBA0C53, , <ShaderCode>, MMORPG-WindowsClient, 65273856, 54745088, 103377, 103377, 0xe333cde864c1806a0c8891a3dffc97d30df03bd8, ShaderCode, , MMORPG, WindowsClient, Base, Installed, 0, 54745088
284, 30fd0fb9af7da5a700000009, 0xA7A57DAFB90FFD30, , <ShaderCode>, MMORPG-WindowsClient, 65404928, 54849536, 59788, 59788, 0xabaf944a1102f46833d66926fa7efd42ef341199, ShaderCode, , MMORPG, WindowsClient, Base, Installed, 0, 54849536
285, 2e9013b114a9f59d00000009, 0x9DF5A914B113902E, , <ShaderCode>, MMORPG-WindowsClient, 65470464, 54910976, 238809, 238809, 0x14957bd7f89a876e5786141d065cad2ba5345201, ShaderCode, , MMORPG, WindowsClient, Base, Installed, 0, 54910976
286, d566dcf2f951fe5100000009, 0x51FE51F9F2DC66D5, , <ShaderCode>, MMORPG-WindowsClient, 65732608, 55150592, 1746, 1746, 0x8af7ebaddf2dc5ce0a7ab6bfc73f6c33960b92d4, ShaderCode, , MMORPG, WindowsClient, Base, Installed, 0, 55150592
287, 2678d08ee009490200000009, 0x24909E08ED07826, , <ShaderCode>, MMORPG-WindowsClient, 65798144, 55152640, 7828, 7828, 0x2d059ec942ce13adbd6ff803cce7f97894bcea5d, ShaderCode, , MMORPG, WindowsClient, Base, Installed, 0, 55152640
288, 9bcf4a6e3230332a00000009, 0x2A3330326E4ACF9B, , <ShaderCode>, MMORPG-WindowsClient, 65863680, 55160832, 4728, 4728, 0x20503bce1e33c472b2075313888e98057907ba2a, ShaderCode, , MMORPG, WindowsClient, Base, Installed, 0, 55160832
289, e138d081aa7d204200000009, 0x42207DAA81D038E1, , <ShaderCode>, MMORPG-WindowsClient, 65929216, 55166976, 6183, 6183, 0x06f1ef83f6b1cbc29977a888f42d8540a725c6df, ShaderCode, , MMORPG, WindowsClient, Base, Installed, 0, 55166976
290, c41f3444d905a9e400000009, 0xE4A905D944341FC4, , <ShaderCode>, MMORPG-WindowsClient, 65994752, 55175168, 24106, 24106, 0xbe907aef257a47acf089a7f27d1b1362b4dbe134, ShaderCode, , MMORPG, WindowsClient, Base, Installed, 0, 55175168
291, bf588141ff238e8900000009, 0x898E23FF418158BF, , <ShaderCode>, MMORPG-WindowsClient, 66060288, 55199744, 32638, 32638, 0x85c2159da4d20f605191b8f235faecccfe11d9e2, ShaderCode, , MMORPG, WindowsClient, Base, Installed, 0, 55199744
292, af10a7e01b09280900000009, 0x928091BE0A710AF, , <ShaderCode>, MMORPG-WindowsClient, 66125824, 55232512, 110585, 110585, 0x48330ced2a1473b80d60e011f7b63fa292bef543, ShaderCode, , MMORPG, WindowsClient, Base, Installed, 0, 55232512
293, 9b24c488114cb63600000009, 0x36B64C1188C4249B, , <ShaderCode>, MMORPG-WindowsClient, 66256896, 55343104, 1771, 1771, 0x2e2390cd39a255a2190753efd0138c8b630f2fb7, ShaderCode, , MMORPG, WindowsClient, Base, Installed, 0, 55343104
294, 97b91c74cac11d1b00000009, 0x1B1DC1CA741CB997, , <ShaderCode>, MMORPG-WindowsClient, 66322432, 55345152, 7108, 7108, 0xbd7ee24a72864313d6e42ecf750c4b471cf17096, ShaderCode, , MMORPG, WindowsClient, Base, Installed, 0, 55345152
295, 5e6ae6fd4472ed7a00000009, 0x7AED7244FDE66A5E, , <ShaderCode>, MMORPG-WindowsClient, 66387968, 55353344, 584745, 584745, 0xbeb925f1b7ca9ba81eae55a5c60e89a06afbe6f8, ShaderCode, , MMORPG, WindowsClient, Base, Installed, 0, 55353344
296, eb80d96a89d1124500000009, 0x4512D1896AD980EB, , <ShaderCode>, MMORPG-WindowsClient, 66977792, 55939072, 2214, 2214, 0xac388ca7755b39cb0b7d67f8f69330ba398783e4, ShaderCode, , MMORPG, WindowsClient, Base, Installed, 0, 55939072
297, e396704e5e5efc6d00000009, 0x6DFC5E5E4E7096E3, , <ShaderCode>, MMORPG-WindowsClient, 67043328, 55943168, 9508, 9508, 0xecfdb4c60c1855794f0bd05a1be1c81d2a6445f4, ShaderCode, , MMORPG, WindowsClient, Base, Installed, 0, 55943168
298, a97f0a235708f0b800000009, 0xB8F00857230A7FA9, , <ShaderCode>, MMORPG-WindowsClient, 67108864, 55953408, 2922, 2922, 0x84edaba905b66510dd94d57eb4b4c4d0d942e4ff, ShaderCode, , MMORPG, WindowsClient, Base, Installed, 0, 55953408
299, 53c4427ec2da28d100000009, 0xD128DAC27E42C453, , <ShaderCode>, MMORPG-WindowsClient, 67174400, 55957504, 22664, 22664, 0x6c7debb33bb4cdc572d2162ec25e2e185b9af096, ShaderCode, , MMORPG, WindowsClient, Base, Installed, 0, 55957504
300, ca99ca19d03b6a7e00000009, 0x7E6A3BD019CA99CA, , <ShaderCode>, MMORPG-WindowsClient, 67239936, 55982080, 3108, 3108, 0xc560ebc0feb2fd61593cf760161fef4a52d67357, ShaderCode, , MMORPG, WindowsClient, Base, Installed, 0, 55982080
301, 42169b49238053b800000009, 0xB8538023499B1642, , <ShaderCode>, MMORPG-WindowsClient, 67305472, 55986176, 7217, 7217, 0x1c7ea415dc7303735960ae36df6f4ad1e0c13b9a, ShaderCode, , MMORPG, WindowsClient, Base, Installed, 0, 55986176
302, 56684fb34de6195000000009, 0x5019E64DB34F6856, , <ShaderCode>, MMORPG-WindowsClient, 67371008, 55994368, 6571, 6571, 0xdd6d1c4a5e1a7fbd2bda9bb3b82baa37057dc932, ShaderCode, , MMORPG, WindowsClient, Base, Installed, 0, 55994368
303, cccd6a0f09cd290300000009, 0x329CD090F6ACDCC, , <ShaderCode>, MMORPG-WindowsClient, 67436544, 56002560, 25831, 25831, 0xf3d51914b5b8139c652f832dd368f0b032f3c25e, ShaderCode, , MMORPG, WindowsClient, Base, Installed, 0, 56002560
304, d067d625781c519d00000009, 0x9D511C7825D667D0, , <ShaderCode>, MMORPG-WindowsClient, 67502080, 56029184, 9878, 9878, 0x48d923d5c71c55055ac3bb61ba877a1a29161909, ShaderCode, , MMORPG, WindowsClient, Base, Installed, 0, 56029184
305, 84e79bd86862509e00000009, 0x9E506268D89BE784, , <ShaderCode>, MMORPG-WindowsClient, 67567616, 56039424, 85642, 85642, 0xb0dca3c07854011cbb9a8debca6fc3f02d5c100c, ShaderCode, , MMORPG, WindowsClient, Base, Installed, 0, 56039424
306, 8a162c61291296a500000009, 0xA5961229612C168A, , <ShaderCode>, MMORPG-WindowsClient, 67698688, 56125440, 5655, 5655, 0x9bb20b9dc4922c5b351030834d44fc3815bbf2d6, ShaderCode, , MMORPG, WindowsClient, Base, Installed, 0, 56125440
307, 97c46880a2a2f6d200000009, 0xD2F6A2A28068C497, , <ShaderCode>, MMORPG-WindowsClient, 67764224, 56131584, 538462, 538462, 0x9e11ed1a88535819feefb79f9ee79eef961461c7, ShaderCode, , MMORPG, WindowsClient, Base, Installed, 0, 56131584
308, d2820044394c433b00000009, 0x3B434C39440082D2, , <ShaderCode>, MMORPG-WindowsClient, 68354048, 56670208, 6241, 6241, 0x01ee027a50fa4139638f1ea2799a089eecf8442f, ShaderCode, , MMORPG, WindowsClient, Base, Installed, 0, 56670208
309, d28172e99ac1654500000009, 0x4565C19AE97281D2, , <ShaderCode>, MMORPG-WindowsClient, 68419584, 56678400, 18042, 18042, 0x24e64a193325c5b80feef46e5433e61cb370c49a, ShaderCode, , MMORPG, WindowsClient, Base, Installed, 0, 56678400
310, 89cc3dd344eb115900000009, 0x5911EB44D33DCC89, , <ShaderCode>, MMORPG-WindowsClient, 68485120, 56696832, 7628, 7628, 0x2d117363142919e5d483dae33fee530a55f7ca48, ShaderCode, , MMORPG, WindowsClient, Base, Installed, 0, 56696832
311, 186f6bd369ab3aba00000009, 0xBA3AAB69D36B6F18, , <ShaderCode>, MMORPG-WindowsClient, 68550656, 56705024, 11011, 11011, 0xf2ca68ad1ab34659660d4458f7130eb8a36db12a, ShaderCode, , MMORPG, WindowsClient, Base, Installed, 0, 56705024
312, 4f5f5a7544b38ef200000009, 0xF28EB344755A5F4F, , <ShaderCode>, MMORPG-WindowsClient, 68616192, 56717312, 11367, 11367, 0x4bb35b1e75d45d874918f368ab84df76b7e63f7b, ShaderCode, , MMORPG, WindowsClient, Base, Installed, 0, 56717312
313, 001007bc7f87ef3800000009, 0x38EF877FBC071000, , <ShaderCode>, MMORPG-WindowsClient, 68681728, 56729600, 2102, 2102, 0x34a7ea23ac2a3aa9e7cfa89ceeb55f63f5e16efd, ShaderCode, , MMORPG, WindowsClient, Base, Installed, 0, 56729600
314, 39fb5596184422c200000009, 0xC22244189655FB39, , <ShaderCode>, MMORPG-WindowsClient, 68747264, 56731712, 1953, 1953, 0x3b8a6a000f492ec275be368259b3aa23ef67c71d, ShaderCode, , MMORPG, WindowsClient, Base, Installed, 0, 56731712
315, 5411e4c78cb7a1f000000009, 0xF0A1B78CC7E41154, , <ShaderCode>, MMORPG-WindowsClient, 68812800, 56733696, 497595, 497595, 0xa00f0433787cb19db40041da96d15d3f2a179e4c, ShaderCode, , MMORPG, WindowsClient, Base, Installed, 0, 56733696
316, 1de49ed2a24e2e4300000009, 0x432E4EA2D29EE41D, , <ShaderCode>, MMORPG-WindowsClient, 69337088, 57231360, 6253, 6253, 0x5fcdcab4205edb971a4a325e7db8bc6cdffa1f70, ShaderCode, , MMORPG, WindowsClient, Base, Installed, 0, 57231360
317, 49a4c3de8b354b7a00000009, 0x7A4B358BDEC3A449, , <ShaderCode>, MMORPG-WindowsClient, 69402624, 57239552, 4439, 4439, 0x88f5c9fd50421230eb554a98efa962400cd3a3dc, ShaderCode, , MMORPG, WindowsClient, Base, Installed, 0, 57239552
318, cadbcafd1b827a8400000009, 0x847A821BFDCADBCA, , <ShaderCode>, MMORPG-WindowsClient, 69468160, 57245696, 10313, 10313, 0xcc62dd3cad62fe9c98b70c4fbdb6c4770a3e228b, ShaderCode, , MMORPG, WindowsClient, Base, Installed, 0, 57245696
319, 32fe6c15c8a1155600000009, 0x5615A1C8156CFE32, , <ShaderCode>, MMORPG-WindowsClient, 69533696, 57257984, 13864, 13864, 0xf6ed33248277a54c1737db4e4d2ae733cd8f894d, ShaderCode, , MMORPG, WindowsClient, Base, Installed, 0, 57257984
320, ad7ace2beb15ff3100000009, 0x31FF15EB2BCE7AAD, , <ShaderCode>, MMORPG-WindowsClient, 69599232, 57272320, 8859, 8859, 0x1797fe8d936953be94a9c8562681438c3a3ddcfa, ShaderCode, , MMORPG, WindowsClient, Base, Installed, 0, 57272320
321, c6b48965d1a43fa900000009, 0xA93FA4D16589B4C6, , <ShaderCode>, MMORPG-WindowsClient, 69664768, 57282560, 4358, 4358, 0x77550931aa49d44d99e7ca57a015f4bec029ea5a, ShaderCode, , MMORPG, WindowsClient, Base, Installed, 0, 57282560
322, a438660b0c2c064600000009, 0x46062C0C0B6638A4, , <ShaderCode>, MMORPG-WindowsClient, 69730304, 57288704, 68968, 68968, 0xdf984101295b08e3d0254e20a8593e83ed797afb, ShaderCode, , MMORPG, WindowsClient, Base, Installed, 0, 57288704
323, 5178549ab235a1eb00000009, 0xEBA135B29A547851, , <ShaderCode>, MMORPG-WindowsClient, 69861376, 57358336, 32719, 32719, 0x5e870343c83b234bc8507d6abc0fcfab6e1bfccc, ShaderCode, , MMORPG, WindowsClient, Base, Installed, 0, 57358336
324, a31791603fc50e8000000009, 0x800EC53F609117A3, , <ShaderCode>, MMORPG-WindowsClient, 69926912, 57391104, 11212, 11212, 0xf0f78308cb0d25e5fddb7cfe1f671b158ff7e5ed, ShaderCode, , MMORPG, WindowsClient, Base, Installed, 0, 57391104
325, 8640b0d909f904d700000009, 0xD704F909D9B04086, , <ShaderCode>, MMORPG-WindowsClient, 69992448, 57403392, 21461, 21461, 0x25f2e54d600dc187be4c11633d18e413f5f92170, ShaderCode, , MMORPG, WindowsClient, Base, Installed, 0, 57403392
326, 535ea343b0d3846c00000009, 0x6C84D3B043A35E53, , <ShaderCode>, MMORPG-WindowsClient, 70057984, 57425920, 2963, 2963, 0x458c919cf734585c27ed5284f7b014e5034515a8, ShaderCode, , MMORPG, WindowsClient, Base, Installed, 0, 57425920
327, c614becc2390e32200000009, 0x22E39023CCBE14C6, , <ShaderCode>, MMORPG-WindowsClient, 70123520, 57430016, 3262, 3262, 0x676b9097ef6fa83f86b94f98c03d408a12fc492a, ShaderCode, , MMORPG, WindowsClient, Base, Installed, 0, 57430016
328, 722c1ce4f09aa2db00000009, 0xDBA29AF0E41C2C72, , <ShaderCode>, MMORPG-WindowsClient, 70189056, 57434112, 10614, 10614, 0x16894e7bcbe5563f86b22acec3d3d634bae76d02, ShaderCode, , MMORPG, WindowsClient, Base, Installed, 0, 57434112
329, 16853df359079a4b00000009, 0x4B9A0759F33D8516, , <ShaderCode>, MMORPG-WindowsClient, 70254592, 57446400, 4457, 4457, 0x7ae28a9d7d561fb93cbef0b4fca5e72c18fcc080, ShaderCode, , MMORPG, WindowsClient, Base, Installed, 0, 57446400
330, 459752dfd8bd06a900000009, 0xA906BDD8DF529745, , <ShaderCode>, MMORPG-WindowsClient, 70320128, 57452544, 2386, 2386, 0x14e80181f188295ac2c492e427422d46896532df, ShaderCode, , MMORPG, WindowsClient, Base, Installed, 0, 57452544
331, 5535e6a2f8ab090400000009, 0x409ABF8A2E63555, , <ShaderCode>, MMORPG-WindowsClient, 70385664, 57456640, 13916, 13916, 0x9304e969d0b72c9e0572d2d9986562ad78b00ca1, ShaderCode, , MMORPG, WindowsClient, Base, Installed, 0, 57456640
332, 2ab8ccef466f422f00000009, 0x2F426F46EFCCB82A, , <ShaderCode>, MMORPG-WindowsClient, 70451200, 57470976, 12229, 12229, 0x39cf3aed6954ad5778f00cb9c50c6e1614c2911c, ShaderCode, , MMORPG, WindowsClient, Base, Installed, 0, 57470976
333, a05f474bb324a3c500000009, 0xC5A324B34B475FA0, , <ShaderCode>, MMORPG-WindowsClient, 70516736, 57483264, 38213, 38213, 0x34bee3bf9b8f9458b05c3c3a3982b0bd9e7a671e, ShaderCode, , MMORPG, WindowsClient, Base, Installed, 0, 57483264
334, cf135a46c063ba8700000009, 0x87BA63C0465A13CF, , <ShaderCode>, MMORPG-WindowsClient, 70582272, 57522176, 8972, 8972, 0x5917e1ba11a4d3cc4ab19cfc3bae0eecbaf3ee65, ShaderCode, , MMORPG, WindowsClient, Base, Installed, 0, 57522176
335, d49598d508dbbb9500000009, 0x95BBDB08D59895D4, , <ShaderCode>, MMORPG-WindowsClient, 70647808, 57532416, 3553, 3553, 0x6aea14face8c8bd2d47dd40cd17d61981fc3dd58, ShaderCode, , MMORPG, WindowsClient, Base, Installed, 0, 57532416
336, 9c51c1317a5b13e400000009, 0xE4135B7A31C1519C, , <ShaderCode>, MMORPG-WindowsClient, 70713344, 57536512, 7157, 7157, 0xc690f6652fea1151c9a9b567fd6d0e76de2625e0, ShaderCode, , MMORPG, WindowsClient, Base, Installed, 0, 57536512
337, dbc78a2bcf315a4400000009, 0x445A31CF2B8AC7DB, , <ShaderCode>, MMORPG-WindowsClient, 70778880, 57544704, 5738, 5738, 0x6f30a7a7ebb1ce60d7d72ce5ce63b2c248d7ae77, ShaderCode, , MMORPG, WindowsClient, Base, Installed, 0, 57544704
338, c67dc2c7d4bb92bb00000009, 0xBB92BBD4C7C27DC6, , <ShaderCode>, MMORPG-WindowsClient, 70844416, 57550848, 12920, 12920, 0x55def53c40ee737871902f6db43dcc90ac415eb9, ShaderCode, , MMORPG, WindowsClient, Base, Installed, 0, 57550848
339, 28449af1636adc8b00000009, 0x8BDC6A63F19A4428, , <ShaderCode>, MMORPG-WindowsClient, 70909952, 57565184, 2684, 2684, 0xe35e10c95182916ebfbc062188f3e5f34b9b3de3, ShaderCode, , MMORPG, WindowsClient, Base, Installed, 0, 57565184
340, b18df62f431ef0b000000009, 0xB0F01E432FF68DB1, , <ShaderCode>, MMORPG-WindowsClient, 70975488, 57569280, 41029, 41029, 0x9ddbf6b2c0d9b928c842bf629b13b17a0668a7ba, ShaderCode, , MMORPG, WindowsClient, Base, Installed, 0, 57569280
341, 46ffd7022cdae21100000009, 0x11E2DA2C02D7FF46, , <ShaderCode>, MMORPG-WindowsClient, 71041024, 57612288, 5882, 5882, 0x2cb3d4b7230c519eb2bb16538c19e3a912bba472, ShaderCode, , MMORPG, WindowsClient, Base, Installed, 0, 57612288
342, ce5387fefb89953000000009, 0x309589FBFE8753CE, , <ShaderCode>, MMORPG-WindowsClient, 71106560, 57618432, 3558, 3558, 0xadb3afc73fae4a0b8fe99b7947849189ab7b0af8, ShaderCode, , MMORPG, WindowsClient, Base, Installed, 0, 57618432
343, 34bf8383994a531800000009, 0x18534A998383BF34, , <ShaderCode>, MMORPG-WindowsClient, 71172096, 57622528, 18802, 18802, 0x17293658d03fe6fdc7121e69338f7e8285f58d78, ShaderCode, , MMORPG, WindowsClient, Base, Installed, 0, 57622528
344, 1112c388b344c04700000009, 0x47C044B388C31211, , <ShaderCode>, MMORPG-WindowsClient, 71237632, 57643008, 17849, 17849, 0x095a90c46381d3ee4256fc2631026871b24f2138, ShaderCode, , MMORPG, WindowsClient, Base, Installed, 0, 57643008
345, 3b510b68f3c69d7b00000009, 0x7B9DC6F3680B513B, , <ShaderCode>, MMORPG-WindowsClient, 71303168, 57661440, 39560, 39560, 0xd6d80dbce7cd150e25b8798a8506886871cd2c63, ShaderCode, , MMORPG, WindowsClient, Base, Installed, 0, 57661440
346, f7ae0af9cdd3bb5e00000009, 0x5EBBD3CDF90AAEF7, , <ShaderCode>, MMORPG-WindowsClient, 71368704, 57702400, 18498, 18498, 0xf64736a234afdea7788466138c714e826eb14504, ShaderCode, , MMORPG, WindowsClient, Base, Installed, 0, 57702400
347, 6a9590e8d87287fd00000009, 0xFD8772D8E890956A, , <ShaderCode>, MMORPG-WindowsClient, 71434240, 57722880, 517153, 517153, 0xc6539988add7857f48471970bc6f0f4982d49856, ShaderCode, , MMORPG, WindowsClient, Base, Installed, 0, 57722880
348, dff2a071578482b200000009, 0xB282845771A0F2DF, , <ShaderCode>, MMORPG-WindowsClient, 71958528, 58241024, 77818, 77818, 0x1812a724b0b8c2975fbefa2e7836e6aecaa50a16, ShaderCode, , MMORPG, WindowsClient, Base, Installed, 0, 58241024
349, c47fc57be088049300000009, 0x930488E07BC57FC4, , <ShaderCode>, MMORPG-WindowsClient, 72089600, 58318848, 2722, 2722, 0x0cacf9079e5cb6033374186ec3ce215de6feb801, ShaderCode, , MMORPG, WindowsClient, Base, Installed, 0, 58318848
350, 0dd49cb41a1dba5f00000009, 0x5FBA1D1AB49CD40D, , <ShaderCode>, MMORPG-WindowsClient, 72155136, 58322944, 8211, 8211, 0x8483a3aa37d96725715275569e28d18781720058, ShaderCode, , MMORPG, WindowsClient, Base, Installed, 0, 58322944
351, 17fa0bdecd1f340800000009, 0x8341FCDDE0BFA17, , <ShaderCode>, MMORPG-WindowsClient, 72220672, 58333184, 28889, 28889, 0x5b036b2e3b3c3cbdb6f3de001dcb6794d75d7e01, ShaderCode, , MMORPG, WindowsClient, Base, Installed, 0, 58333184
352, ca1d266ebbd22de800000009, 0xE82DD2BB6E261DCA, , <ShaderCode>, MMORPG-WindowsClient, 72286208, 58363904, 4005, 4005, 0x1991e51c90cd542601bdcf2990c00ad5bea71792, ShaderCode, , MMORPG, WindowsClient, Base, Installed, 0, 58363904
353, 62fe2852c7ceaf4800000009, 0x48AFCEC75228FE62, , <ShaderCode>, MMORPG-WindowsClient, 72351744, 58368000, 4236, 4236, 0xac1c013495e34a38fef708cb0b01df78c4e9de5b, ShaderCode, , MMORPG, WindowsClient, Base, Installed, 0, 58368000
354, ff36b83721525c9e00000009, 0x9E5C522137B836FF, , <ShaderCode>, MMORPG-WindowsClient, 72417280, 58374144, 115401, 115401, 0xdd200cce3683f895992167f72a5f9c8417ffb0f1, ShaderCode, , MMORPG, WindowsClient, Base, Installed, 0, 58374144
355, 27bbae26ba55e6a000000009, 0xA0E655BA26AEBB27, , <ShaderCode>, MMORPG-WindowsClient, 72548352, 58490880, 7953, 7953, 0x90ffb9208e17d8c1f25c26d8931cdf38a86592c4, ShaderCode, , MMORPG, WindowsClient, Base, Installed, 0, 58490880
356, 9a2e2e230a5a316600000009, 0x66315A0A232E2E9A, , <ShaderCode>, MMORPG-WindowsClient, 72613888, 58499072, 9080, 9080, 0x8d865c7447a148e98e0b371a821761e0815ee5c8, ShaderCode, , MMORPG, WindowsClient, Base, Installed, 0, 58499072
357, b519d4e46808c2c900000009, 0xC9C20868E4D419B5, , <ShaderCode>, MMORPG-WindowsClient, 72679424, 58509312, 133279, 133279, 0x95f8cf37f8c9b500c5609bfd98328194fa2f7d3e, ShaderCode, , MMORPG, WindowsClient, Base, Installed, 0, 58509312
358, d637b0fb7d1825ae00000009, 0xAE25187DFBB037D6, , <ShaderCode>, MMORPG-WindowsClient, 72876032, 58644480, 3507, 3507, 0x3fdf863a4f51f2c3fa4f490195f3309b92a5f362, ShaderCode, , MMORPG, WindowsClient, Base, Installed, 0, 58644480
359, 8e12c6209a0a6edf00000009, 0xDF6E0A9A20C6128E, , <ShaderCode>, MMORPG-WindowsClient, 72941568, 58648576, 2034, 2034, 0x23a5a60c0084296b77a723479fa865186a723508, ShaderCode, , MMORPG, WindowsClient, Base, Installed, 0, 58648576
360, 13c936a0dc0b2de000000009, 0xE02D0BDCA036C913, , <ShaderCode>, MMORPG-WindowsClient, 73007104, 58650624, 13748, 13748, 0xbfb0a1ccd56419498a250eade6d9612fc77d10f9, ShaderCode, , MMORPG, WindowsClient, Base, Installed, 0, 58650624
361, 52ee9c4cf13ff65400000009, 0x54F63FF14C9CEE52, , <ShaderCode>, MMORPG-WindowsClient, 73072640, 58664960, 587483, 587483, 0x19bd47d66285566b40589c632138d89f30dc43ae, ShaderCode, , MMORPG, WindowsClient, Base, Installed, 0, 58664960
362, 822e9c5d5f78049200000009, 0x9204785F5D9C2E82, , <ShaderCode>, MMORPG-WindowsClient, 73662464, 59252736, 5752, 5752, 0x868e7cc22568f58d74376e12e8d36ffbaaa3731d, ShaderCode, , MMORPG, WindowsClient, Base, Installed, 0, 59252736
363, f58b1954c9c833df00000009, 0xDF33C8C954198BF5, , <ShaderCode>, MMORPG-WindowsClient, 73728000, 59258880, 2633, 2633, 0xf05c581d39fa7a12776679fad38101f92ab5ea32, ShaderCode, , MMORPG, WindowsClient, Base, Installed, 0, 59258880
364, 8dc1988e8d94c12f00000009, 0x2FC1948D8E98C18D, , <ShaderCode>, MMORPG-WindowsClient, 73793536, 59262976, 10342, 10342, 0xb9bb41bd5e6149d27efda7869479bf386fc308a9, ShaderCode, , MMORPG, WindowsClient, Base, Installed, 0, 59262976
365, 2a7c990668efd04f00000009, 0x4FD0EF6806997C2A, , <ShaderCode>, MMORPG-WindowsClient, 73859072, 59275264, 3146, 3146, 0x71ed32aeffaeb7aad3ea452e1e3d9c6bb2cbc1e3, ShaderCode, , MMORPG, WindowsClient, Base, Installed, 0, 59275264
366, def321388a285b4d00000009, 0x4D5B288A3821F3DE, , <ShaderCode>, MMORPG-WindowsClient, 73924608, 59279360, 4551, 4551, 0x1e0a550876484858b7f242571d6aee154e31765a, ShaderCode, , MMORPG, WindowsClient, Base, Installed, 0, 59279360
367, 6d3069fbfe36ddf300000009, 0xF3DD36FEFB69306D, , <ShaderCode>, MMORPG-WindowsClient, 73990144, 59285504, 13428, 13428, 0xdb0e9055f9e79babb033ba8739eadd65fd2b5bc6, ShaderCode, , MMORPG, WindowsClient, Base, Installed, 0, 59285504
368, 300786d1e044091b00000009, 0x1B0944E0D1860730, , <ShaderCode>, MMORPG-WindowsClient, 74055680, 59299840, 2224, 2224, 0x47f7590079444bd30c25eb90286f3f6bcdf5ffd9, ShaderCode, , MMORPG, WindowsClient, Base, Installed, 0, 59299840
369, 05757c06ebed2cec00000009, 0xEC2CEDEB067C7505, , <ShaderCode>, MMORPG-WindowsClient, 74121216, 59303936, 2129, 2129, 0x87fda291986545ee9722b1ecd4644f61621189ca, ShaderCode, , MMORPG, WindowsClient, Base, Installed, 0, 59303936
370, 7faba7607c6c19f600000009, 0xF6196C7C60A7AB7F, , <ShaderCode>, MMORPG-WindowsClient, 74186752, 59308032, 1999, 1999, 0xa9653850a4033dce7ca82b775006fa3b6abe532b, ShaderCode, , MMORPG, WindowsClient, Base, Installed, 0, 59308032
371, 482c5f2770bbc58400000009, 0x84C5BB70275F2C48, , <ShaderCode>, MMORPG-WindowsClient, 74252288, 59310080, 3187, 3187, 0x8c2f8eed8d5de25d5a2becdf97afb6a6f647ca2a, ShaderCode, , MMORPG, WindowsClient, Base, Installed, 0, 59310080
372, 2925090aca56fbeb00000009, 0xEBFB56CA0A092529, , <ShaderCode>, MMORPG-WindowsClient, 74317824, 59314176, 6749, 6749, 0x9030023376f7d119d46bb3f4fb6185993f1a5689, ShaderCode, , MMORPG, WindowsClient, Base, Installed, 0, 59314176
373, c3e8cf2d8aeb85bd00000009, 0xBD85EB8A2DCFE8C3, , <ShaderCode>, MMORPG-WindowsClient, 74383360, 59322368, 2895, 2895, 0x39c7635eeba9aba9f7a4f404bc83d398a6cb1248, ShaderCode, , MMORPG, WindowsClient, Base, Installed, 0, 59322368
374, c600744f68d68c8b00000009, 0x8B8CD6684F7400C6, , <ShaderCode>, MMORPG-WindowsClient, 74448896, 59326464, 2606, 2606, 0x82fcb84dd6889a3575ca38054f514fb5f64de2b0, ShaderCode, , MMORPG, WindowsClient, Base, Installed, 0, 59326464
375, 48894908fe474d1300000009, 0x134D47FE08498948, , <ShaderCode>, MMORPG-WindowsClient, 74514432, 59330560, 4818, 4818, 0x421783952a5a3493053eb18a1368f31032ff5d1d, ShaderCode, , MMORPG, WindowsClient, Base, Installed, 0, 59330560
376, b9e7512ce456b2e100000009, 0xE1B256E42C51E7B9, , <ShaderCode>, MMORPG-WindowsClient, 74579968, 59336704, 6513, 6513, 0xf6dfba5711a0838d8cff92ee0cb2b25171d83118, ShaderCode, , MMORPG, WindowsClient, Base, Installed, 0, 59336704
377, 5493965ec764437100000009, 0x714364C75E969354, , <ShaderCode>, MMORPG-WindowsClient, 74645504, 59344896, 11980, 11980, 0x24a73a3c38d86df5d2710c5ec8284c13da72777d, ShaderCode, , MMORPG, WindowsClient, Base, Installed, 0, 59344896
378, 7b2c0a0eef0ed11d00000009, 0x1DD10EEF0E0A2C7B, , <ShaderCode>, MMORPG-WindowsClient, 74711040, 59357184, 53152, 53152, 0xba7782af55e742b44464ab94f64956128418a0b7, ShaderCode, , MMORPG, WindowsClient, Base, Installed, 0, 59357184
379, 93399d39f69946c600000009, 0xC64699F6399D3993, , <ShaderCode>, MMORPG-WindowsClient, 74776576, 59410432, 2563, 2563, 0x162a39177f2d27897920a5240a3954f50fcda0d6, ShaderCode, , MMORPG, WindowsClient, Base, Installed, 0, 59410432
380, 716c009d94605f1e00000009, 0x1E5F60949D006C71, , <ShaderCode>, MMORPG-WindowsClient, 74842112, 59414528, 2055, 2055, 0x3469a176969f312632523a59892ed09a5655376d, ShaderCode, , MMORPG, WindowsClient, Base, Installed, 0, 59414528
381, 80c35a06054f359400000009, 0x94354F05065AC380, , <ShaderCode>, MMORPG-WindowsClient, 74907648, 59418624, 5469, 5469, 0x1b86d2f707179731fef0a0b4d93d4d023d51737d, ShaderCode, , MMORPG, WindowsClient, Base, Installed, 0, 59418624
382, e9ec9fdeba1448e000000009, 0xE04814BADE9FECE9, , <ShaderCode>, MMORPG-WindowsClient, 74973184, 59424768, 2340, 2340, 0x465476d8e802de453764f9d6d7151ae3a953db41, ShaderCode, , MMORPG, WindowsClient, Base, Installed, 0, 59424768
383, 195fd0b80f76223d00000009, 0x3D22760FB8D05F19, , <ShaderCode>, MMORPG-WindowsClient, 75038720, 59428864, 6773, 6773, 0xfbc198442fd4206bd85ba78266059f8adf75d79f, ShaderCode, , MMORPG, WindowsClient, Base, Installed, 0, 59428864
384, 8c2e665f0029ab7200000009, 0x72AB29005F662E8C, , <ShaderCode>, MMORPG-WindowsClient, 75104256, 59437056, 2478, 2478, 0x137cc2896873cc2efbef50a4577b0418ab5cb34f, ShaderCode, , MMORPG, WindowsClient, Base, Installed, 0, 59437056
385, a6e4cd1a50fce9af00000009, 0xAFE9FC501ACDE4A6, , <ShaderCode>, MMORPG-WindowsClient, 75169792, 59441152, 5415, 5415, 0x2c92a206fd56e48b30cad9c7828c42fbcb9416ce, ShaderCode, , MMORPG, WindowsClient, Base, Installed, 0, 59441152
386, 548c3cf5aa03235200000009, 0x522303AAF53C8C54, , <ShaderCode>, MMORPG-WindowsClient, 75235328, 59447296, 4475, 4475, 0x595049c3ea39c8ba7654d52f211283c19b9a44d7, ShaderCode, , MMORPG, WindowsClient, Base, Installed, 0, 59447296
387, 959d489ba41adc2700000009, 0x27DC1AA49B489D95, , <ShaderCode>, MMORPG-WindowsClient, 75300864, 59453440, 4453, 4453, 0xa34dcd89f70968a87fb0671c9318427170259a00, ShaderCode, , MMORPG, WindowsClient, Base, Installed, 0, 59453440
388, 023ee0eec6def8a200000009, 0xA2F8DEC6EEE03E02, , <ShaderCode>, MMORPG-WindowsClient, 75366400, 59459584, 8537, 8537, 0x7e627b97b9a7b045a719a7c4f4473cb028b15de8, ShaderCode, , MMORPG, WindowsClient, Base, Installed, 0, 59459584
389, 71bde20609d4c15e00000009, 0x5EC1D40906E2BD71, , <ShaderCode>, MMORPG-WindowsClient, 75431936, 59469824, 42610, 42610, 0x2b3bbb2c949815b82d9dfbccbed4afb07e393728, ShaderCode, , MMORPG, WindowsClient, Base, Installed, 0, 59469824
390, 1b38da39b6a4ef7500000009, 0x75EFA4B639DA381B, , <ShaderCode>, MMORPG-WindowsClient, 75497472, 59512832, 2090, 2090, 0x4b0fb5b9fabf0d336e512eac131eb9d3fd6a37d4, ShaderCode, , MMORPG, WindowsClient, Base, Installed, 0, 59512832
391, 5f8e5e0c5292feb400000009, 0xB4FE92520C5E8E5F, , <ShaderCode>, MMORPG-WindowsClient, 75563008, 59516928, 546089, 546089, 0xdb818a3e3d36c675be54fa84c726bb20b36a74a3, ShaderCode, , MMORPG, WindowsClient, Base, Installed, 0, 59516928
392, 9ebd9baf01a7980900000009, 0x998A701AF9BBD9E, , <ShaderCode>, MMORPG-WindowsClient, 76152832, 60063744, 2399, 2399, 0x85e3fec94235103147a2849a5cbff30a41c92525, ShaderCode, , MMORPG, WindowsClient, Base, Installed, 0, 60063744
393, 198bf6ee747f547100000009, 0x71547F74EEF68B19, , <ShaderCode>, MMORPG-WindowsClient, 76218368, 60067840, 3195, 3195, 0x3eb51f3b58b3d8c624df02c5be3aac27f20e0ef5, ShaderCode, , MMORPG, WindowsClient, Base, Installed, 0, 60067840
394, 2e8a81404f55bbac00000009, 0xACBB554F40818A2E, , <ShaderCode>, MMORPG-WindowsClient, 76283904, 60071936, 5391, 5391, 0x4b29cfe1bcd7e776d9ba351b61aaace0c141dfe9, ShaderCode, , MMORPG, WindowsClient, Base, Installed, 0, 60071936
395, 3c74daf099f9c9a400000009, 0xA4C9F999F0DA743C, , <ShaderCode>, MMORPG-WindowsClient, 76349440, 60078080, 3657, 3657, 0x1d31c22640a8fa4cffc92ed4faf9a6701ff337c2, ShaderCode, , MMORPG, WindowsClient, Base, Installed, 0, 60078080
396, 2eac44b451f9815d00000009, 0x5D81F951B444AC2E, , <ShaderCode>, MMORPG-WindowsClient, 76414976, 60082176, 5231, 5231, 0x45d508920bd7c6e0f0a32f598a96ce5cd659310b, ShaderCode, , MMORPG, WindowsClient, Base, Installed, 0, 60082176
397, bd569046753fef7200000009, 0x72EF3F75469056BD, , <ShaderCode>, MMORPG-WindowsClient, 76480512, 60088320, 3209, 3209, 0x06a9d0490c5588ee8c1c8d90d0bf671fd07ce5bd, ShaderCode, , MMORPG, WindowsClient, Base, Installed, 0, 60088320
398, e5790cc2aae66be700000009, 0xE76BE6AAC20C79E5, , <ShaderCode>, MMORPG-WindowsClient, 76546048, 60092416, 16531, 16531, 0x5775979e676e3681f3722cc81a77e05df3437e8b, ShaderCode, , MMORPG, WindowsClient, Base, Installed, 0, 60092416
399, 01461e0ffd2cd60900000009, 0x9D62CFD0F1E4601, , <ShaderCode>, MMORPG-WindowsClient, 76611584, 60110848, 2560, 2560, 0x408374d0939948c2c32a327a09daca92dace4eae, ShaderCode, , MMORPG, WindowsClient, Base, Installed, 0, 60110848
400, 933c380f91fdc3e500000009, 0xE5C3FD910F383C93, , <ShaderCode>, MMORPG-WindowsClient, 76677120, 60114944, 2264, 2264, 0xd5962bfa7cbc26d55ecd2019d3e4f8416372b18c, ShaderCode, , MMORPG, WindowsClient, Base, Installed, 0, 60114944
401, 5b13a6ddb7784df200000009, 0xF24D78B7DDA6135B, , <ShaderCode>, MMORPG-WindowsClient, 76742656, 60119040, 6390, 6390, 0xccd0dfbfe50d5e8d49fa1fc2ddf772bb048f0b32, ShaderCode, , MMORPG, WindowsClient, Base, Installed, 0, 60119040
402, eb6800ed28ded07800000009, 0x78D0DE28ED0068EB, , <ShaderCode>, MMORPG-WindowsClient, 76808192, 60127232, 3685, 3685, 0xda3d865cb1e3f78a0581ce7517297a54457d9bd8, ShaderCode, , MMORPG, WindowsClient, Base, Installed, 0, 60127232
403, ab4544e09734fc7a00000009, 0x7AFC3497E04445AB, , <ShaderCode>, MMORPG-WindowsClient, 76873728, 60131328, 10570, 10570, 0xd0ad275846d08bcd468ba3f7f89a2f4778c8b46d, ShaderCode, , MMORPG, WindowsClient, Base, Installed, 0, 60131328
404, b2eb96d4b25279bf00000009, 0xBF7952B2D496EBB2, , <ShaderCode>, MMORPG-WindowsClient, 76939264, 60143616, 1991, 1991, 0xb605cdf5c2af38900f45824b959ff3dbe7d4c9d4, ShaderCode, , MMORPG, WindowsClient, Base, Installed, 0, 60143616
405, e6845b9d057ee53900000009, 0x39E57E059D5B84E6, , <ShaderCode>, MMORPG-WindowsClient, 77004800, 60145664, 9453, 9453, 0xb8f974f8d76a3ab243c0677a7edbed96ca452c08, ShaderCode, , MMORPG, WindowsClient, Base, Installed, 0, 60145664
406, aeae880a3f0471e200000009, 0xE271043F0A88AEAE, , <ShaderCode>, MMORPG-WindowsClient, 77070336, 60155904, 11326, 11326, 0x137afb53da2e7df8ec69e4247cef8bf6197c39e8, ShaderCode, , MMORPG, WindowsClient, Base, Installed, 0, 60155904
407, 4643fe68e139a24b00000009, 0x4BA239E168FE4346, , <ShaderCode>, MMORPG-WindowsClient, 77135872, 60168192, 2464, 2464, 0x72d1d67c9c3f29242deefcb3edb55a8c5380cfc3, ShaderCode, , MMORPG, WindowsClient, Base, Installed, 0, 60168192
408, fd895055cba0a6f900000009, 0xF9A6A0CB555089FD, , <ShaderCode>, MMORPG-WindowsClient, 77201408, 60172288, 2590, 2590, 0x1002808e976ad3f152e4797c7d1f2adcb966bb6c, ShaderCode, , MMORPG, WindowsClient, Base, Installed, 0, 60172288
409, 91718dff215d36d300000009, 0xD3365D21FF8D7191, , <ShaderCode>, MMORPG-WindowsClient, 77266944, 60176384, 5677, 5677, 0x9bc189e6e4c9724bc3e5918b1a535f05644a030a, ShaderCode, , MMORPG, WindowsClient, Base, Installed, 0, 60176384
410, 3df681a018d366c300000009, 0xC366D318A081F63D, , <ShaderCode>, MMORPG-WindowsClient, 77332480, 60182528, 21794, 21794, 0xac450b27f386ffec3bb76e2cb984261b320d4c0b, ShaderCode, , MMORPG, WindowsClient, Base, Installed, 0, 60182528
411, 703b6f89167ede8900000009, 0x89DE7E16896F3B70, , <ShaderCode>, MMORPG-WindowsClient, 77398016, 60205056, 4845, 4845, 0xa5b4604999b8a7baa6ab1715d4f2a3b13df94aaa, ShaderCode, , MMORPG, WindowsClient, Base, Installed, 0, 60205056
412, 6a935fc8ac4f25e400000009, 0xE4254FACC85F936A, , <ShaderCode>, MMORPG-WindowsClient, 77463552, 60211200, 3479, 3479, 0x3f76c1200a29838c275255ebef98ed9889ef4796, ShaderCode, , MMORPG, WindowsClient, Base, Installed, 0, 60211200
413, f9c1e0de1502c48a00000009, 0x8AC40215DEE0C1F9, , <ShaderCode>, MMORPG-WindowsClient, 77529088, 60215296, 7101, 7101, 0x2c5e687e61424445dbec0df67a82f04ac7c9f0ba, ShaderCode, , MMORPG, WindowsClient, Base, Installed, 0, 60215296
414, 2f72cb65eff3c00500000009, 0x5C0F3EF65CB722F, , <ShaderCode>, MMORPG-WindowsClient, 77594624, 60223488, 18890, 18890, 0x9c3c4025686ffac43e98caa4382c25e274b4a0e7, ShaderCode, , MMORPG, WindowsClient, Base, Installed, 0, 60223488
415, ee314dd1ff0f7df900000009, 0xF97D0FFFD14D31EE, , <ShaderCode>, MMORPG-WindowsClient, 77660160, 60243968, 3798, 3798, 0x5016d380bd455017e35a5967156a8b767ab4f4ff, ShaderCode, , MMORPG, WindowsClient, Base, Installed, 0, 60243968
416, 29c31a96793d204900000009, 0x49203D79961AC329, , <ShaderCode>, MMORPG-WindowsClient, 77725696, 60248064, 4809, 4809, 0xcd18149cebd78d9af46c1c0fadbc4d09376509d8, ShaderCode, , MMORPG, WindowsClient, Base, Installed, 0, 60248064
417, 86b6955a36b7cebc00000009, 0xBCCEB7365A95B686, , <ShaderCode>, MMORPG-WindowsClient, 77791232, 60254208, 6710, 6710, 0x136f42dca72096a07b43df7eaf914ef42f80f28f, ShaderCode, , MMORPG, WindowsClient, Base, Installed, 0, 60254208
418, e9f7c25d97aa17e800000009, 0xE817AA975DC2F7E9, , <ShaderCode>, MMORPG-WindowsClient, 77856768, 60262400, 11134, 11134, 0xc568587b6cb41f5ff231b6f650e70ec64e2c8389, ShaderCode, , MMORPG, WindowsClient, Base, Installed, 0, 60262400
419, f48ec934ce2673db00000009, 0xDB7326CE34C98EF4, , <ShaderCode>, MMORPG-WindowsClient, 77922304, 60274688, 6779, 6779, 0x78a39e428c3907449f1b7581122594b7941ad7dd, ShaderCode, , MMORPG, WindowsClient, Base, Installed, 0, 60274688
420, 7bb950e981cb2ca400000009, 0xA42CCB81E950B97B, , <ShaderCode>, MMORPG-WindowsClient, 77987840, 60282880, 4772, 4772, 0x582f41aa6d668d27f1549b9ba10605a55c607c87, ShaderCode, , MMORPG, WindowsClient, Base, Installed, 0, 60282880
421, 44643b6038a6dbaf00000009, 0xAFDBA638603B6444, , <ShaderCode>, MMORPG-WindowsClient, 78053376, 60289024, 4990, 4990, 0xae86a96503daafe76ba9a03f7903f12cc4c285c3, ShaderCode, , MMORPG, WindowsClient, Base, Installed, 0, 60289024
422, f362d25248881b3400000009, 0x341B884852D262F3, , <ShaderCode>, MMORPG-WindowsClient, 78118912, 60295168, 4832, 4832, 0xce31838f16ed69895bad4ee46a25d8e4a40712a9, ShaderCode, , MMORPG, WindowsClient, Base, Installed, 0, 60295168
423, 1cba52c33d4911d900000009, 0xD911493DC352BA1C, , <ShaderCode>, MMORPG-WindowsClient, 78184448, 60301312, 5454, 5454, 0xd850e860cae7f7c29af2a86a0c4379f9d53d347a, ShaderCode, , MMORPG, WindowsClient, Base, Installed, 0, 60301312
424, 89ef91f19af8c64600000009, 0x46C6F89AF191EF89, , <ShaderCode>, MMORPG-WindowsClient, 78249984, 60307456, 6634, 6634, 0xdb0bdb487ed48e490b54393af2eb9d85e67a69d1, ShaderCode, , MMORPG, WindowsClient, Base, Installed, 0, 60307456
425, 92a00576b1b48fc700000009, 0xC78FB4B17605A092, , <ShaderCode>, MMORPG-WindowsClient, 78315520, 60315648, 3287, 3287, 0x3f47d2bd9fdc6a570574e25f1903e55a7b33ce8b, ShaderCode, , MMORPG, WindowsClient, Base, Installed, 0, 60315648
426, be2b0092c6ad3d9500000009, 0x953DADC692002BBE, , <ShaderCode>, MMORPG-WindowsClient, 78381056, 60319744, 2979, 2979, 0xb26e02f1685f5894374441d6818539295567d7f6, ShaderCode, , MMORPG, WindowsClient, Base, Installed, 0, 60319744
427, 5f62822a562e56c400000009, 0xC4562E562A82625F, , <ShaderCode>, MMORPG-WindowsClient, 78446592, 60323840, 6988, 6988, 0xeb3724eddca74e1d088f3ea778c8f9b29be99f40, ShaderCode, , MMORPG, WindowsClient, Base, Installed, 0, 60323840
428, c92c6b8ef87b749400000009, 0x94747BF88E6B2CC9, , <ShaderCode>, MMORPG-WindowsClient, 78512128, 60332032, 4637, 4637, 0xc19947b7165d966b959240b0802b14d865476022, ShaderCode, , MMORPG, WindowsClient, Base, Installed, 0, 60332032
429, b33299b37a92513300000009, 0x3351927AB39932B3, , <ShaderCode>, MMORPG-WindowsClient, 78577664, 60338176, 8024, 8024, 0x537d8fb1ed1eef09a235a3b15ac3c71a1436e1f2, ShaderCode, , MMORPG, WindowsClient, Base, Installed, 0, 60338176
430, 470d3b4aa627538e00000009, 0x8E5327A64A3B0D47, , <ShaderCode>, MMORPG-WindowsClient, 78643200, 60346368, 2889, 2889, 0x8f50b33f8e46c810d1e91fe62208bbb5c102a658, ShaderCode, , MMORPG, WindowsClient, Base, Installed, 0, 60346368
431, 130fcfee203bb29b00000009, 0x9BB23B20EECF0F13, , <ShaderCode>, MMORPG-WindowsClient, 78708736, 60350464, 3467, 3467, 0x612b7a177bb499a7a580b229ccc18193cc95c5ff, ShaderCode, , MMORPG, WindowsClient, Base, Installed, 0, 60350464
432, 07629d747d26a01f00000009, 0x1FA0267D749D6207, , <ShaderCode>, MMORPG-WindowsClient, 78774272, 60354560, 10643, 10643, 0xf216d2be1c6d722f7909c0ab8827cf5726356951, ShaderCode, , MMORPG, WindowsClient, Base, Installed, 0, 60354560
433, c1cddddcaadadd0e00000009, 0xEDDDAAADCDDCDC1, , <ShaderCode>, MMORPG-WindowsClient, 78839808, 60366848, 4122, 4122, 0xc3008c6caf1b6b32a3efb05a9faaa9d841e19ebe, ShaderCode, , MMORPG, WindowsClient, Base, Installed, 0, 60366848
434, b81e20cf309ab81f00000009, 0x1FB89A30CF201EB8, , <ShaderCode>, MMORPG-WindowsClient, 78905344, 60372992, 3563, 3563, 0x78b63328d6f1e117b95889b5f5ed2f8081215e43, ShaderCode, , MMORPG, WindowsClient, Base, Installed, 0, 60372992
435, 3672d14bee9682eb00000009, 0xEB8296EE4BD17236, , <ShaderCode>, MMORPG-WindowsClient, 78970880, 60377088, 4993, 4993, 0xb72d16f195925c25bbbb3d917a068e6ae09df42d, ShaderCode, , MMORPG, WindowsClient, Base, Installed, 0, 60377088
436, 15b1a1844f22518100000009, 0x8151224F84A1B115, , <ShaderCode>, MMORPG-WindowsClient, 79036416, 60383232, 7878, 7878, 0x1c4d185162c1ee5a0bdd3d27f576929ea7694130, ShaderCode, , MMORPG, WindowsClient, Base, Installed, 0, 60383232
437, f41f14ec1f3565c300000009, 0xC365351FEC141FF4, , <ShaderCode>, MMORPG-WindowsClient, 79101952, 60391424, 11834, 11834, 0xc0a37fc45113e4b1944a27d911ece0469cecfd56, ShaderCode, , MMORPG, WindowsClient, Base, Installed, 0, 60391424
438, d322c96aeead01d000000009, 0xD001ADEE6AC922D3, , <ShaderCode>, MMORPG-WindowsClient, 79167488, 60403712, 5309, 5309, 0x1f9c598b062531f80673652e579f17468648b156, ShaderCode, , MMORPG, WindowsClient, Base, Installed, 0, 60403712
439, 22e0ac8421f0354600000009, 0x4635F02184ACE022, , <ShaderCode>, MMORPG-WindowsClient, 79233024, 60409856, 4859, 4859, 0xae6e28fa824200c21d79cbb6a37c871dd93f029b, ShaderCode, , MMORPG, WindowsClient, Base, Installed, 0, 60409856
440, ad93e4ed435c6a2b00000009, 0x2B6A5C43EDE493AD, , <ShaderCode>, MMORPG-WindowsClient, 79298560, 60416000, 3824, 3824, 0x8e2f6e9e81a863bbe30130d9548a8e6043167a83, ShaderCode, , MMORPG, WindowsClient, Base, Installed, 0, 60416000
441, 2567422babcf997000000009, 0x7099CFAB2B426725, , <ShaderCode>, MMORPG-WindowsClient, 79364096, 60420096, 5422, 5422, 0x52fd40c2ce222dc4a577bd9ae107ae1207854429, ShaderCode, , MMORPG, WindowsClient, Base, Installed, 0, 60420096
442, 2c1e0271abdf80a400000009, 0xA480DFAB71021E2C, , <ShaderCode>, MMORPG-WindowsClient, 79429632, 60426240, 35976, 35976, 0x40971e692408978e50b0e50b0b3f445da3d51ca8, ShaderCode, , MMORPG, WindowsClient, Base, Installed, 0, 60426240
443, daa9fc2fac5f3b5800000009, 0x583B5FAC2FFCA9DA, , <ShaderCode>, MMORPG-WindowsClient, 79495168, 60463104, 3681, 3681, 0xf393c9a050205c4a2c7e24f8c033eafc41087c19, ShaderCode, , MMORPG, WindowsClient, Base, Installed, 0, 60463104
444, 0aef4c925e7be92b00000009, 0x2BE97B5E924CEF0A, , <ShaderCode>, MMORPG-WindowsClient, 79560704, 60467200, 3044, 3044, 0x9f3fdaca4feeb3d70050099fad5edead18b8dc03, ShaderCode, , MMORPG, WindowsClient, Base, Installed, 0, 60467200
445, 75f2fa63f5e5190f00000009, 0xF19E5F563FAF275, , <ShaderCode>, MMORPG-WindowsClient, 79626240, 60471296, 4046, 4046, 0xf60eb2158c05cb860477a46d8d1b02aa9b35b2ff, ShaderCode, , MMORPG, WindowsClient, Base, Installed, 0, 60471296
446, fa9f3ff4cd7b6d2b00000009, 0x2B6D7BCDF43F9FFA, , <ShaderCode>, MMORPG-WindowsClient, 79691776, 60475392, 5927, 5927, 0x0ebd87af958162705e3f73ef85efab5e4b22ed52, ShaderCode, , MMORPG, WindowsClient, Base, Installed, 0, 60475392
447, f7e7e724cd7199a500000009, 0xA59971CD24E7E7F7, , <ShaderCode>, MMORPG-WindowsClient, 79757312, 60481536, 6679, 6679, 0x6d186a4668cb6e31f733a827d694e576b4755444, ShaderCode, , MMORPG, WindowsClient, Base, Installed, 0, 60481536
448, 9c4c1ca7af6d855900000009, 0x59856DAFA71C4C9C, , <ShaderCode>, MMORPG-WindowsClient, 79822848, 60488224, 1081, 1081, 0x2ab3a5d3a5c904702eaa22b8d7a31b61aa273113, ShaderCode, , MMORPG, WindowsClient, Base, Installed, 0, 60488224
449, 110691e84a93a01100000009, 0x11A0934AE8910611, , <ShaderCode>, MMORPG-WindowsClient, 79888384, 60489728, 2318, 2318, 0x73124af8c782cc36ba5d3dbd717edd49f79e961f, ShaderCode, , MMORPG, WindowsClient, Base, Installed, 0, 60489728
450, 2fbae19e1ec4e01a00000009, 0x1AE0C41E9EE1BA2F, , <ShaderCode>, MMORPG-WindowsClient, 79953920, 60493824, 2115, 2115, 0x3e858c8baa43ee940d90f517b317c1fc41829f67, ShaderCode, , MMORPG, WindowsClient, Base, Installed, 0, 60493824
451, 72513552b2806ca000000009, 0xA06C80B252355172, , <ShaderCode>, MMORPG-WindowsClient, 80019456, 60497920, 7661, 7661, 0x866a85b70ef7e795a94e9f0f732ea3a16c263004, ShaderCode, , MMORPG, WindowsClient, Base, Installed, 0, 60497920
452, 7d8fd4c6963a100e00000009, 0xE103A96C6D48F7D, , <ShaderCode>, MMORPG-WindowsClient, 80084992, 60506112, 2173, 2173, 0x5dcf2501f831d6de7a3865e261b790b46acb4c01, ShaderCode, , MMORPG, WindowsClient, Base, Installed, 0, 60506112
453, 1123338c17977b8b00000009, 0x8B7B97178C332311, , <ShaderCode>, MMORPG-WindowsClient, 80150528, 60510208, 4024, 4024, 0x68bb2d82fd3e054825146e81e503e81053e415bb, ShaderCode, , MMORPG, WindowsClient, Base, Installed, 0, 60510208
454, 23b69a17715f556e00000009, 0x6E555F71179AB623, , <ShaderCode>, MMORPG-WindowsClient, 80216064, 60514304, 1989, 1989, 0x66c9de9606b036b45a2544b02987fac7b54eb4e4, ShaderCode, , MMORPG, WindowsClient, Base, Installed, 0, 60514304
455, 96b2eaad1d223e8e00000009, 0x8E3E221DADEAB296, , <ShaderCode>, MMORPG-WindowsClient, 80281600, 60516352, 2788, 2788, 0x0bb8041c3d20560504d4aeaac9e520c59c637c42, ShaderCode, , MMORPG, WindowsClient, Base, Installed, 0, 60516352
456, b5d163d57dbc288500000009, 0x8528BC7DD563D1B5, , <ShaderCode>, MMORPG-WindowsClient, 80347136, 60520448, 2269, 2269, 0xd6d6830f14d63b08f8bb943e41c72ad4a9947a8b, ShaderCode, , MMORPG, WindowsClient, Base, Installed, 0, 60520448
457, ee4afdb641dee71e00000009, 0x1EE7DE41B6FD4AEE, , <ShaderCode>, MMORPG-WindowsClient, 80412672, 60524544, 2727, 2727, 0x3d34e9e1c2e3be8d70479aaf37e5c16864e73bc7, ShaderCode, , MMORPG, WindowsClient, Base, Installed, 0, 60524544
458, 15cb649c778a610100000009, 0x1618A779C64CB15, , <ShaderCode>, MMORPG-WindowsClient, 80478208, 60528640, 8993, 8993, 0x16738247af624c617e8f68599186f86c88a3addb, ShaderCode, , MMORPG, WindowsClient, Base, Installed, 0, 60528640
459, 145626a334236d1600000009, 0x166D2334A3265614, , <ShaderCode>, MMORPG-WindowsClient, 80543744, 60538880, 6353, 6353, 0x1453db76c5440e90bf4c7f70ab35747eb2748413, ShaderCode, , MMORPG, WindowsClient, Base, Installed, 0, 60538880
460, 3219871a2b8350dd00000009, 0xDD50832B1A871932, , <ShaderCode>, MMORPG-WindowsClient, 80609280, 60547072, 2915, 2915, 0xf8013a6a1002b26503fffdbd7f71ebf449586c9c, ShaderCode, , MMORPG, WindowsClient, Base, Installed, 0, 60547072
461, 6c7e8e2e26b611e000000009, 0xE011B6262E8E7E6C, , <ShaderCode>, MMORPG-WindowsClient, 80674816, 60551168, 2094, 2094, 0x2e3e977b0445d6eb28a57f7f54d766d1c7062d04, ShaderCode, , MMORPG, WindowsClient, Base, Installed, 0, 60551168
462, 037738768cee822f00000009, 0x2F82EE8C76387703, , <ShaderCode>, MMORPG-WindowsClient, 80740352, 60555264, 2649, 2649, 0x6e6b88286d0f0cb77c0d89780b5f78cedde7a6d5, ShaderCode, , MMORPG, WindowsClient, Base, Installed, 0, 60555264
463, 12cedc3e2b2bf47f00000009, 0x7FF42B2B3EDCCE12, , <ShaderCode>, MMORPG-WindowsClient, 80805888, 60559360, 2593, 2593, 0x7646016868567217d753f2111c7a16df28305eb1, ShaderCode, , MMORPG, WindowsClient, Base, Installed, 0, 60559360
464, 0641faeda73e44a800000009, 0xA8443EA7EDFA4106, , <ShaderCode>, MMORPG-WindowsClient, 80871424, 60563456, 7241, 7241, 0x38d900c0a5035a94c91a5e2691d309395e76198b, ShaderCode, , MMORPG, WindowsClient, Base, Installed, 0, 60563456
465, c2292b6ec93f58b600000009, 0xB6583FC96E2B29C2, , <ShaderCode>, MMORPG-WindowsClient, 80936960, 60571648, 56081, 56081, 0x6a730d7c8492c266f717621983a5a92eabe02898, ShaderCode, , MMORPG, WindowsClient, Base, Installed, 0, 60571648
466, 6e2c094c173e34c700000009, 0xC7343E174C092C6E, , <ShaderCode>, MMORPG-WindowsClient, 81002496, 60628992, 6766, 6766, 0x63b5bd5e80e39a685bee508f686da280f3b92f57, ShaderCode, , MMORPG, WindowsClient, Base, Installed, 0, 60628992
467, 4b5aba35df2c60af00000009, 0xAF602CDF35BA5A4B, , <ShaderCode>, MMORPG-WindowsClient, 81068032, 60637184, 17678, 17678, 0xe2366bbcee32a69d964e98eefe6c9d3af88a8dfd, ShaderCode, , MMORPG, WindowsClient, Base, Installed, 0, 60637184
468, fcb0a89af020c88000000009, 0x80C820F09AA8B0FC, , <ShaderCode>, MMORPG-WindowsClient, 81133568, 60655616, 2755, 2755, 0xe7128a82c7eb3e8c91b41b7ef559ba19e36e58bb, ShaderCode, , MMORPG, WindowsClient, Base, Installed, 0, 60655616
469, 33b92790fb7d150000000009, 0x157DFB9027B933, , <ShaderCode>, MMORPG-WindowsClient, 81199104, 60659712, 2046, 2046, 0x242b38be3e0a536dc342e381c77b66d044e908b5, ShaderCode, , MMORPG, WindowsClient, Base, Installed, 0, 60659712
470, 16f9d0530d61f2ad00000009, 0xADF2610D53D0F916, , <ShaderCode>, MMORPG-WindowsClient, 81264640, 60661760, 5160, 5160, 0x47648dbc2b99045ee634215f07100420e54315ed, ShaderCode, , MMORPG, WindowsClient, Base, Installed, 0, 60661760
471, 769528e946be8f7200000009, 0x728FBE46E9289576, , <ShaderCode>, MMORPG-WindowsClient, 81330176, 60667904, 24498, 24498, 0x97ac363719c6d6db05b0d02f6fdeedb27863c964, ShaderCode, , MMORPG, WindowsClient, Base, Installed, 0, 60667904
472, 07c8fa887c56266600000009, 0x6626567C88FAC807, , <ShaderCode>, MMORPG-WindowsClient, 81395712, 60692480, 2896, 2896, 0x192d0c44f282126bd8c50eb62ffc1de0800d2439, ShaderCode, , MMORPG, WindowsClient, Base, Installed, 0, 60692480
473, 3fb094a87ed01ce600000009, 0xE61CD07EA894B03F, , <ShaderCode>, MMORPG-WindowsClient, 81461248, 60696576, 35297, 35297, 0xd9c7d661d4da1ea50ede5de53c9ac5046911877f, ShaderCode, , MMORPG, WindowsClient, Base, Installed, 0, 60696576
474, a697f1f36e134e5500000009, 0x554E136EF3F197A6, , <ShaderCode>, MMORPG-WindowsClient, 81526784, 60733440, 7069, 7069, 0x1be6fcd794f8d35cd899ee6f54c0abf534e040e0, ShaderCode, , MMORPG, WindowsClient, Base, Installed, 0, 60733440
475, 058d54a4212ea5a400000009, 0xA4A52E21A4548D05, , <ShaderCode>, MMORPG-WindowsClient, 81592320, 60741632, 2415, 2415, 0xba90131c64c7d212ba977cf4aa10d2b6284bc33f, ShaderCode, , MMORPG, WindowsClient, Base, Installed, 0, 60741632
476, 3568babf0aa6df0900000009, 0x9DFA60ABFBA6835, , <ShaderCode>, MMORPG-WindowsClient, 81657856, 60745728, 2618, 2618, 0x5801fbbf49054a9d67b73e7ca338143accac71fb, ShaderCode, , MMORPG, WindowsClient, Base, Installed, 0, 60745728
477, 3ac6707ac2dfb2fe00000009, 0xFEB2DFC27A70C63A, , <ShaderCode>, MMORPG-WindowsClient, 81723392, 60749824, 3212, 3212, 0x49d35d2dd9a4fe97aaad3eb4ec0a9395aeee708e, ShaderCode, , MMORPG, WindowsClient, Base, Installed, 0, 60749824
478, 8f62c2e03bb8cc0500000009, 0x5CCB83BE0C2628F, , <ShaderCode>, MMORPG-WindowsClient, 81788928, 60753920, 72894, 72894, 0x817144867bf5cfc26b415e001b98a037bc744b82, ShaderCode, , MMORPG, WindowsClient, Base, Installed, 0, 60753920
479, 4003c4a01b848af100000009, 0xF18A841BA0C40340, , <ShaderCode>, MMORPG-WindowsClient, 81920000, 60827648, 5799, 5799, 0x1b3d57c7bbd45f9467b775742244cc69d95fa794, ShaderCode, , MMORPG, WindowsClient, Base, Installed, 0, 60827648
480, a1630b35fb02f8e700000009, 0xE7F802FB350B63A1, , <ShaderCode>, MMORPG-WindowsClient, 81985536, 60833792, 3065, 3065, 0x77c422c607ac249d329ce4f104476bb883ab0e57, ShaderCode, , MMORPG, WindowsClient, Base, Installed, 0, 60833792
481, 17908ad6a26743d800000009, 0xD84367A2D68A9017, , <ShaderCode>, MMORPG-WindowsClient, 82051072, 60837888, 3503, 3503, 0x7106449d8775861ed1d21cda527c8f185a7bc8af, ShaderCode, , MMORPG, WindowsClient, Base, Installed, 0, 60837888
482, 4900f0a5475730e900000009, 0xE9305747A5F00049, , <ShaderCode>, MMORPG-WindowsClient, 82116608, 60841984, 3028, 3028, 0x43a7c9932ef031c19b7473a9f2d10da001fa021c, ShaderCode, , MMORPG, WindowsClient, Base, Installed, 0, 60841984
483, e169375e439bcf4300000009, 0x43CF9B435E3769E1, , <ShaderCode>, MMORPG-WindowsClient, 82182144, 60846080, 3403, 3403, 0xdcee0d4f617cfaf4b0c3a850e39f11ad10aed07f, ShaderCode, , MMORPG, WindowsClient, Base, Installed, 0, 60846080
484, bf7ddb8d1918d45f00000009, 0x5FD418198DDB7DBF, , <ShaderCode>, MMORPG-WindowsClient, 82247680, 60850176, 5292, 5292, 0xc48a2754f1e64d615859430696dff0c26f30598f, ShaderCode, , MMORPG, WindowsClient, Base, Installed, 0, 60850176
485, b09d972688178ee700000009, 0xE78E178826979DB0, , <ShaderCode>, MMORPG-WindowsClient, 82313216, 60856320, 2105, 2105, 0x24c9cba12b26acc7bd5a94c560fe5980c26c2518, ShaderCode, , MMORPG, WindowsClient, Base, Installed, 0, 60856320
486, 88372059066052fe00000009, 0xFE52600659203788, , <ShaderCode>, MMORPG-WindowsClient, 82378752, 60860416, 2820, 2820, 0x73549f1c3ad9bd0707ca6b21ac7b5b1fee3f268e, ShaderCode, , MMORPG, WindowsClient, Base, Installed, 0, 60860416
487, 23351cf713f0ae0000000009, 0xAEF013F71C3523, , <ShaderCode>, MMORPG-WindowsClient, 82444288, 60864512, 4078, 4078, 0x8d0d409d1cc8293e5f9b9a7dcc3cdbfc4635b3e0, ShaderCode, , MMORPG, WindowsClient, Base, Installed, 0, 60864512
488, 6cf80f826414d29800000009, 0x98D21464820FF86C, , <ShaderCode>, MMORPG-WindowsClient, 82509824, 60868608, 5010, 5010, 0xf4e0f03475cc23ef5444291ef73ec46695d6bee1, ShaderCode, , MMORPG, WindowsClient, Base, Installed, 0, 60868608
489, 665c4564d57252c000000009, 0xC05272D564455C66, , <ShaderCode>, MMORPG-WindowsClient, 82575360, 60874752, 8948, 8948, 0xf2cbfe9ba2211217a58d69935add02b5f84577f2, ShaderCode, , MMORPG, WindowsClient, Base, Installed, 0, 60874752
490, bc8ad76bac7bebb000000009, 0xB0EB7BAC6BD78ABC, , <ShaderCode>, MMORPG-WindowsClient, 82640896, 60884992, 2667, 2667, 0x8df22c03b35f43f0aacfbbc7269e1e167d935f2d, ShaderCode, , MMORPG, WindowsClient, Base, Installed, 0, 60884992
491, 9bc6629d8a3a652200000009, 0x22653A8A9D62C69B, , <ShaderCode>, MMORPG-WindowsClient, 82706432, 60889088, 1560, 1560, 0x3fd26bd30a97edfedd2c9977306f6654359339b7, ShaderCode, , MMORPG, WindowsClient, Base, Installed, 0, 60889088
492, 0b3c9fb671c4245d00000009, 0x5D24C471B69F3C0B, , <ShaderCode>, MMORPG-WindowsClient, 82771968, 60891136, 8291, 8291, 0x39809f3bd99744724284028017d927dedf4bbd11, ShaderCode, , MMORPG, WindowsClient, Base, Installed, 0, 60891136
493, 866fc1d532d6ac3800000009, 0x38ACD632D5C16F86, , <ShaderCode>, MMORPG-WindowsClient, 82837504, 60899440, 1326, 1326, 0xbcb7f29b27a345ae6adbab4fbc6e39723fea6556, ShaderCode, , MMORPG, WindowsClient, Base, Installed, 0, 60899440
494, 77ae303a9f2058a200000009, 0xA258209F3A30AE77, , <ShaderCode>, MMORPG-WindowsClient, 82903040, 60901376, 1972, 1972, 0xd9266fb80b91b3c21a5bea88f59a9b2dad692f8b, ShaderCode, , MMORPG, WindowsClient, Base, Installed, 0, 60901376
495, 09ec7ec68b1afc4f00000009, 0x4FFC1A8BC67EEC09, , <ShaderCode>, MMORPG-WindowsClient, 82968576, 60903424, 2293, 2293, 0xd4f96849fd1955db2c26838475e254cf5e144107, ShaderCode, , MMORPG, WindowsClient, Base, Installed, 0, 60903424
496, e2d3d4f89b40201600000009, 0x1620409BF8D4D3E2, , <ShaderCode>, MMORPG-WindowsClient, 83034112, 60907520, 4817, 4817, 0x98ca6f74ff769af1050101c2914980cb8afef97a, ShaderCode, , MMORPG, WindowsClient, Base, Installed, 0, 60907520
497, 3d14287baa83f49e00000009, 0x9EF483AA7B28143D, , <ShaderCode>, MMORPG-WindowsClient, 83099648, 60913664, 16456, 16456, 0x32cff62e5ecdddf579045662e156466bc2c6c8d0, ShaderCode, , MMORPG, WindowsClient, Base, Installed, 0, 60913664
498, 1516b4b305f3494a00000009, 0x4A49F305B3B41615, , <ShaderCode>, MMORPG-WindowsClient, 83165184, 60932096, 14406, 14406, 0x75cd4ddd235e1f9105124e14eabfc13a9bba7418, ShaderCode, , MMORPG, WindowsClient, Base, Installed, 0, 60932096
499, e8715f75481c61f800000009, 0xF8611C48755F71E8, , <ShaderCode>, MMORPG-WindowsClient, 83230720, 60948480, 11645, 11645, 0x74bdce5279dafa9b6a39ae8c98ffa0ae3b095835, ShaderCode, , MMORPG, WindowsClient, Base, Installed, 0, 60948480
500, 23a3c394f7df0dfa00000009, 0xFA0DDFF794C3A323, , <ShaderCode>, MMORPG-WindowsClient, 83296256, 60960768, 1942, 1942, 0xa0a407bf0769bd6b943ef45136e087ab046391df, ShaderCode, , MMORPG, WindowsClient, Base, Installed, 0, 60960768
501, b21d1b6d21ff523000000009, 0x3052FF216D1B1DB2, , <ShaderCode>, MMORPG-WindowsClient, 83361792, 60962816, 1428, 1428, 0xd47030c38620051ac83e30808e4d551d367c8ed8, ShaderCode, , MMORPG, WindowsClient, Base, Installed, 0, 60962816
502, fb90e3edd45590e700000009, 0xE79055D4EDE390FB, , <ShaderCode>, MMORPG-WindowsClient, 83427328, 60964864, 11183, 11183, 0x74e308b5864d7577d7d03d30f04342e7cf236105, ShaderCode, , MMORPG, WindowsClient, Base, Installed, 0, 60964864
503, 1013dc7c7267d0fa00000009, 0xFAD067727CDC1310, , <ShaderCode>, MMORPG-WindowsClient, 83492864, 60977152, 2769, 2769, 0xbb9d39cb8b955b979a830170089efea65f43ade1, ShaderCode, , MMORPG, WindowsClient, Base, Installed, 0, 60977152
504, ad4c240bda23af0a00000009, 0xAAF23DA0B244CAD, , <ShaderCode>, MMORPG-WindowsClient, 83558400, 60981248, 3201, 3201, 0x18863179d3af45a27cf19242a517d1b289b1627f, ShaderCode, , MMORPG, WindowsClient, Base, Installed, 0, 60981248
505, 1dc18c549c4a7c3b00000009, 0x3B7C4A9C548CC11D, , <ShaderCode>, MMORPG-WindowsClient, 83623936, 60985344, 2291, 2291, 0x7c686570d8f066da8f02eff3a4769c72b436c854, ShaderCode, , MMORPG, WindowsClient, Base, Installed, 0, 60985344
506, cc4b095895a857bb00000009, 0xBB57A89558094BCC, , <ShaderCode>, MMORPG-WindowsClient, 83689472, 60987648, 1539, 1539, 0xa4b33b177361b70bf2d546a07318b636a92ffe58, ShaderCode, , MMORPG, WindowsClient, Base, Installed, 0, 60987648
507, a14b59ebadb017b700000009, 0xB717B0ADEB594BA1, , <ShaderCode>, MMORPG-WindowsClient, 83755008, 60989440, 11930, 11930, 0x50fb2162294008b66b5f42021534900182f2b931, ShaderCode, , MMORPG, WindowsClient, Base, Installed, 0, 60989440
508, 57bf35b673a1031a00000009, 0x1A03A173B635BF57, , <ShaderCode>, MMORPG-WindowsClient, 83820544, 61001728, 6140, 6140, 0xd4b8e2f857f34127abded14078d5aee76695aec6, ShaderCode, , MMORPG, WindowsClient, Base, Installed, 0, 61001728
509, eee659043b1e91d800000009, 0xD8911E3B0459E6EE, , <ShaderCode>, MMORPG-WindowsClient, 83886080, 61007872, 4464, 4464, 0x68c1367e3b9470fdb5d441aa7a3b79db4b5a0ae5, ShaderCode, , MMORPG, WindowsClient, Base, Installed, 0, 61007872
510, f60eb32061e83a8d00000009, 0x8D3AE86120B30EF6, , <ShaderCode>, MMORPG-WindowsClient, 83951616, 61014016, 2952, 2952, 0xd9451318ac18de739fde31d60bcb6bb09e51fbe2, ShaderCode, , MMORPG, WindowsClient, Base, Installed, 0, 61014016
511, 529266caff546f6200000009, 0x626F54FFCA669252, , <ShaderCode>, MMORPG-WindowsClient, 84017152, 61018112, 1819, 1819, 0x0fc0fea0d6d6380172085320a317e6711555170d, ShaderCode, , MMORPG, WindowsClient, Base, Installed, 0, 61018112
512, 4bba588d95a9db9c00000009, 0x9CDBA9958D58BA4B, , <ShaderCode>, MMORPG-WindowsClient, 84082688, 61020160, 14497, 14497, 0xc3f42022a0df4627c33c46e22bfe1ecb02a714fd, ShaderCode, , MMORPG, WindowsClient, Base, Installed, 0, 61020160
513, 07d3366b0e34b10800000009, 0x8B1340E6B36D307, , <ShaderCode>, MMORPG-WindowsClient, 84148224, 61036544, 5275, 5275, 0x8f070c869ed044cc3769051b0cfc176d5444a6ce, ShaderCode, , MMORPG, WindowsClient, Base, Installed, 0, 61036544
514, 42a8a7600b06b72900000009, 0x29B7060B60A7A842, , <ShaderCode>, MMORPG-WindowsClient, 84213760, 61042688, 3222, 3222, 0xf55892dd0b9cb97d9a3d032c1e738a44e0be0fc8, ShaderCode, , MMORPG, WindowsClient, Base, Installed, 0, 61042688
515, 8beda1887cf4d45d00000009, 0x5DD4F47C88A1ED8B, , <ShaderCode>, MMORPG-WindowsClient, 84279296, 61046784, 2047, 2047, 0x2c90b6b6be0785651f1f1c0e02679558b100df8a, ShaderCode, , MMORPG, WindowsClient, Base, Installed, 0, 61046784
516, ec8657ceb27de9b600000009, 0xB6E97DB2CE5786EC, , <ShaderCode>, MMORPG-WindowsClient, 84344832, 61048832, 1322, 1322, 0x08151ce5881a2aa03e67d99bc910efea9834414e, ShaderCode, , MMORPG, WindowsClient, Base, Installed, 0, 61048832
517, 668416cdfd11ed8e00000009, 0x8EED11FDCD168466, , <ShaderCode>, MMORPG-WindowsClient, 84410368, 61050880, 2338, 2338, 0x291977fc73a81b6efb21bf52ea011f5bd16dbcb2, ShaderCode, , MMORPG, WindowsClient, Base, Installed, 0, 61050880
518, 4afbc2a3cd79c77c00000009, 0x7CC779CDA3C2FB4A, , <ShaderCode>, MMORPG-WindowsClient, 84475904, 61054976, 2620, 2620, 0x4c46bc5092c7cbec00ece0b3ee8858390dfc6ec2, ShaderCode, , MMORPG, WindowsClient, Base, Installed, 0, 61054976
519, f1629769171f2ef200000009, 0xF22E1F17699762F1, , <ShaderCode>, MMORPG-WindowsClient, 84541440, 61059072, 5417, 5417, 0xb99d3442ad0b085c5c1157ae4202d41d47933559, ShaderCode, , MMORPG, WindowsClient, Base, Installed, 0, 61059072
520, 8d67585db743b70a00000009, 0xAB743B75D58678D, , <ShaderCode>, MMORPG-WindowsClient, 84606976, 61065216, 2165, 2165, 0xcf4e1b311947d29767e05220de8aca7a95765d78, ShaderCode, , MMORPG, WindowsClient, Base, Installed, 0, 61065216
521, 323140ae3c7dd86400000009, 0x64D87D3CAE403132, , <ShaderCode>, MMORPG-WindowsClient, 84672512, 61069312, 3683, 3683, 0x8a7bb4366029b5cb5e9e50790e696bd1d529d7c9, ShaderCode, , MMORPG, WindowsClient, Base, Installed, 0, 61069312
522, ae830f72a989b02a00000009, 0x2AB089A9720F83AE, , <ShaderCode>, MMORPG-WindowsClient, 84738048, 61073408, 1081, 1081, 0x462968a7b5917439a936711153cf915530d9d276, ShaderCode, , MMORPG, WindowsClient, Base, Installed, 0, 61073408
523, 9f2ac6894249867400000009, 0x7486494289C62A9F, , <ShaderCode>, MMORPG-WindowsClient, 84803584, 61075456, 2490, 2490, 0xe95f1dc6c11f2d123c646debcd9e5cc165376d7b, ShaderCode, , MMORPG, WindowsClient, Base, Installed, 0, 61075456
524, ec6e8de22262bf5300000009, 0x53BF6222E28D6EEC, , <ShaderCode>, MMORPG-WindowsClient, 84869120, 61079552, 2034, 2034, 0xf4e2a9f44b57a64c69752cc3167f0d583ddae4c1, ShaderCode, , MMORPG, WindowsClient, Base, Installed, 0, 61079552
525, 07a7376e6dd949eb00000009, 0xEB49D96D6E37A707, , <ShaderCode>, MMORPG-WindowsClient, 84934656, 61081600, 2698, 2698, 0x3790fda714cef2a1f98f4a7d3fee096a888ed4da, ShaderCode, , MMORPG, WindowsClient, Base, Installed, 0, 61081600
526, 0fdfd9b5d8f6e1b300000009, 0xB3E1F6D8B5D9DF0F, , <ShaderCode>, MMORPG-WindowsClient, 85000192, 61085696, 2885, 2885, 0x93dbed3ce80fa8f559cc8fdfac5da09b42a84562, ShaderCode, , MMORPG, WindowsClient, Base, Installed, 0, 61085696
527, ff955734be6701ea00000009, 0xEA0167BE345795FF, , <ShaderCode>, MMORPG-WindowsClient, 85065728, 61089792, 3996, 3996, 0x71c814c7724c531dc135a78720e684e0187b7a06, ShaderCode, , MMORPG, WindowsClient, Base, Installed, 0, 61089792
528, f6c71978c2bb682c00000009, 0x2C68BBC27819C7F6, , <ShaderCode>, MMORPG-WindowsClient, 85131264, 61093888, 2388, 2388, 0xfc3a46e1f7b22550ab99fddfbe92fd36806efca2, ShaderCode, , MMORPG, WindowsClient, Base, Installed, 0, 61093888
529, 7b249b2f1e6a8e5000000009, 0x508E6A1E2F9B247B, , <ShaderCode>, MMORPG-WindowsClient, 85196800, 61097984, 4642, 4642, 0xfa6a12e71520dbe3fb395fd22581ee8903f019a7, ShaderCode, , MMORPG, WindowsClient, Base, Installed, 0, 61097984
530, 76e439b315bc325e00000009, 0x5E32BC15B339E476, , <ShaderCode>, MMORPG-WindowsClient, 85262336, 61104128, 3729, 3729, 0x1d543c283a02db362e872494095c7f8a95724f2a, ShaderCode, , MMORPG, WindowsClient, Base, Installed, 0, 61104128
531, c1f3059952a7cfd500000009, 0xD5CFA7529905F3C1, , <ShaderCode>, MMORPG-WindowsClient, 85327872, 61108224, 3690, 3690, 0x5d69e3eda506278fc0a6653aea8da3308ef72986, ShaderCode, , MMORPG, WindowsClient, Base, Installed, 0, 61108224
532, 265a70fffcd93bae00000009, 0xAE3BD9FCFF705A26, , <ShaderCode>, MMORPG-WindowsClient, 85393408, 61112320, 1496, 1496, 0x4c335a165933ab6fa92dc5cd6bb5fff8568c32eb, ShaderCode, , MMORPG, WindowsClient, Base, Installed, 0, 61112320
533, ff4b7f9848c34ebd00000009, 0xBD4EC348987F4BFF, , <ShaderCode>, MMORPG-WindowsClient, 85458944, 61114368, 30384, 30384, 0xa65f03a0fd81d769b5fc0a14b9979618ef684806, ShaderCode, , MMORPG, WindowsClient, Base, Installed, 0, 61114368
534, 5b30a37f5cf9151200000009, 0x1215F95C7FA3305B, , <ShaderCode>, MMORPG-WindowsClient, 85524480, 61145088, 2159, 2159, 0x143dc10407b07521fd8f2970ce63372b75416e35, ShaderCode, , MMORPG, WindowsClient, Base, Installed, 0, 61145088
535, 01568a8e5609217d00000009, 0x7D2109568E8A5601, , <ShaderCode>, MMORPG-WindowsClient, 85590016, 61149184, 4082, 4082, 0xcfa10890b11cd494e16d30ca449aa78188053563, ShaderCode, , MMORPG, WindowsClient, Base, Installed, 0, 61149184
536, 86e907ea0127994e00000009, 0x4E992701EA07E986, , <ShaderCode>, MMORPG-WindowsClient, 85655552, 61153280, 3756, 3756, 0x3d0895c0de696e375c4144c64b3197a72e73bf23, ShaderCode, , MMORPG, WindowsClient, Base, Installed, 0, 61153280
537, 8a88ddd4495c3a7b00000009, 0x7B3A5C49D4DD888A, , <ShaderCode>, MMORPG-WindowsClient, 85721088, 61157376, 7868, 7868, 0x3f50d605ed950bc21c7b06fa80a3aa24687c8a27, ShaderCode, , MMORPG, WindowsClient, Base, Installed, 0, 61157376
538, afc434dd9427067300000009, 0x73062794DD34C4AF, , <ShaderCode>, MMORPG-WindowsClient, 85786624, 61165568, 2922, 2922, 0xa375e0c0f8412a979d18683ad343d22516f9e2f2, ShaderCode, , MMORPG, WindowsClient, Base, Installed, 0, 61165568
539, 317035ab81f487ad00000009, 0xAD87F481AB357031, , <ShaderCode>, MMORPG-WindowsClient, 85852160, 61169664, 3673, 3673, 0xe378d7e27f5bd69761196a0fa42da87e7939209c, ShaderCode, , MMORPG, WindowsClient, Base, Installed, 0, 61169664
540, 324280a6b11ca71700000009, 0x17A71CB1A6804232, , <ShaderCode>, MMORPG-WindowsClient, 85917696, 61173760, 3094, 3094, 0x08b4964c93c382b45be805d83de472e745b9e7eb, ShaderCode, , MMORPG, WindowsClient, Base, Installed, 0, 61173760
541, 88458eaf31eca64700000009, 0x47A6EC31AF8E4588, , <ShaderCode>, MMORPG-WindowsClient, 85983232, 61177856, 4492, 4492, 0x599475aad610fcf6ea5dcb983bc60f507aa81a6f, ShaderCode, , MMORPG, WindowsClient, Base, Installed, 0, 61177856
542, e2ed5f777aef763000000009, 0x3076EF7A775FEDE2, , <ShaderCode>, MMORPG-WindowsClient, 86048768, 61184000, 4256, 4256, 0x0254c4265082662ebeeadb458c4501b5f01dacc8, ShaderCode, , MMORPG, WindowsClient, Base, Installed, 0, 61184000
543, 8d348972158bbcf700000009, 0xF7BC8B157289348D, , <ShaderCode>, MMORPG-WindowsClient, 86114304, 61190144, 3240, 3240, 0x949da7adc88772b3813a096a4ddf008cec24b2e1, ShaderCode, , MMORPG, WindowsClient, Base, Installed, 0, 61190144
544, 3d3691451f56ec7000000009, 0x70EC561F4591363D, , <ShaderCode>, MMORPG-WindowsClient, 86179840, 61194240, 2229, 2229, 0x35f5d0dbc6816cf28ca345827bd14cfcb105e3eb, ShaderCode, , MMORPG, WindowsClient, Base, Installed, 0, 61194240
545, c17f125c1c1fee5e00000009, 0x5EEE1F1C5C127FC1, , <ShaderCode>, MMORPG-WindowsClient, 86245376, 61198336, 2337, 2337, 0x1676c8c154a6cd3ed6135c4bc30d47f59686ff92, ShaderCode, , MMORPG, WindowsClient, Base, Installed, 0, 61198336
546, 3af9c07a1bedd23e00000009, 0x3ED2ED1B7AC0F93A, , <ShaderCode>, MMORPG-WindowsClient, 86310912, 61202432, 6975, 6975, 0x2a136852f87e3f8d08e73bb803a048635a407d79, ShaderCode, , MMORPG, WindowsClient, Base, Installed, 0, 61202432
547, 96875f444fe693fb00000009, 0xFB93E64F445F8796, , <ShaderCode>, MMORPG-WindowsClient, 86376448, 61210624, 2896, 2896, 0x911e2b977a3cda66c65260f0aef65732de131951, ShaderCode, , MMORPG, WindowsClient, Base, Installed, 0, 61210624
548, 7d69549a0d12e63300000009, 0x33E6120D9A54697D, , <ShaderCode>, MMORPG-WindowsClient, 86441984, 61214720, 2221, 2221, 0xbfb2ebc1251e1ac8ac67c4914c7a632c8ba2ac1d, ShaderCode, , MMORPG, WindowsClient, Base, Installed, 0, 61214720
549, 1931e2a69c4e8af500000009, 0xF58A4E9CA6E23119, , <ShaderCode>, MMORPG-WindowsClient, 86507520, 61218816, 3527, 3527, 0x8dd4973395ade16a09ff48b8e14538d88fdeb46b, ShaderCode, , MMORPG, WindowsClient, Base, Installed, 0, 61218816
550, 78940d10737d474f00000009, 0x4F477D73100D9478, , <ShaderCode>, MMORPG-WindowsClient, 86573056, 61222912, 2628, 2628, 0xe5816d08d6e49a38066d6f70a6e157f9ebbfa044, ShaderCode, , MMORPG, WindowsClient, Base, Installed, 0, 61222912
551, 8d7a9b89dba4af9500000009, 0x95AFA4DB899B7A8D, , <ShaderCode>, MMORPG-WindowsClient, 86638592, 61227008, 4216, 4216, 0x6a9871bd6fb2d4a1df8ce08d832fe5a5187bdbe8, ShaderCode, , MMORPG, WindowsClient, Base, Installed, 0, 61227008
552, 673d91c179c30d7600000009, 0x760DC379C1913D67, , <ShaderCode>, MMORPG-WindowsClient, 86704128, 61233152, 2081, 2081, 0x71470bd54ec9d1f4709cced904102e0f15961b15, ShaderCode, , MMORPG, WindowsClient, Base, Installed, 0, 61233152
553, f931456b0414f33b00000009, 0x3BF314046B4531F9, , <ShaderCode>, MMORPG-WindowsClient, 86769664, 61235248, 1869, 1869, 0x4a1cce547abe39950becc37c980172723a8a9933, ShaderCode, , MMORPG, WindowsClient, Base, Installed, 0, 61235248
554, 6e2079e8d422700100000009, 0x17022D4E879206E, , <ShaderCode>, MMORPG-WindowsClient, 86835200, 61237248, 2718, 2718, 0x972d3dbe82d26ec247cbc5fc073cd93da44f1a67, ShaderCode, , MMORPG, WindowsClient, Base, Installed, 0, 61237248
555, 5779561a1c584d1600000009, 0x164D581C1A567957, , <ShaderCode>, MMORPG-WindowsClient, 86900736, 61241344, 31633, 31633, 0x8a9166bf7704b23e02015a26b4f2d0dcfc9425bb, ShaderCode, , MMORPG, WindowsClient, Base, Installed, 0, 61241344
556, 5c41f5f1a810a06d00000009, 0x6DA010A8F1F5415C, , <ShaderCode>, MMORPG-WindowsClient, 86966272, 61274112, 2007, 2007, 0xd511364ed1d09c04da54d92f42c90b0b5a5894e1, ShaderCode, , MMORPG, WindowsClient, Base, Installed, 0, 61274112
557, bc3d2649f0c5487d00000009, 0x7D48C5F049263DBC, , <ShaderCode>, MMORPG-WindowsClient, 87031808, 61276160, 197930, 197930, 0x70ebc681c129c0812dfd000f5c430804a371ce69, ShaderCode, , MMORPG, WindowsClient, Base, Installed, 0, 61276160
558, 47ee29dc3a5661e200000009, 0xE261563ADC29EE47, , <ShaderCode>, MMORPG-WindowsClient, 87293952, 61474816, 39416, 39416, 0x393fd206afaa39b3a278feea14d1ef95f4a124e2, ShaderCode, , MMORPG, WindowsClient, Base, Installed, 0, 61474816
559, cd19ae81cf6ff07d00000009, 0x7DF06FCF81AE19CD, , <ShaderCode>, MMORPG-WindowsClient, 87359488, 61515776, 7977, 7977, 0x95928cbac785b7663e7c8eabb2a3759a16a85846, ShaderCode, , MMORPG, WindowsClient, Base, Installed, 0, 61515776
560, 7e212592be63c01700000009, 0x17C063BE9225217E, , <ShaderCode>, MMORPG-WindowsClient, 87425024, 61523968, 20077, 20077, 0xad3789b2d519dbfe0c1d8d80ae3114bda2f4982d, ShaderCode, , MMORPG, WindowsClient, Base, Installed, 0, 61523968
561, c5032e77d5ea530b00000009, 0xB53EAD5772E03C5, , <ShaderCode>, MMORPG-WindowsClient, 87490560, 61544448, 19619, 19619, 0xf07f869391f1b4ca6bf05a344f4b61781a3a4ce2, ShaderCode, , MMORPG, WindowsClient, Base, Installed, 0, 61544448
562, 9cbd0700ecb1ef7300000009, 0x73EFB1EC0007BD9C, , <ShaderCode>, MMORPG-WindowsClient, 87556096, 61564928, 21563, 21563, 0xd2e06c4449696f726d04ab7aaad4d2c7047d7f4a, ShaderCode, , MMORPG, WindowsClient, Base, Installed, 0, 61564928
563, 74f28ceb57377a6700000009, 0x677A3757EB8CF274, , <ShaderCode>, MMORPG-WindowsClient, 87621632, 61587456, 61250, 61250, 0xfbf569320d220a521af641ab5336882edf3c36e7, ShaderCode, , MMORPG, WindowsClient, Base, Installed, 0, 61587456
564, 74339b6262a5d82500000009, 0x25D8A562629B3374, , <ShaderCode>, MMORPG-WindowsClient, 87687168, 61648896, 27061, 27061, 0xe73507926e278f84283096b29150e321bb453675, ShaderCode, , MMORPG, WindowsClient, Base, Installed, 0, 61648896
565, c151e5de0644bf8000000009, 0x80BF4406DEE551C1, , <ShaderCode>, MMORPG-WindowsClient, 87752704, 61677568, 6487, 6487, 0x9893ba15d284b10cab0198a7d01b8e2140e7f0e0, ShaderCode, , MMORPG, WindowsClient, Base, Installed, 0, 61677568
566, dedb36f3bfc9b3d800000009, 0xD8B3C9BFF336DBDE, , <ShaderCode>, MMORPG-WindowsClient, 87818240, 61685760, 37512, 37512, 0xb6f0ab0ef33c63e6992b608aff088c012278108c, ShaderCode, , MMORPG, WindowsClient, Base, Installed, 0, 61685760
567, 8870cbf89acf884600000009, 0x4688CF9AF8CB7088, , <ShaderCode>, MMORPG-WindowsClient, 87883776, 61724672, 3158, 3158, 0x080e4b5c56f17e27dc1b7df2e96d8ca965b148df, ShaderCode, , MMORPG, WindowsClient, Base, Installed, 0, 61724672
568, 6bff81204065e5dc00000009, 0xDCE565402081FF6B, , <ShaderCode>, MMORPG-WindowsClient, 87949312, 61728768, 56073, 56073, 0x0427b518017df8e8e75dfe7a3fbb743a53391e31, ShaderCode, , MMORPG, WindowsClient, Base, Installed, 0, 61728768
569, 1c2ccb7ce66bec1000000009, 0x10EC6BE67CCB2C1C, , <ShaderCode>, MMORPG-WindowsClient, 88014848, 61786112, 113411, 113411, 0xe2c8a49325ea0fb3e6c2430eb3e2f2780af2ea64, ShaderCode, , MMORPG, WindowsClient, Base, Installed, 0, 61786112
570, ef6cb1d26cc127e500000009, 0xE527C16CD2B16CEF, , <ShaderCode>, MMORPG-WindowsClient, 88145920, 61900800, 10756, 10756, 0x3efc1eb99ac6896c957858c503b9e71ced1448b9, ShaderCode, , MMORPG, WindowsClient, Base, Installed, 0, 61900800
571, abb6c91f36cc6ecc00000009, 0xCC6ECC361FC9B6AB, , <ShaderCode>, MMORPG-WindowsClient, 88211456, 61913088, 2482, 2482, 0x61aa15af429e569b18ffa828f98393cf94be74f1, ShaderCode, , MMORPG, WindowsClient, Base, Installed, 0, 61913088
572, 1fc3447ccdc9c3ce00000009, 0xCEC3C9CD7C44C31F, , <ShaderCode>, MMORPG-WindowsClient, 88276992, 61917184, 11958, 11958, 0xbbed6cbec7ba7cc5581ad022d3f19320326ccd09, ShaderCode, , MMORPG, WindowsClient, Base, Installed, 0, 61917184
573, 45a998bea91885f200000009, 0xF28518A9BE98A945, , <ShaderCode>, MMORPG-WindowsClient, 88342528, 61929472, 80340, 80340, 0xbbf723426ce7b860f68bb979317d7c43e124207e, ShaderCode, , MMORPG, WindowsClient, Base, Installed, 0, 61929472
574, 41ed53def74ff33a00000009, 0x3AF34FF7DE53ED41, , <ShaderCode>, MMORPG-WindowsClient, 88473600, 62011392, 2415, 2415, 0xfda799655f8cec0601534d3caad8582fd5f5287d, ShaderCode, , MMORPG, WindowsClient, Base, Installed, 0, 62011392
575, 81a994c8a2223ee100000009, 0xE13E22A2C894A981, , <ShaderCode>, MMORPG-WindowsClient, 88539136, 62015488, 6495, 6495, 0x60a824f713492ac2ccee7fd22b99b588da658b92, ShaderCode, , MMORPG, WindowsClient, Base, Installed, 0, 62015488
576, 70e4f23c3f592dbe00000009, 0xBE2D593F3CF2E470, , <ShaderCode>, MMORPG-WindowsClient, 88604672, 62023680, 18505, 18505, 0x28b5a3827018926fbf7696d9796fc3cd6c254017, ShaderCode, , MMORPG, WindowsClient, Base, Installed, 0, 62023680
577, 19068e40026d883f00000009, 0x3F886D02408E0619, , <ShaderCode>, MMORPG-WindowsClient, 88670208, 62044160, 11725, 11725, 0x02520c3664d26597e33b1afe7f169bc962b20020, ShaderCode, , MMORPG, WindowsClient, Base, Installed, 0, 62044160
578, 164a9e9701be9b4400000009, 0x449BBE01979E4A16, , <ShaderCode>, MMORPG-WindowsClient, 88735744, 62056448, 5614, 5614, 0x94d2f5707d11000060520f1f5652f83029494c36, ShaderCode, , MMORPG, WindowsClient, Base, Installed, 0, 62056448
579, 49af0962a28bbd1300000009, 0x13BD8BA26209AF49, , <ShaderCode>, MMORPG-WindowsClient, 88801280, 62062592, 11851, 11851, 0xe7f04810121b654382bed8c7cc54e4d9146af4d7, ShaderCode, , MMORPG, WindowsClient, Base, Installed, 0, 62062592
580, 8f5e86dc92aad96200000009, 0x62D9AA92DC865E8F, , <ShaderCode>, MMORPG-WindowsClient, 88866816, 62074880, 10682, 10682, 0x66de8b296857b7e346dc01ca1b8b8e793cd064ea, ShaderCode, , MMORPG, WindowsClient, Base, Installed, 0, 62074880
581, dc15e22b1957305c00000009, 0x5C3057192BE215DC, , <ShaderCode>, MMORPG-WindowsClient, 88932352, 62087168, 49814, 49814, 0xc9aed9bca09f740c178705b3622f14dbd96afc5f, ShaderCode, , MMORPG, WindowsClient, Base, Installed, 0, 62087168
582, a46cafe7d7963ff800000009, 0xF83F96D7E7AF6CA4, , <ShaderCode>, MMORPG-WindowsClient, 88997888, 62138368, 6507, 6507, 0x95b00ea9df3724145fdc48dae676bd998e836963, ShaderCode, , MMORPG, WindowsClient, Base, Installed, 0, 62138368
583, 3296c2c160caebc800000009, 0xC8EBCA60C1C29632, , <ShaderCode>, MMORPG-WindowsClient, 89063424, 62146560, 15233, 15233, 0x1b6bb8ba43874a4891fd3343d59413437353ef79, ShaderCode, , MMORPG, WindowsClient, Base, Installed, 0, 62146560
584, 5cf647b823b2ba8300000009, 0x83BAB223B847F65C, , <ShaderCode>, MMORPG-WindowsClient, 89128960, 62162944, 5780, 5780, 0xdc617718c5e188c3f93571ca66a0e2fb0abb56b2, ShaderCode, , MMORPG, WindowsClient, Base, Installed, 0, 62162944
585, 4f53e5df1b7671d500000009, 0xD571761BDFE5534F, , <ShaderCode>, MMORPG-WindowsClient, 89194496, 62169088, 6136, 6136, 0x08a6fad45cc7282f23560b5b020eed942bde3e9b, ShaderCode, , MMORPG, WindowsClient, Base, Installed, 0, 62169088
586, 55ffe780e77d744800000009, 0x48747DE780E7FF55, , <ShaderCode>, MMORPG-WindowsClient, 89260032, 62175232, 3546, 3546, 0xdf26fcb3c59453bc3b629c88dd310b598f5ca22a, ShaderCode, , MMORPG, WindowsClient, Base, Installed, 0, 62175232
587, a93e5ff1e4e0a33600000009, 0x36A3E0E4F15F3EA9, , <ShaderCode>, MMORPG-WindowsClient, 89325568, 62179328, 4090, 4090, 0x54e372beba6afb68ec5be056c13bd544cbe2ace2, ShaderCode, , MMORPG, WindowsClient, Base, Installed, 0, 62179328
588, 2f32a48d5750b76700000009, 0x67B750578DA4322F, , <ShaderCode>, MMORPG-WindowsClient, 89391104, 62183424, 72471, 72471, 0x050b82ef172da49e1a9f9c682211984e02524705, ShaderCode, , MMORPG, WindowsClient, Base, Installed, 0, 62183424
589, 2b5f75bd7cd5fe4400000009, 0x44FED57CBD755F2B, , <ShaderCode>, MMORPG-WindowsClient, 89522176, 62257152, 17143, 17143, 0xca59c4c62fba57932a3e7d3a08f3e7c5f4ecf346, ShaderCode, , MMORPG, WindowsClient, Base, Installed, 0, 62257152
590, 59b02f7ed4fccb3700000009, 0x37CBFCD47E2FB059, , <ShaderCode>, MMORPG-WindowsClient, 89587712, 62275584, 13040, 13040, 0x284762e8d2b9a3d3eaaa0898afc285dd90143128, ShaderCode, , MMORPG, WindowsClient, Base, Installed, 0, 62275584
591, 96b69dd3c60cc81f00000009, 0x1FC80CC6D39DB696, , <ShaderCode>, MMORPG-WindowsClient, 89653248, 62289920, 6289, 6289, 0x3460059ec72e32f9fc104d6a5acdb5b5d57ac1fd, ShaderCode, , MMORPG, WindowsClient, Base, Installed, 0, 62289920
592, 513547c1ac6e08da00000009, 0xDA086EACC1473551, , <ShaderCode>, MMORPG-WindowsClient, 89718784, 62298112, 5646, 5646, 0x62bb36e7f802b00da76d243b4787f1802fb9f908, ShaderCode, , MMORPG, WindowsClient, Base, Installed, 0, 62298112
593, 3a38aa10392ab35d00000009, 0x5DB32A3910AA383A, , <ShaderCode>, MMORPG-WindowsClient, 89784320, 62304256, 3476, 3476, 0x11f7c6df9b00367031a49cdaa91c879da0f950ca, ShaderCode, , MMORPG, WindowsClient, Base, Installed, 0, 62304256
594, c7d4e11b0b84513e00000009, 0x3E51840B1BE1D4C7, , <ShaderCode>, MMORPG-WindowsClient, 89849856, 62308352, 17623, 17623, 0x68fecc0a4bd60936bfb66eb0a4b2ff98f936721a, ShaderCode, , MMORPG, WindowsClient, Base, Installed, 0, 62308352
595, 78650bc738f86b4300000009, 0x436BF838C70B6578, , <ShaderCode>, MMORPG-WindowsClient, 89915392, 62326784, 12408, 12408, 0x14d853d173076122970e1f06dffba01758cc0000, ShaderCode, , MMORPG, WindowsClient, Base, Installed, 0, 62326784
596, 41ec853f5009d3e900000009, 0xE9D309503F85EC41, , <ShaderCode>, MMORPG-WindowsClient, 89980928, 62341120, 15610, 15610, 0x0a52dd362a47cf62624a8cefe238df9c3b0f4449, ShaderCode, , MMORPG, WindowsClient, Base, Installed, 0, 62341120
597, b01c8cf1fe06924c00000009, 0x4C9206FEF18C1CB0, , <ShaderCode>, MMORPG-WindowsClient, 90046464, 62357504, 13019, 13019, 0xdf39a9b85234544214cf556c9f832a642e193dfd, ShaderCode, , MMORPG, WindowsClient, Base, Installed, 0, 62357504
598, e46acd6310eb5df700000009, 0xF75DEB1063CD6AE4, , <ShaderCode>, MMORPG-WindowsClient, 90112000, 62371840, 9636, 9636, 0x82e14c7635428e27966d3059af2a3996decf9f67, ShaderCode, , MMORPG, WindowsClient, Base, Installed, 0, 62371840
599, 622b9d00d46fee6300000009, 0x63EE6FD4009D2B62, , <ShaderCode>, MMORPG-WindowsClient, 90177536, 62382080, 7108, 7108, 0x4c2f7386b830523eb95b132874a86ed0c021e425, ShaderCode, , MMORPG, WindowsClient, Base, Installed, 0, 62382080
600, ec9e13327de5dcd000000009, 0xD0DCE57D32139EEC, , <ShaderCode>, MMORPG-WindowsClient, 90243072, 62390272, 3637, 3637, 0xa08c3531b953cd93694645e06c293c5cc4f7c4cb, ShaderCode, , MMORPG, WindowsClient, Base, Installed, 0, 62390272
601, 28caf1b7cad1363200000009, 0x3236D1CAB7F1CA28, , <ShaderCode>, MMORPG-WindowsClient, 90308608, 62394368, 18821, 18821, 0x252a2efb22642f99ef2ae142e51c3f475f92a10e, ShaderCode, , MMORPG, WindowsClient, Base, Installed, 0, 62394368
602, ae9070738138868d00000009, 0x8D863881737090AE, , <ShaderCode>, MMORPG-WindowsClient, 90374144, 62414848, 7421, 7421, 0x906e10522c6ce45fac059ab023be21a170b74e7f, ShaderCode, , MMORPG, WindowsClient, Base, Installed, 0, 62414848
603, 230123f62f75da7400000009, 0x74DA752FF6230123, , <ShaderCode>, MMORPG-WindowsClient, 90439680, 62423040, 19607, 19607, 0x257f060a78ce35103bebf8610c53e30b9ed710c2, ShaderCode, , MMORPG, WindowsClient, Base, Installed, 0, 62423040
604, ae681885c113905b00000009, 0x5B9013C1851868AE, , <ShaderCode>, MMORPG-WindowsClient, 90505216, 62443520, 49874, 49874, 0x0d9b9c33be823f6cbe2c919bf017133ae8874b99, ShaderCode, , MMORPG, WindowsClient, Base, Installed, 0, 62443520
605, 4e49257b8fa8028600000009, 0x8602A88F7B25494E, , <ShaderCode>, MMORPG-WindowsClient, 90570752, 62494720, 22996, 22996, 0x710353988d3607904ee14a21d32c2f16b0b8af70, ShaderCode, , MMORPG, WindowsClient, Base, Installed, 0, 62494720
606, 8c41a5a2ddca8ec500000009, 0xC58ECADDA2A5418C, , <ShaderCode>, MMORPG-WindowsClient, 90636288, 62519296, 2419, 2419, 0xb6179fdccbfe16fa17e9f1074f39cd8e976ae516, ShaderCode, , MMORPG, WindowsClient, Base, Installed, 0, 62519296
607, dbdb0a26d84e0a8b00000009, 0x8B0A4ED8260ADBDB, , <ShaderCode>, MMORPG-WindowsClient, 90701824, 62523392, 6241, 6241, 0x09e93c27c0539f479472395c4dcca63f0ce1503b, ShaderCode, , MMORPG, WindowsClient, Base, Installed, 0, 62523392
608, 49f04ff1c64a2c9800000009, 0x982C4AC6F14FF049, , <ShaderCode>, MMORPG-WindowsClient, 90767360, 62531584, 2466, 2466, 0xc568aa03c6ef01a959c21693d7759175b26fe14b, ShaderCode, , MMORPG, WindowsClient, Base, Installed, 0, 62531584
609, a5ea4a8f5746c90e00000009, 0xEC946578F4AEAA5, , <ShaderCode>, MMORPG-WindowsClient, 90832896, 62535680, 8391, 8391, 0xc91e615709d46f78f018b6d36d29e84d347c82f4, ShaderCode, , MMORPG, WindowsClient, Base, Installed, 0, 62535680
610, 04b149d8e503312200000009, 0x223103E5D849B104, , <ShaderCode>, MMORPG-WindowsClient, 90898432, 62545920, 5884, 5884, 0x7f886796a258ffe8f9da9596982391ad18d45039, ShaderCode, , MMORPG, WindowsClient, Base, Installed, 0, 62545920
611, 3e31fc8da3d4b71b00000009, 0x1BB7D4A38DFC313E, , <ShaderCode>, MMORPG-WindowsClient, 90963968, 62552064, 14118, 14118, 0x207168b4e8f6ce02cf97821a7ee2af4d5fa5fdc4, ShaderCode, , MMORPG, WindowsClient, Base, Installed, 0, 62552064
612, 00604e0ce733623600000009, 0x366233E70C4E6000, , <ShaderCode>, MMORPG-WindowsClient, 91029504, 62566400, 4330, 4330, 0xbe6c6ef32221444a1ee72557a6e2edd4218f6694, ShaderCode, , MMORPG, WindowsClient, Base, Installed, 0, 62566400
613, d8e0c620ec8f12c200000009, 0xC2128FEC20C6E0D8, , <ShaderCode>, MMORPG-WindowsClient, 91095040, 62572544, 2516, 2516, 0xdc781f383506c0f59b91322577ca59685df5946d, ShaderCode, , MMORPG, WindowsClient, Base, Installed, 0, 62572544
614, abacca2594732b6e00000009, 0x6E2B739425CAACAB, , <ShaderCode>, MMORPG-WindowsClient, 91160576, 62576640, 17424, 17424, 0x4b0ffb56175b971144af7ae520a7481c4f49764b, ShaderCode, , MMORPG, WindowsClient, Base, Installed, 0, 62576640
615, 0d127c0e26ebc44900000009, 0x49C4EB260E7C120D, , <ShaderCode>, MMORPG-WindowsClient, 91226112, 62595072, 25264, 25264, 0x3ccdb6ac8c0b72a1044ea4ad946226ac7d0c33f0, ShaderCode, , MMORPG, WindowsClient, Base, Installed, 0, 62595072
616, 85bdfa85e9f0dced00000009, 0xEDDCF0E985FABD85, , <ShaderCode>, MMORPG-WindowsClient, 91291648, 62621696, 12975, 12975, 0xf10fdd99a66638e8b68c79e5649afd268ea729c9, ShaderCode, , MMORPG, WindowsClient, Base, Installed, 0, 62621696
617, 09bfe450198273cb00000009, 0xCB73821950E4BF09, , <ShaderCode>, MMORPG-WindowsClient, 91357184, 62636032, 6620, 6620, 0x7cd166ee163d1a756d7a041fda2d067c7c02bb13, ShaderCode, , MMORPG, WindowsClient, Base, Installed, 0, 62636032
618, be14649f478ce7a000000009, 0xA0E78C479F6414BE, , <ShaderCode>, MMORPG-WindowsClient, 91422720, 62644224, 8042, 8042, 0x2c800ca7fab312644dc7065e5fa93d471dd6e8e7, ShaderCode, , MMORPG, WindowsClient, Base, Installed, 0, 62644224
619, 784113670771602400000009, 0x2460710767134178, , <ShaderCode>, MMORPG-WindowsClient, 91488256, 62652416, 7283, 7283, 0xef90763e373256415cbee1895df88482c1719479, ShaderCode, , MMORPG, WindowsClient, Base, Installed, 0, 62652416
620, 95b22ac691bb770d00000009, 0xD77BB91C62AB295, , <ShaderCode>, MMORPG-WindowsClient, 91553792, 62660608, 6162, 6162, 0x042c5c3ba419b2e22f897c2814329a9afe8cf3fd, ShaderCode, , MMORPG, WindowsClient, Base, Installed, 0, 62660608
621, 078c5ecf696e246b00000009, 0x6B246E69CF5E8C07, , <ShaderCode>, MMORPG-WindowsClient, 91619328, 62668800, 2198, 2198, 0x1e6580a1b3c0bfe416eb10697126992966d7feda, ShaderCode, , MMORPG, WindowsClient, Base, Installed, 0, 62668800
622, 7709b187aebf0c6e00000009, 0x6E0CBFAE87B10977, , <ShaderCode>, MMORPG-WindowsClient, 91684864, 62672896, 5410, 5410, 0x2898e0748091dbf72c3137d4407cbd3df6017f82, ShaderCode, , MMORPG, WindowsClient, Base, Installed, 0, 62672896
623, 4a3ba8d175bf5f3600000009, 0x365FBF75D1A83B4A, , <ShaderCode>, MMORPG-WindowsClient, 91750400, 62679040, 8594, 8594, 0x64b892861ad10adbc7279bab18fb54c022856c57, ShaderCode, , MMORPG, WindowsClient, Base, Installed, 0, 62679040
624, b9552f26b18e376100000009, 0x61378EB1262F55B9, , <ShaderCode>, MMORPG-WindowsClient, 91815936, 62689280, 12854, 12854, 0xff7ced2495f3252fa4b42a988445e12851363bc7, ShaderCode, , MMORPG, WindowsClient, Base, Installed, 0, 62689280
625, 347c44dd55d7be4600000009, 0x46BED755DD447C34, , <ShaderCode>, MMORPG-WindowsClient, 91881472, 62703616, 6456, 6456, 0x8a3348e4d403d4ea34403be821fcd305ca94c6cd, ShaderCode, , MMORPG, WindowsClient, Base, Installed, 0, 62703616
626, ad28ce1d6ebdc54e00000009, 0x4EC5BD6E1DCE28AD, , <ShaderCode>, MMORPG-WindowsClient, 91947008, 62711808, 3482, 3482, 0x64afea785826b307a27a658d6ba254488e5700d8, ShaderCode, , MMORPG, WindowsClient, Base, Installed, 0, 62711808
627, 3b958c2bd6846c4d00000009, 0x4D6C84D62B8C953B, , <ShaderCode>, MMORPG-WindowsClient, 92012544, 62715904, 8268, 8268, 0x31aa64ae503a9995f69b88d77d9b2b3c2c55b414, ShaderCode, , MMORPG, WindowsClient, Base, Installed, 0, 62715904
628, 96fe5fd5676fbf8400000009, 0x84BF6F67D55FFE96, , <ShaderCode>, MMORPG-WindowsClient, 92078080, 62726144, 9408, 9408, 0x0d2916f8972e45939d1925a2fa5532b930371f3f, ShaderCode, , MMORPG, WindowsClient, Base, Installed, 0, 62726144
629, 381409520c355a8d00000009, 0x8D5A350C52091438, , <ShaderCode>, MMORPG-WindowsClient, 92143616, 62736384, 5967, 5967, 0x044e3bbab32c3e749d37ef340c96be288f3859f9, ShaderCode, , MMORPG, WindowsClient, Base, Installed, 0, 62736384
630, fd83c568fa6e325b00000009, 0x5B326EFA68C583FD, , <ShaderCode>, MMORPG-WindowsClient, 92209152, 62742528, 15685, 15685, 0xff87d4fecd3baf50cd09a41a337c1be61e4e7e85, ShaderCode, , MMORPG, WindowsClient, Base, Installed, 0, 62742528
631, e39ceaec50ddb02500000009, 0x25B0DD50ECEA9CE3, , <ShaderCode>, MMORPG-WindowsClient, 92274688, 62758912, 5828, 5828, 0x30db464e99d9253b8564639e3496c77e172b777d, ShaderCode, , MMORPG, WindowsClient, Base, Installed, 0, 62758912
632, aac45f3ea356071300000009, 0x130756A33E5FC4AA, , <ShaderCode>, MMORPG-WindowsClient, 92340224, 62765056, 7788, 7788, 0xd6cced47fa68d5d824c42f5063e6f62933b1b37b, ShaderCode, , MMORPG, WindowsClient, Base, Installed, 0, 62765056
633, 48df6ea8f0dde6b400000009, 0xB4E6DDF0A86EDF48, , <ShaderCode>, MMORPG-WindowsClient, 92405760, 62773248, 6545, 6545, 0x0ada01f8cac82640bfc7d3dc87c6208d69fab1af, ShaderCode, , MMORPG, WindowsClient, Base, Installed, 0, 62773248
634, 4a8742d3a4f2b0f600000009, 0xF6B0F2A4D342874A, , <ShaderCode>, MMORPG-WindowsClient, 92471296, 62781440, 5337, 5337, 0xe56419f9211397f707286f5bf37da6e435527304, ShaderCode, , MMORPG, WindowsClient, Base, Installed, 0, 62781440
635, cf76b191dfb70bdc00000009, 0xDC0BB7DF91B176CF, , <ShaderCode>, MMORPG-WindowsClient, 92536832, 62787584, 8360, 8360, 0xbac15bb85b5ea9ac7700049f6802bc9eb2542d4f, ShaderCode, , MMORPG, WindowsClient, Base, Installed, 0, 62787584
636, f3d156446b1c503b00000009, 0x3B501C6B4456D1F3, , <ShaderCode>, MMORPG-WindowsClient, 92602368, 62797824, 5904, 5904, 0xe746e19e9115eba2448c24a4097b23e8939d3070, ShaderCode, , MMORPG, WindowsClient, Base, Installed, 0, 62797824
637, 8b1a480fab7c30c800000009, 0xC8307CAB0F481A8B, , <ShaderCode>, MMORPG-WindowsClient, 92667904, 62803968, 9503, 9503, 0x1fe81ac403d1e30f5e743ec8b1976a50189b2030, ShaderCode, , MMORPG, WindowsClient, Base, Installed, 0, 62803968
638, 58f876aa5a6b160300000009, 0x3166B5AAA76F858, , <ShaderCode>, MMORPG-WindowsClient, 92733440, 62814208, 6561, 6561, 0x5b2fed34285c8486a89c9d1e8bc6fa99d6710d7d, ShaderCode, , MMORPG, WindowsClient, Base, Installed, 0, 62814208
639, fa2bd30e8db7c7a100000009, 0xA1C7B78D0ED32BFA, , <ShaderCode>, MMORPG-WindowsClient, 92798976, 62822400, 6702, 6702, 0x05fa1ece880ffd97a14fed29195c82d7b228971d, ShaderCode, , MMORPG, WindowsClient, Base, Installed, 0, 62822400
640, 6a47444d21f16aa000000009, 0xA06AF1214D44476A, , <ShaderCode>, MMORPG-WindowsClient, 92864512, 62830592, 6163, 6163, 0x5ae072f1d8034dcd0f20c82dc6ece473a1b26ae9, ShaderCode, , MMORPG, WindowsClient, Base, Installed, 0, 62830592
641, 35c9aba0522ce26800000009, 0x68E22C52A0ABC935, , <ShaderCode>, MMORPG-WindowsClient, 92930048, 62838784, 6522, 6522, 0xbfcd7a8858e63415b42473f03c3428d06fd63750, ShaderCode, , MMORPG, WindowsClient, Base, Installed, 0, 62838784
642, 134dfa1c72996dc100000009, 0xC16D99721CFA4D13, , <ShaderCode>, MMORPG-WindowsClient, 92995584, 62846976, 4820, 4820, 0xec03805feb1d29bfa100b44c5c29d1b1a24e5667, ShaderCode, , MMORPG, WindowsClient, Base, Installed, 0, 62846976
643, 3ae997359b3aba4a00000009, 0x4ABA3A9B3597E93A, , <ShaderCode>, MMORPG-WindowsClient, 93061120, 62853120, 5303, 5303, 0xb944f24bb3b8b86da3b62ca61fb38cc71e88a7cf, ShaderCode, , MMORPG, WindowsClient, Base, Installed, 0, 62853120
644, 579d6c288736322200000009, 0x22323687286C9D57, , <ShaderCode>, MMORPG-WindowsClient, 93126656, 62859264, 3583, 3583, 0x7b295304f7e9135793e2729186e1b32950942803, ShaderCode, , MMORPG, WindowsClient, Base, Installed, 0, 62859264
645, 9b90b90cd4c6ad6800000009, 0x68ADC6D40CB9909B, , <ShaderCode>, MMORPG-WindowsClient, 93192192, 62863360, 7253, 7253, 0x8689264c9748e921718a52e36994be6313ba3c9c, ShaderCode, , MMORPG, WindowsClient, Base, Installed, 0, 62863360
646, 3bf7f6e4b118a54c00000009, 0x4CA518B1E4F6F73B, , <ShaderCode>, MMORPG-WindowsClient, 93257728, 62871552, 6082, 6082, 0xde51aea0cc710cfa7039ba9941dd12dde9f814c9, ShaderCode, , MMORPG, WindowsClient, Base, Installed, 0, 62871552
647, d238c9065e4de9a200000009, 0xA2E94D5E06C938D2, , <ShaderCode>, MMORPG-WindowsClient, 93323264, 62877696, 2418, 2418, 0xd2b76d14b62e303320edb6968f167983e20d34c9, ShaderCode, , MMORPG, WindowsClient, Base, Installed, 0, 62877696
648, 1b7fe9c0d2a681de00000001, 0xDE81A6D2C0E97F1B, , ../../../Engine/Plugins/Experimental/Landmass/Content/Landscape/BlueprintBrushes/Materials/BrushMaterials/BasicFunctions/LandmassBrush_ShapeMask.uasset, MMORPG-WindowsClient, 93388800, 62880128, 398, 398, 0x530f776b17ced957bd101b334b1db932b5c4bff6, ExportBundleData, , MMORPG, WindowsClient, Base, Installed, 0, 62880128
649, 205bacd3dde945dc00000001, 0xDC45E9DDD3AC5B20, , ../../../Engine/Plugins/Experimental/Landmass/Content/Landscape/BlueprintBrushes/MPC/MPC_Landscape.uasset, MMORPG-WindowsClient, 93454336, 62880528, 1056, 802, 0x22c3720718861c6c36c9cc75544535f316e576c1, ExportBundleData, , MMORPG, WindowsClient, Base, Installed, 0, 62880528
650, ba7e3056552583db00000001, 0xDB83255556307EBA, , ../../../Engine/Plugins/Experimental/Landmass/Content/Landscape/BlueprintBrushes/MF/LandmassBrush_Noise.uasset, MMORPG-WindowsClient, 93519872, 62881792, 509, 509, 0x2163cee3e9627f404cca7934ae44f6d9ee007bc8, ExportBundleData, , MMORPG, WindowsClient, Base, Installed, 0, 62881792
651, 7d917017341b4fd900000001, 0xD94F1B341770917D, /Engine/EditorMaterials/TilingAALineIntegral, ../../../Engine/Content/EditorMaterials/TilingAALineIntegral.uasset, MMORPG-WindowsClient, 93585408, 62882304, 334, 334, 0x49ddb20e09525af6a18e79636b12a6cfc1f093a4, ExportBundleData, , MMORPG, WindowsClient, Base, Installed, 0, 62882304
652, 3a34691b686967c800000001, 0xC86769681B69343A, /Engine/EditorMaterials/TilingAALineBoxFiltered, ../../../Engine/Content/EditorMaterials/TilingAALineBoxFiltered.uasset, MMORPG-WindowsClient, 93650944, 62882640, 342, 342, 0xfa8e367d19e0b65e5352d2971a492909e96f569b, ExportBundleData, , MMORPG, WindowsClient, Base, Installed, 0, 62882640
653, 729d854038cf00c300000001, 0xC300CF3840859D72, /Engine/EditorMaterials/TilingAAGrid, ../../../Engine/Content/EditorMaterials/TilingAAGrid.uasset, MMORPG-WindowsClient, 93716480, 62882992, 318, 318, 0xd687bf09f4001b01d015389eadbbe6c3afbf36a1, ExportBundleData, , MMORPG, WindowsClient, Base, Installed, 0, 62882992
654, 960861c4668616b700000001, 0xB7168666C4610896, /Engine/Functions/Engine_MaterialFunctions03/Blends/Blend_Screen, ../../../Engine/Content/Functions/Engine_MaterialFunctions03/Blends/Blend_Screen.uasset, MMORPG-WindowsClient, 93782016, 62883312, 436, 436, 0x8c5d93615fe8c243791d84204592ee5bc649b3d0, ExportBundleData, , MMORPG, WindowsClient, Base, Installed, 0, 62883312
655, 86d4a29dd1d7e3b600000001, 0xB6E3D7D19DA2D486, /Engine/Functions/Engine_MaterialFunctions02/WorldPositionOffset/V2/ObjectScale, ../../../Engine/Content/Functions/Engine_MaterialFunctions02/WorldPositionOffset/V2/ObjectScale.uasset, MMORPG-WindowsClient, 93847552, 62883840, 477, 477, 0xe909152e8866b2cf8edded34911dcb6e6ddd221b, ExportBundleData, , MMORPG, WindowsClient, Base, Installed, 0, 62883840
656, 3a3d58899a001db000000001, 0xB01D009A89583D3A, , ../../../Engine/Plugins/Experimental/Landmass/Content/Landscape/BlueprintBrushes/MF/PointSampleLandscapeUVs.uasset, MMORPG-WindowsClient, 93913088, 62884320, 358, 358, 0x3589fc3b6cf5f83d6570696e3bf3e38861303489, ExportBundleData, , MMORPG, WindowsClient, Base, Installed, 0, 62884320
657, 86bb9e26db3da1a600000001, 0xA6A13DDB269EBB86, /Engine/Functions/Engine_MaterialFunctions03/Procedurals/ComputeFilterWidth, ../../../Engine/Content/Functions/Engine_MaterialFunctions03/Procedurals/ComputeFilterWidth.uasset, MMORPG-WindowsClient, 93978624, 62884688, 369, 369, 0xc90c590a24de8364323e146e4ae6767e8e716259, ExportBundleData, , MMORPG, WindowsClient, Base, Installed, 0, 62884688
658, 091c4aab66ee677700000001, 0x7767EE66AB4A1C09, /Engine/ArtTools/RenderToTexture/Textures/T_EV_BlankWhite_01, ../../../Engine/Content/ArtTools/RenderToTexture/Textures/T_EV_BlankWhite_01.uasset, MMORPG-WindowsClient, 94044160, 62885072, 646, 646, 0x5755064ef1d85180f2a47ac25e2db23d16187b5a, ExportBundleData, , MMORPG, WindowsClient, Base, Installed, 0, 62885072
659, 862025be9422385500000001, 0x55382294BE252086, , ../../../Engine/Plugins/Experimental/Landmass/Content/Landscape/BlueprintBrushes/MF/Landmass_BrushTilt.uasset, MMORPG-WindowsClient, 94109696, 62885888, 350, 350, 0x95697410f610d0fc89ec94c208d308267cf38b20, ExportBundleData, , MMORPG, WindowsClient, Base, Installed, 0, 62885888
660, b433a880ead0ab3200000001, 0x32ABD0EA80A833B4, , ../../../Engine/Plugins/Experimental/Landmass/Content/Landscape/BlueprintBrushes/MF/LandmassBrush_UVs.uasset, MMORPG-WindowsClient, 94175232, 62886240, 350, 350, 0x5c930ec6a994e3617e91ce2fce1d9dd275e617ba, ExportBundleData, , MMORPG, WindowsClient, Base, Installed, 0, 62886240
661, f18c6629d6b2922c00000001, 0x2C92B2D629668CF1, /Engine/Functions/Engine_MaterialFunctions01/ImageAdjustment/SCurve, ../../../Engine/Content/Functions/Engine_MaterialFunctions01/ImageAdjustment/SCurve.uasset, MMORPG-WindowsClient, 94240768, 62886592, 395, 395, 0xed78c89e99923691f6e2ef258130ca3f9f462f79, ExportBundleData, , MMORPG, WindowsClient, Base, Installed, 0, 62886592
662, 3f4f90b51972562400000001, 0x24567219B5904F3F, /Engine/Functions/Engine_MaterialFunctions02/Utility/VectorLength, ../../../Engine/Content/Functions/Engine_MaterialFunctions02/Utility/VectorLength.uasset, MMORPG-WindowsClient, 94306304, 62886992, 385, 385, 0xa995f495b1bcfa3b380ab4f4b0c4493da2b1b2e0, ExportBundleData, , MMORPG, WindowsClient, Base, Installed, 0, 62886992
663, a29fb34f83f7d31a00000001, 0x1AD3F7834FB39FA2, /Engine/Functions/Engine_MaterialFunctions02/Utility/MakeFloat2, ../../../Engine/Content/Functions/Engine_MaterialFunctions02/Utility/MakeFloat2.uasset, MMORPG-WindowsClient, 94371840, 62887392, 413, 413, 0x4530e9aa2c05a4040625b4a42d0ca8c3dc76b3a3, ExportBundleData, , MMORPG, WindowsClient, Base, Installed, 0, 62887392
664, 1c2fdb5ed1644a1500000001, 0x154A64D15EDB2F1C, , ../../../Engine/Plugins/Experimental/Landmass/Content/Landscape/BlueprintBrushes/MF/LandmassBrush_EdgeFalloff.uasset, MMORPG-WindowsClient, 94437376, 62887936, 366, 366, 0xdbe89337db18f9a949787c193fc4a2b8d8126081, ExportBundleData, , MMORPG, WindowsClient, Base, Installed, 0, 62887936
665, 94d5e4cbc0f4380c00000001, 0xC38F4C0CBE4D594, /Engine/Functions/Engine_MaterialFunctions02/Utility/BreakOutFloat2Components, ../../../Engine/Content/Functions/Engine_MaterialFunctions02/Utility/BreakOutFloat2Components.uasset, MMORPG-WindowsClient, 94502912, 62888304, 487, 487, 0xaf114250c96733008483ab102a2c9e68f811e393, ExportBundleData, , MMORPG, WindowsClient, Base, Installed, 0, 62888304
666, db2e171c6bb1610000000001, 0x61B16B1C172EDB, , ../../../Engine/Plugins/Experimental/Landmass/Content/Landscape/OldPrototype_BP/Mats/MF/UnpackRG8Height.uasset, MMORPG-WindowsClient, 94568448, 62888800, 350, 350, 0xfba741747feba4e4a49f297a5cd60b832cebf4a1, ExportBundleData, , MMORPG, WindowsClient, Base, Installed, 0, 62888800
667, 74244cbe80370c6400000001, 0x640C3780BE4C2474, , ../../../Engine/Plugins/Experimental/Landmass/Content/Landscape/BlueprintBrushes/Materials/Internal/BrushBounds.uasset, MMORPG-WindowsClient, 94633984, 62889984, 12132, 4752, 0x1173823f3629494d6b4a8b6b6b5569966255b452, ExportBundleData, , MMORPG, WindowsClient, Base, Installed, 0, 62889984
668, f14a076e8b5c2fda00000009, 0xDA2F5C8B6E074AF1, , <ShaderCode>, MMORPG-WindowsClient, 94699520, 62896128, 15694, 15694, 0x6ee53c73c1373d324501a602a07e82079577b2b3, ShaderCode, , MMORPG, WindowsClient, Base, Installed, 0, 62896128
669, 862e4eada564b40000000001, 0xB464A5AD4E2E86, , ../../../Engine/Plugins/Interchange/Assets/Content/Functions/MX_OpenPBR_Opaque.uasset, MMORPG-WindowsClient, 94765056, 62911824, 461, 461, 0xab4dcd3065905b6e96f18d5da4fd87fa2ffcde46, ExportBundleData, , MMORPG, WindowsClient, Base, Installed, 0, 62911824
670, c40cd6b8325bee0000000001, 0xEE5B32B8D60CC4, /Engine/EngineMaterials/WeightMapArrayPlaceholderTexture, ../../../Engine/Content/EngineMaterials/WeightMapArrayPlaceholderTexture.uasset, MMORPG-WindowsClient, 94830592, 62912512, 556, 556, 0x6978df5ce339adaebd9fe802a13c6c19f4c62ad0, ExportBundleData, , MMORPG, WindowsClient, Base, Installed, 0, 62912512
671, 37f15a009b9a280100000001, 0x1289A9B005AF137, , ../../../Engine/Plugins/Experimental/Water/Content/Icons/WaterBodyIslandSprite.uasset, MMORPG-WindowsClient, 94896128, 62914560, 66041, 6851, 0x744e46bec0374d1203a37e6ad89920c6bfff75fe, ExportBundleData, , MMORPG, WindowsClient, Base, Installed, 0, 62914560
672, b743bdd5e5df72a400000001, 0xA472DFE5D5BD43B7, /Engine/EngineMaterials/T_Default_Material_Grid_M, ../../../Engine/Content/EngineMaterials/T_Default_Material_Grid_M.uasset, MMORPG-WindowsClient, 95027200, 62922752, 6449, 2931, 0xde459717df97b404cc4ea6576f2cafede9a08172, ExportBundleData, , MMORPG, WindowsClient, Base, Installed, 0, 62922752
673, 7a7173cfb4095b9f00000001, 0x9F5B09B4CF73717A, /Engine/EngineMaterials/T_Default_Material_Grid_N, ../../../Engine/Content/EngineMaterials/T_Default_Material_Grid_N.uasset, MMORPG-WindowsClient, 95092736, 62925696, 6398, 755, 0x47129b7ada93d836dfbe6623841ad352a2dc9532, ExportBundleData, , MMORPG, WindowsClient, Base, Installed, 0, 62925696
674, 6a3b7a697242e13400000001, 0x34E14272697A3B6A, /Engine/Functions/Engine_MaterialFunctions01/Opacity/CameraDepthFade, ../../../Engine/Content/Functions/Engine_MaterialFunctions01/Opacity/CameraDepthFade.uasset, MMORPG-WindowsClient, 95158272, 62926848, 487, 487, 0xac6c6048f73f2dfb51b55fe9da11e805e1c9a7ca, ExportBundleData, , MMORPG, WindowsClient, Base, Installed, 0, 62926848
675, eeb296b2a739309500000001, 0x953039A7B296B2EE, /Engine/EngineMaterials/WorldGridMaterial, ../../../Engine/Content/EngineMaterials/WorldGridMaterial.uasset, MMORPG-WindowsClient, 95223808, 62928896, 558769, 57455, 0x7020161be596cb86ba3cdc870c49377e5f3b13a7, ExportBundleData, , MMORPG, WindowsClient, Base, Installed, 0, 62928896
676, 43464c852bb6394f00000009, 0x4F39B62B854C4643, , <ShaderCode>, MMORPG-WindowsClient, 95813632, 62988288, 484236, 484236, 0xc7e0654731cb574293b35cfabb81905f610757b1, ShaderCode, , MMORPG, WindowsClient, Base, Installed, 0, 62988288
677, ca9a2fcc5ff4c94f00000009, 0x4FC9F45FCC2F9ACA, , <ShaderCode>, MMORPG-WindowsClient, 96337920, 63473664, 474833, 474833, 0xccd7731efcccb88ad50e9635e8301882697f9097, ShaderCode, , MMORPG, WindowsClient, Base, Installed, 0, 63473664
678, 6b2c412ddc7c37fb00000009, 0xFB377CDC2D412C6B, , <ShaderCode>, MMORPG-WindowsClient, 96862208, 63948800, 508779, 508779, 0x1ad688cf075ebc2173ff17a65d9136b08a6bf605, ShaderCode, , MMORPG, WindowsClient, Base, Installed, 0, 63948800
679, 3676f34288e8caee00000009, 0xEECAE88842F37636, , <ShaderCode>, MMORPG-WindowsClient, 97386496, 64458752, 504495, 504495, 0x83bdccd0dce9071ed8997518a6a78492241cbb61, ShaderCode, , MMORPG, WindowsClient, Base, Installed, 0, 64458752
680, 6327ed7f33607e8400000009, 0x847E60337FED2763, , <ShaderCode>, MMORPG-WindowsClient, 97910784, 64964608, 496220, 496220, 0xc65b63541c54d376feab7ef34eb0524502fd46ca, ShaderCode, , MMORPG, WindowsClient, Base, Installed, 0, 64964608
681, aa347d2225bf849600000009, 0x9684BF25227D34AA, , <ShaderCode>, MMORPG-WindowsClient, 98435072, 65462272, 497719, 497719, 0xa885a7aac178a50974baec816a37b480bc9cdc62, ShaderCode, , MMORPG, WindowsClient, Base, Installed, 0, 65462272
682, 8eca192b2f35e1ca00000009, 0xCAE1352F2B19CA8E, , <ShaderCode>, MMORPG-WindowsClient, 98959360, 65961984, 496433, 496433, 0xd5ae18f004c30b84bed4e371e0603c4c8fbec949, ShaderCode, , MMORPG, WindowsClient, Base, Installed, 0, 65961984
683, d688ad8caa3e7ba000000009, 0xA07B3EAA8CAD88D6, , <ShaderCode>, MMORPG-WindowsClient, 99483648, 66459648, 483851, 483851, 0xbe5159504e1251cf3dbe227a6342344e45142562, ShaderCode, , MMORPG, WindowsClient, Base, Installed, 0, 66459648
684, 94e5c717009f86dc00000009, 0xDC869F0017C7E594, , <ShaderCode>, MMORPG-WindowsClient, 100007936, 66945024, 479981, 479981, 0xef7475bce5242aaad80f5fed56932bec71dd78cb, ShaderCode, , MMORPG, WindowsClient, Base, Installed, 0, 66945024
685, f8f60db95040f27300000009, 0x73F24050B90DF6F8, , <ShaderCode>, MMORPG-WindowsClient, 100532224, 67426304, 485548, 485548, 0xf2941087c82f413100748050e011a8c524e19f57, ShaderCode, , MMORPG, WindowsClient, Base, Installed, 0, 67426304
686, fadeec9292d12bdd00000009, 0xDD2BD19292ECDEFA, , <ShaderCode>, MMORPG-WindowsClient, 101056512, 67913728, 480766, 480766, 0x1ecb8b1e879a63e947c0ce211535f84e2494350a, ShaderCode, , MMORPG, WindowsClient, Base, Installed, 0, 67913728
687, 7ff017c41624903300000009, 0x33902416C417F07F, , <ShaderCode>, MMORPG-WindowsClient, 101580800, 68395008, 498974, 498974, 0x981aa20cc1cfc9e5e21c66b3c8a315bdac921acb, ShaderCode, , MMORPG, WindowsClient, Base, Installed, 0, 68395008
688, ee735f95c6fe420100000001, 0x142FEC6955F73EE, , ../../../Engine/Plugins/Animation/ControlRig/Content/Controls/ControlRig_Triangle_1mm.uasset, MMORPG-WindowsClient, 102105088, 68894720, 6557, 2222, 0x0839f369fc68e7501b1425dcdbd684f99e4dc3cc, ExportBundleData, , MMORPG, WindowsClient, Base, Installed, 0, 68894720
689, a676230198ee7bec00000001, 0xEC7BEE98012376A6, , ../../../Engine/Plugins/Runtime/CommonUI/Content/MaterialFunctions/MF_UI_RemappableGradient.uasset, MMORPG-WindowsClient, 102170624, 68896944, 350, 350, 0xb16cd6b03ded860498f4008008386217ad927e5a, ExportBundleData, , MMORPG, WindowsClient, Base, Installed, 0, 68896944
690, 1848a443ca7143e000000001, 0xE04371CA43A44818, , ../../../Engine/Plugins/Runtime/CommonUI/Content/MaterialFunctions/MF_UI_AntiAliasing.uasset, MMORPG-WindowsClient, 102236160, 68897296, 334, 334, 0xe0a6ad13750706012fdeac3c31d076fbb7965979, ExportBundleData, , MMORPG, WindowsClient, Base, Installed, 0, 68897296
691, a674b81c92e182d000000001, 0xD082E1921CB874A6, , ../../../Engine/Plugins/Runtime/CommonUI/Content/MaterialFunctions/MF_UI_PolarCoordinates.uasset, MMORPG-WindowsClient, 102301696, 68897632, 342, 342, 0x6924758511470ff32981923a063f4db386a02ba6, ExportBundleData, , MMORPG, WindowsClient, Base, Installed, 0, 68897632
692, 3b9a8c79528b02c700000001, 0xC7028B52798C9A3B, , ../../../Engine/Plugins/Runtime/CommonUI/Content/MaterialFunctions/MF_UI_RadialSegments.uasset, MMORPG-WindowsClient, 102367232, 68897984, 342, 342, 0x371569e43caceed3973c5c9bc32e319743487a8e, ExportBundleData, , MMORPG, WindowsClient, Base, Installed, 0, 68897984
693, 590771ae2f1f02ad00000001, 0xAD021F2FAE710759, , ../../../Engine/Plugins/Runtime/CommonUI/Content/MaterialFunctions/MF_UI_SDF_Circle.uasset, MMORPG-WindowsClient, 102432768, 68898336, 334, 334, 0x3318d020ccac1461c628b5781da3eb7c513c2d8d, ExportBundleData, , MMORPG, WindowsClient, Base, Installed, 0, 68898336
694, 2aefdafb6a2c0f9400000001, 0x940F2C6AFBDAEF2A, /Engine/Functions/UserInterface/GetUserInterfaceUV, ../../../Engine/Content/Functions/UserInterface/GetUserInterfaceUV.uasset, MMORPG-WindowsClient, 102498304, 68898816, 439, 439, 0x454d245259a3e7f92ab99efc142890d9facfc769, ExportBundleData, , MMORPG, WindowsClient, Base, Installed, 0, 68898816
695, 50414c7d1d2b126400000001, 0x64122B1D7D4C4150, /Engine/Functions/Engine_MaterialFunctions03/Math/RemapValueRange, ../../../Engine/Content/Functions/Engine_MaterialFunctions03/Math/RemapValueRange.uasset, MMORPG-WindowsClient, 102563840, 68899264, 445, 445, 0xff5dca084d4bd7f3b74935db610b0d84fc788dc5, ExportBundleData, , MMORPG, WindowsClient, Base, Installed, 0, 68899264
696, 11b9a53f5eb14e3800000001, 0x384EB15E3FA5B911, , ../../../Engine/Plugins/Runtime/CommonUI/Content/MaterialFunctions/MF_UI_PingPong.uasset, MMORPG-WindowsClient, 102629376, 68899712, 326, 326, 0x73d6cc31bd3df132edebf73a789f754009fe2d5f, ExportBundleData, , MMORPG, WindowsClient, Base, Installed, 0, 68899712
697, c84d6af22b4f293100000001, 0x31294F2BF26A4DC8, , ../../../Engine/Plugins/Runtime/CommonUI/Content/MaterialFunctions/MF_UI_CheaperVectorToRadial.uasset, MMORPG-WindowsClient, 102694912, 68900048, 358, 358, 0x2955429b23db2d09cbb6d8a03d79672c87d0ff0b, ExportBundleData, , MMORPG, WindowsClient, Base, Installed, 0, 68900048
698, d16b2e177271f8d900000001, 0xD9F87172172E6BD1, , ../../../Engine/Plugins/Runtime/CommonUI/Content/M_UI_HoldProgress.uasset, MMORPG-WindowsClient, 102760448, 68900864, 7179, 2553, 0x0b24899dcfad9a1d5b14d95b4ec790740426e47f, ExportBundleData, , MMORPG, WindowsClient, Base, Installed, 0, 68900864
699, 8fa4bdfac5dd39db00000009, 0xDB39DDC5FABDA48F, , <ShaderCode>, MMORPG-WindowsClient, 102825984, 68904960, 13545, 13545, 0xc16813a4ad4185b4a3f3903361f8607d1133451e, ShaderCode, , MMORPG, WindowsClient, Base, Installed, 0, 68904960
700, ec7593762c68b60100000001, 0x1B6682C769375EC, , ../../../Engine/Plugins/Runtime/CommonUI/Content/MaterialFunctions/MF_UI_Sectors.uasset, MMORPG-WindowsClient, 102891520, 68918512, 326, 326, 0x1fc16dbf3f86cf1b4f411301f371a52503ab8ab4, ExportBundleData, , MMORPG, WindowsClient, Base, Installed, 0, 68918512
701, cc6abf839439417300000001, 0x7341399483BF6ACC, , ../../../Engine/Plugins/Runtime/CommonUI/Content/M_UI_VirtualPointer.uasset, MMORPG-WindowsClient, 102957056, 68919296, 7913, 2797, 0x2b47112ca8b487db7a231f0c9eba4d4e6f987873, ExportBundleData, , MMORPG, WindowsClient, Base, Installed, 0, 68919296
702, 19afc25540ce047f00000009, 0x7F04CE4055C2AF19, , <ShaderCode>, MMORPG-WindowsClient, 103022592, 68923392, 17742, 17742, 0x1e6179cbd3e1a480c964feff54a508e145dcc48a, ShaderCode, , MMORPG, WindowsClient, Base, Installed, 0, 68923392
703, 5fd615dc496a0f4200000001, 0x420F6A49DC15D65F, , ../../../Engine/Plugins/Runtime/CommonUI/Content/WBP_VirtualPointer.uasset, MMORPG-WindowsClient, 103088128, 68941824, 9141, 3211, 0xb73f429dc9a7e3cf88fd6c809fd1b16424078710, ExportBundleData, , MMORPG, WindowsClient, Base, Installed, 0, 68941824
704, 1c2fd1107a52870200000001, 0x287527A10D12F1C, , ../../../Engine/Plugins/Interchange/Runtime/Content/Pipelines/DefaultTexturePipeline.uasset, MMORPG-WindowsClient, 103153664, 68945040, 1398, 587, 0x9bd0e6aa1bf35bbf9afeee0efd484d8d5eb4b577, ExportBundleData, , MMORPG, WindowsClient, Base, Installed, 0, 68945040
705, e43855b9d402d6d500000001, 0xD5D602D4B95538E4, /Engine/Functions/Engine_MaterialFunctions01/Gradient/LinearGradient, ../../../Engine/Content/Functions/Engine_MaterialFunctions01/Gradient/LinearGradient.uasset, MMORPG-WindowsClient, 103219200, 68945920, 437, 437, 0xf7f6c3234d17847b0463e9047b9022f73f52cc97, ExportBundleData, , MMORPG, WindowsClient, Base, Installed, 0, 68945920
706, dab3ede8bda8d8ca00000001, 0xCAD8A8BDE8EDB3DA, /Engine/Functions/Engine_MaterialFunctions01/ImageAdjustment/CheapContrast, ../../../Engine/Content/Functions/Engine_MaterialFunctions01/ImageAdjustment/CheapContrast.uasset, MMORPG-WindowsClient, 103284736, 68946368, 443, 443, 0x9fe2b714deaf1b4a57b80be56fd6c49370b1dd32, ExportBundleData, , MMORPG, WindowsClient, Base, Installed, 0, 68946368
707, 4762b775bfe4b22d00000001, 0x2DB2E4BF75B76247, /Engine/Functions/Engine_MaterialFunctions02/WorldPositionOffset/ObjectScale, ../../../Engine/Content/Functions/Engine_MaterialFunctions02/WorldPositionOffset/ObjectScale.uasset, MMORPG-WindowsClient, 103350272, 68946816, 465, 465, 0x1a462e6e6f8a5ca61ca4bba3f684b2b851d8d0b1, ExportBundleData, , MMORPG, WindowsClient, Base, Installed, 0, 68946816
708, 22ce47c64c5d7f1300000001, 0x137F5D4CC647CE22, /Engine/Functions/Engine_MaterialFunctions01/Texturing/WorldAlignedTexture, ../../../Engine/Content/Functions/Engine_MaterialFunctions01/Texturing/WorldAlignedTexture.uasset, MMORPG-WindowsClient, 103415808, 68947296, 405, 405, 0xdb13d6202f6a31bb32de5699489174227443eb01, ExportBundleData, , MMORPG, WindowsClient, Base, Installed, 0, 68947296
709, 90a85c702925e60200000001, 0x2E62529705CA890, /Engine/EngineMaterials/Grid, ../../../Engine/Content/EngineMaterials/Grid.uasset, MMORPG-WindowsClient, 103481344, 68947968, 6398, 1205, 0xd8c6d14fd39be28b21720978ccf09e3e78a012f7, ExportBundleData, , MMORPG, WindowsClient, Base, Installed, 0, 68947968
710, 7a820a312e6848a400000001, 0xA448682E310A827A, /Engine/EditorMaterials/Dataflow/DataflowSelection, ../../../Engine/Content/EditorMaterials/Dataflow/DataflowSelection.uasset, MMORPG-WindowsClient, 103546880, 68950016, 27297, 6475, 0xef1c28466c3d524cf7634af71c468bfab1fb5fa1, ExportBundleData, , MMORPG, WindowsClient, Base, Installed, 0, 68950016
711, 841e099f68ccbd4b00000009, 0x4BBDCC689F091E84, , <ShaderCode>, MMORPG-WindowsClient, 103612416, 68958208, 258004, 258004, 0xe49338f0525e2e99855ea0c4f4db7599c5b319fd, ShaderCode, , MMORPG, WindowsClient, Base, Installed, 0, 68958208
712, 6e4ac6d8f5ca0a0300000001, 0x30ACAF5D8C64A6E, , ../../../Engine/Plugins/Interchange/Runtime/Content/Pipelines/DefaultSceneAssetsPipeline.uasset, MMORPG-WindowsClient, 103874560, 69216256, 15965, 3839, 0x1369720899e3f55c450a648232341276ad425f73, ExportBundleData, , MMORPG, WindowsClient, Base, Installed, 0, 69216256
713, 3e6f2bc6739d380300000001, 0x3389D73C62B6F3E, /Engine/EngineResources/DefaultTextureCube, ../../../Engine/Content/EngineResources/DefaultTextureCube.uasset, MMORPG-WindowsClient, 103940096, 69220352, 66434, 9344, 0x9445acbd0580d101d9bbe7f31478ee66538cd28d, ExportBundleData, , MMORPG, WindowsClient, Base, Installed, 0, 69220352
714, f421d8f857b9ed0300000001, 0x3EDB957F8D821F4, /Engine/EngineMeshes/Sphere, ../../../Engine/Content/EngineMeshes/Sphere.uasset, MMORPG-WindowsClient, 104071168, 69230592, 38789, 13416, 0xd5716e7452ef7f4f5efbcd96d1a8c3e621082381, ExportBundleData, , MMORPG, WindowsClient, Base, Installed, 0, 69230592
715, 8b12fc0ce026f5be00000001, 0xBEF526E00CFC128B, /Engine/EditorLandscapeResources/DefaultAlphaTexture, ../../../Engine/Content/EditorLandscapeResources/DefaultAlphaTexture.uasset, MMORPG-WindowsClient, 104136704, 69244016, 22646, 516, 0x2d696ecb3c00d4b3f865bf003b46ea4b83405be0, ExportBundleData, , MMORPG, WindowsClient, Base, Installed, 0, 69244016
716, 03cb1b60d73f390400000001, 0x4393FD7601BCB03, /Engine/EditorLandscapeResources/LandscapeDirtyMaterial, ../../../Engine/Content/EditorLandscapeResources/LandscapeDirtyMaterial.uasset, MMORPG-WindowsClient, 104202240, 69244928, 5909, 2297, 0xe5ec1a6a72ee7b9c85c28ce418216e8ca30ba0e6, ExportBundleData, , MMORPG, WindowsClient, Base, Installed, 0, 69244928
717, c4eca6914a640bdc00000009, 0xDC0B644A91A6ECC4, , <ShaderCode>, MMORPG-WindowsClient, 104267776, 69249024, 9635, 9635, 0x8146b9c85f2e19e36b7d71197136eaaf9e0dfca3, ShaderCode, , MMORPG, WindowsClient, Base, Installed, 0, 69249024
718, d8c12e29c170130500000001, 0x51370C1292EC1D8, , ../../../Engine/Plugins/NNE/NNEDenoiser/Content/NNE_oidn2-3-0_rt_hdr_alb_nrm_small__dyn__fp16_opset11_DenoiseAlpha.uasset, MMORPG-WindowsClient, 104333312, 69259264, 2610334, 2385782, 0x189bc8e37c3c90f707fdabfd30c62eae9beee55e, ExportBundleData, , MMORPG, WindowsClient, Base, Installed, 0, 69259264
719, abde94c25a5272fc00000001, 0xFC72525AC294DEAB, /Engine/EngineSounds/Submixes/MasterReverbEffectPreset, ../../../Engine/Content/EngineSounds/Submixes/MasterReverbEffectPreset.uasset, MMORPG-WindowsClient, 106954752, 71645296, 334, 334, 0x6ec6a131248ebe9bbb592c494ed6d415b417e678, ExportBundleData, , MMORPG, WindowsClient, Base, Installed, 0, 71645296
720, 7819480612024b3600000001, 0x364B021206481978, /Engine/EngineSounds/Submixes/MasterEQEffectPreset, ../../../Engine/Content/EngineSounds/Submixes/MasterEQEffectPreset.uasset, MMORPG-WindowsClient, 107020288, 71645632, 326, 326, 0x6ca1a9285ab3d07cf6d245c30da3a40fc05380ae, ExportBundleData, , MMORPG, WindowsClient, Base, Installed, 0, 71645632
721, cda0bce26734770500000001, 0x5773467E2BCA0CD, /Engine/EngineSounds/Submixes/MasterReverbSubmixDefault, ../../../Engine/Content/EngineSounds/Submixes/MasterReverbSubmixDefault.uasset, MMORPG-WindowsClient, 107085824, 71645968, 548, 548, 0x729ed77cfd46d59b6e53c325853229e11b8ea01a, ExportBundleData, , MMORPG, WindowsClient, Base, Installed, 0, 71645968
722, b059d54260cfd24100000001, 0x41D2CF6042D559B0, /Engine/EngineSounds/Submixes/MasterSubmixDefault, ../../../Engine/Content/EngineSounds/Submixes/MasterSubmixDefault.uasset, MMORPG-WindowsClient, 107151360, 71646528, 540, 540, 0xe0526368a82782503d154b6fd9c56065dc49f992, ExportBundleData, , MMORPG, WindowsClient, Base, Installed, 0, 71646528
723, cadc4d0ec817b83400000001, 0x34B817C80E4DDCCA, /Engine/EngineSounds/Submixes/MasterEQSubmixDefault, ../../../Engine/Content/EngineSounds/Submixes/MasterEQSubmixDefault.uasset, MMORPG-WindowsClient, 107216896, 71647232, 535, 535, 0xe9c56c63dcf16bc9e6170d8605cb17c63646e203, ExportBundleData, , MMORPG, WindowsClient, Base, Installed, 0, 71647232
724, 481b126ebf5b30ef00000001, 0xEF305BBF6E121B48, , ../../../Engine/Plugins/Interchange/Assets/Content/gltf/MaterialFunctions/MF_Occlusion.uasset, MMORPG-WindowsClient, 107282432, 71647776, 342, 342, 0xeff462cfa112e8485c5f67165e3c673b7da774c9, ExportBundleData, , MMORPG, WindowsClient, Base, Installed, 0, 71647776
725, 498ce91375fe07e700000001, 0xE707FE7513E98C49, , ../../../Engine/Plugins/Interchange/Assets/Content/gltf/Textures/T_Anisotropy_Direction_Linear.uasset, MMORPG-WindowsClient, 107347968, 71648128, 553, 553, 0x648438ecd9c08320c19eb339e56c0c7f4570c802, ExportBundleData, , MMORPG, WindowsClient, Base, Installed, 0, 71648128
726, 5ec7737f455481e000000001, 0xE08154457F73C75E, , ../../../Engine/Plugins/Interchange/Assets/Content/Functions/MF_IridescenceNoLUT.uasset, MMORPG-WindowsClient, 107413504, 71648688, 345, 345, 0x41868b3f60de2da0eb3a2965930adc56e39ebf4f, ExportBundleData, , MMORPG, WindowsClient, Base, Installed, 0, 71648688
727, f7e2665467147cd400000001, 0xD47C14675466E2F7, , ../../../Engine/Plugins/Interchange/Assets/Content/gltf/MaterialFunctions/MF_SpecularAnisotropy.uasset, MMORPG-WindowsClient, 107479040, 71649280, 358, 358, 0x4e03293a2fca495795b99bf96bfb0fe5b63075f4, ExportBundleData, , MMORPG, WindowsClient, Base, Installed, 0, 71649280
728, 117a374d1b4c52c600000001, 0xC6524C1B4D377A11, , ../../../Engine/Plugins/Interchange/Assets/Content/gltf/MaterialFunctions/MF_MetallicRoughness.uasset, MMORPG-WindowsClient, 107544576, 71649648, 358, 358, 0xb1553d0ffdbc2089adb12778de02ad7b5e9c08bb, ExportBundleData, , MMORPG, WindowsClient, Base, Installed, 0, 71649648
729, 50e67e725585a6b400000001, 0xB4A68555727EE650, , ../../../Engine/Plugins/Interchange/Assets/Content/gltf/MaterialFunctions/MF_RotateV2.uasset, MMORPG-WindowsClient, 107610112, 71650016, 334, 334, 0x337fd66335b2dc40a51f3aafed5933e525904cb9, ExportBundleData, , MMORPG, WindowsClient, Base, Installed, 0, 71650016
730, 3f9ae4ae5e9a10b000000001, 0xB0109A5EAEE49A3F, /Engine/Functions/Engine_MaterialFunctions02/Utility/MakeFloat3, ../../../Engine/Content/Functions/Engine_MaterialFunctions02/Utility/MakeFloat3.uasset, MMORPG-WindowsClient, 107675648, 71650352, 413, 413, 0xc742710349e2f4f2b79be368101db2e145f8e63f, ExportBundleData, , MMORPG, WindowsClient, Base, Installed, 0, 71650352
731, e283fca7ae7e6b9800000001, 0x986B7EAEA7FC83E2, , ../../../Engine/Plugins/Interchange/Assets/Content/gltf/MaterialFunctions/MF_IOR.uasset, MMORPG-WindowsClient, 107741184, 71650768, 326, 326, 0x120ef872b7b63a6c0e3fbb3e51940e5f62a4ae49, ExportBundleData, , MMORPG, WindowsClient, Base, Installed, 0, 71650768
732, 4e607d7dbcefc27600000001, 0x76C2EFBC7D7D604E, , ../../../Engine/Plugins/Interchange/Assets/Content/gltf/MaterialBodies/MF_Default_Body.uasset, MMORPG-WindowsClient, 107806720, 71651328, 342, 342, 0x60b83f0a6a5adc79a3b98ca830533e99c8a3d95e, ExportBundleData, , MMORPG, WindowsClient, Base, Installed, 0, 71651328
733, e9d843d8afdf787500000001, 0x7578DFAFD843D8E9, , ../../../Engine/Plugins/Interchange/Assets/Content/gltf/MaterialFunctions/MF_TransformUVs.uasset, MMORPG-WindowsClient, 107872256, 71651680, 342, 342, 0x22ba42cc203538647bc267e0d75b885b5cc5abbb, ExportBundleData, , MMORPG, WindowsClient, Base, Installed, 0, 71651680
734, dcad837ea714e86000000001, 0x60E814A77E83ADDC, , ../../../Engine/Plugins/Interchange/Assets/Content/gltf/MaterialFunctions/MF_Emissive.uasset, MMORPG-WindowsClient, 107937792, 71652032, 334, 334, 0xfc942ec44198c41e038f2eaae53266f8efb9bd3d, ExportBundleData, , MMORPG, WindowsClient, Base, Installed, 0, 71652032
735, 7276d40fd50dba5900000001, 0x59BA0DD50FD47672, /Engine/Functions/Engine_MaterialFunctions02/Utility/BreakOutFloat3Components, ../../../Engine/Content/Functions/Engine_MaterialFunctions02/Utility/BreakOutFloat3Components.uasset, MMORPG-WindowsClient, 108003328, 71652368, 487, 487, 0x62dceff613c7704fbc33d142bf73afae08516930, ExportBundleData, , MMORPG, WindowsClient, Base, Installed, 0, 71652368
736, c7574f6f4a67304e00000001, 0x4E30674A6F4F57C7, , ../../../Engine/Plugins/Interchange/Assets/Content/gltf/MaterialFunctions/MF_RotateNormals_TS.uasset, MMORPG-WindowsClient, 108068864, 71652864, 350, 350, 0x0a03f563f7f269a75b83be5940f7c390e1abc2d9, ExportBundleData, , MMORPG, WindowsClient, Base, Installed, 0, 71652864
737, f22c8b89f4ac7b4100000001, 0x417BACF4898B2CF2, , ../../../Engine/Plugins/Interchange/Assets/Content/gltf/MaterialFunctions/MF_ScaleNormal.uasset, MMORPG-WindowsClient, 108134400, 71653376, 342, 342, 0x3d450ef5186de5b6c219bee6b151c0a7c85897df, ExportBundleData, , MMORPG, WindowsClient, Base, Installed, 0, 71653376
738, f6cc1a593811fc3d00000001, 0x3DFC1138591ACCF6, , ../../../Engine/Plugins/Interchange/Assets/Content/gltf/Textures/T_White_Linear.uasset, MMORPG-WindowsClient, 108199936, 71653728, 521, 521, 0xe930a9df77d7b366c12b19470939528207fc0b64, ExportBundleData, , MMORPG, WindowsClient, Base, Installed, 0, 71653728
739, a365ccf446169e3a00000001, 0x3A9E1646F4CC65A3, /Engine/Functions/Engine_MaterialFunctions02/Math/Transform3x3Matrix, ../../../Engine/Content/Functions/Engine_MaterialFunctions02/Math/Transform3x3Matrix.uasset, MMORPG-WindowsClient, 108265472, 71654256, 403, 403, 0x5acce74b3eaaa3d12953e4006a011ef3e57f2f94, ExportBundleData, , MMORPG, WindowsClient, Base, Installed, 0, 71654256
740, 95e67c1d434bf22e00000001, 0x2EF24B431D7CE695, , ../../../Engine/Plugins/Interchange/Assets/Content/gltf/MaterialFunctions/MF_BaseColor.uasset, MMORPG-WindowsClient, 108331008, 71654672, 342, 342, 0x69b3c1d6b11c873f57bcb38fac7f9bb457915524, ExportBundleData, , MMORPG, WindowsClient, Base, Installed, 0, 71654672
741, 37d5f87a4e181d2e00000001, 0x2E1D184E7AF8D537, , ../../../Engine/Plugins/Interchange/Assets/Content/gltf/MaterialFunctions/MF_Specular.uasset, MMORPG-WindowsClient, 108396544, 71655024, 334, 334, 0x259a1d5d2f5ed5dc749ad27c6b77cb442b071061, ExportBundleData, , MMORPG, WindowsClient, Base, Installed, 0, 71655024
742, c3da27f9fa57771200000001, 0x127757FAF927DAC3, , ../../../Engine/Plugins/Interchange/Assets/Content/gltf/Textures/T_White_srgb.uasset, MMORPG-WindowsClient, 108462080, 71655424, 518, 518, 0x4cbe25296ad29840c65e8110d6776d3dad195c7c, ExportBundleData, , MMORPG, WindowsClient, Base, Installed, 0, 71655424
743, d312b740e645100f00000001, 0xF1045E640B712D3, , ../../../Engine/Plugins/Interchange/Assets/Content/gltf/MaterialFunctions/MF_Iridescence.uasset, MMORPG-WindowsClient, 108527616, 71655952, 342, 342, 0x9513bb27e9fd7b8a99c535d871df6d987a462aef, ExportBundleData, , MMORPG, WindowsClient, Base, Installed, 0, 71655952
744, ed107ea83151f80700000001, 0x7F85131A87E10ED, , ../../../Engine/Plugins/Interchange/Assets/Content/gltf/MaterialFunctions/MF_Normals.uasset, MMORPG-WindowsClient, 108593152, 71656304, 334, 334, 0x51352db69b95e87e83fa782e70c06adc41574d88, ExportBundleData, , MMORPG, WindowsClient, Base, Installed, 0, 71656304
745, 98d212a9717c870500000001, 0x5877C71A912D298, , ../../../Engine/Plugins/Interchange/Assets/Content/gltf/Textures/T_Generic_N.uasset, MMORPG-WindowsClient, 108658688, 71656640, 527, 527, 0x00df62e216d934e096c04bc3652d0af866066356, ExportBundleData, , MMORPG, WindowsClient, Base, Installed, 0, 71656640
746, d75349437f760e9600000001, 0x960E767F434953D7, , ../../../Engine/Plugins/Interchange/Assets/Content/gltf/M_Default.uasset, MMORPG-WindowsClient, 108724224, 71657472, 25264, 7029, 0xbb3d17493e35eae5af1ea0b9c61fcdd5b27baa72, ExportBundleData, , MMORPG, WindowsClient, Base, Installed, 0, 71657472
747, 62822c838b52b15b00000009, 0x5BB1528B832C8262, , <ShaderCode>, MMORPG-WindowsClient, 108789760, 71665664, 11567, 11567, 0xc9715fe5d57e0e5a79c78d517346a9f0bacf0349, ShaderCode, , MMORPG, WindowsClient, Base, Installed, 0, 71665664
748, fb8fad4c838aaf0b00000001, 0xBAF8A834CAD8FFB, , ../../../Engine/Plugins/Interchange/Assets/Content/gltf/MaterialInstances/MI_Default_Opaque_DS.uasset, MMORPG-WindowsClient, 108855296, 71677952, 20991, 5179, 0x74acf4d23b9d5a2ba6d322b5c78ba07a79d1ddfa, ExportBundleData, , MMORPG, WindowsClient, Base, Installed, 0, 71677952
749, d656f4e22339541700000009, 0x17543923E2F456D6, , <ShaderCode>, MMORPG-WindowsClient, 108920832, 71684096, 12071, 12071, 0x1686bbc194181095c7d81ef4f1932364383e63d8, ShaderCode, , MMORPG, WindowsClient, Base, Installed, 0, 71684096
750, b124a9b5e30bdadc00000001, 0xDCDA0BE3B5A924B1, , ../../../Engine/Plugins/Interchange/Assets/Content/gltf/MaterialFunctions/MF_Transmission.uasset, MMORPG-WindowsClient, 108986368, 71696384, 342, 342, 0x3ccb8d9335c54fe5a73773198fbdd0b1e624b349, ExportBundleData, , MMORPG, WindowsClient, Base, Installed, 0, 71696384
751, 82f65cf4f01dadce00000001, 0xCEAD1DF0F45CF682, , ../../../Engine/Plugins/Interchange/Assets/Content/gltf/MaterialFunctions/MF_Fresnel_DS.uasset, MMORPG-WindowsClient, 109051904, 71696736, 342, 342, 0xe848937f7bb84eddd3bace36fd764fe68b5fb04e, ExportBundleData, , MMORPG, WindowsClient, Base, Installed, 0, 71696736
752, 5f510b7cd6e0bdc800000001, 0xC8BDE0D67C0B515F, /Engine/Functions/Engine_MaterialFunctions02/Utility/CameraDirectionVector, ../../../Engine/Content/Functions/Engine_MaterialFunctions02/Utility/CameraDirectionVector.uasset, MMORPG-WindowsClient, 109117440, 71697088, 420, 420, 0x0888fa7230547d6f9e96b999ebb3cee20d9f01f3, ExportBundleData, , MMORPG, WindowsClient, Base, Installed, 0, 71697088
753, 1c3a80931d7381bf00000001, 0xBF81731D93803A1C, /Engine/EngineMaterials/Good64x64TilingNoiseHighFreq, ../../../Engine/Content/EngineMaterials/Good64x64TilingNoiseHighFreq.uasset, MMORPG-WindowsClient, 109182976, 71698432, 4629, 4444, 0x60bc9bee448b7278b2bb2c5a836eb5eab6265910, ExportBundleData, , MMORPG, WindowsClient, Base, Installed, 0, 71698432
754, 6c65172ae5f7326a00000001, 0x6A32F7E52A17656C, , ../../../Engine/Plugins/Interchange/Assets/Content/gltf/MaterialFunctions/MF_Temporal_Blur.uasset, MMORPG-WindowsClient, 109248512, 71702880, 353, 353, 0xbc78e13f1249d91cdfa2d497128146e1a65bbb91, ExportBundleData, , MMORPG, WindowsClient, Base, Installed, 0, 71702880
755, d3fde53d2957051f00000001, 0x1F0557293DE5FDD3, , ../../../Engine/Plugins/Interchange/Assets/Content/gltf/MaterialBodies/MF_Transmission_Body.uasset, MMORPG-WindowsClient, 109314048, 71703248, 350, 350, 0x145b6c765aa5ec31c4c0ff54b510ece172d59fb9, ExportBundleData, , MMORPG, WindowsClient, Base, Installed, 0, 71703248
756, adfc0c5cb146690600000001, 0x66946B15C0CFCAD, /Engine/Functions/Engine_MaterialFunctions02/Texturing/ScreenAlignedPixelToPixelUVs, ../../../Engine/Content/Functions/Engine_MaterialFunctions02/Texturing/ScreenAlignedPixelToPixelUVs.uasset, MMORPG-WindowsClient, 109379584, 71703600, 599, 599, 0x094b1ac6a7ae4618057fe885a9b41f756298e6ac, ExportBundleData, , MMORPG, WindowsClient, Base, Installed, 0, 71703600
757, 47976c17a73564f000000001, 0xF06435A7176C9747, , ../../../Engine/Plugins/Interchange/Assets/Content/gltf/M_Transmission.uasset, MMORPG-WindowsClient, 109445120, 71704576, 29583, 7976, 0x03a9df1af76526f3eb481544ed84dff3f712179a, ExportBundleData, , MMORPG, WindowsClient, Base, Installed, 0, 71704576
758, 36716b94ce66c68c00000009, 0x8CC666CE946B7136, , <ShaderCode>, MMORPG-WindowsClient, 109510656, 71712768, 134445, 134445, 0x7fb98d4e8b2e3d33597e29fb31fa8ae707355eea, ShaderCode, , MMORPG, WindowsClient, Base, Installed, 0, 71712768
759, 0c79fe192a07270f00000001, 0xF27072A19FE790C, , ../../../Engine/Plugins/Interchange/Assets/Content/gltf/MaterialInstances/MI_Transmission_DS.uasset, MMORPG-WindowsClient, 109707264, 71847936, 23190, 5526, 0x54be5fe5cb338dec3555c70f9ff6e5ee40acd1a8, ExportBundleData, , MMORPG, WindowsClient, Base, Installed, 0, 71847936
760, 9a91f567aca5cfcc00000009, 0xCCCFA5AC67F5919A, , <ShaderCode>, MMORPG-WindowsClient, 109772800, 71854080, 137907, 137907, 0x017505c490d7ba7e8f327513f933c24677be9cb1, ShaderCode, , MMORPG, WindowsClient, Base, Installed, 0, 71854080
761, ff93d6b59482c91200000001, 0x12C98294B5D693FF, , ../../../Engine/Plugins/Interchange/Assets/Content/gltf/MaterialInstances/MI_Default_Mask_DS.uasset, MMORPG-WindowsClient, 109969408, 71993344, 29684, 6610, 0xb58c39a756723c009715954ace9df5c5c7883ac3, ExportBundleData, , MMORPG, WindowsClient, Base, Installed, 0, 71993344
762, 30d27e73a99d41e100000009, 0xE1419DA9737ED230, , <ShaderCode>, MMORPG-WindowsClient, 110034944, 72001536, 12187, 12187, 0x79d9e4f9b02ce628fed440273e53e5aa4bac96e3, ShaderCode, , MMORPG, WindowsClient, Base, Installed, 0, 72001536
763, bbc98fec78acbc5400000001, 0x54BCAC78EC8FC9BB, , ../../../Engine/Plugins/Interchange/Assets/Content/gltf/MaterialFunctions/MF_Clearcoat.uasset, MMORPG-WindowsClient, 110100480, 72013824, 342, 342, 0xe24b60fee24ef69ee4d89857f8be40f8e1a334a4, ExportBundleData, , MMORPG, WindowsClient, Base, Installed, 0, 72013824
764, fd797ccb75cef02e00000001, 0x2EF0CE75CB7C79FD, , ../../../Engine/Plugins/Interchange/Assets/Content/gltf/MaterialBodies/MF_ClearCoat_Body.uasset, MMORPG-WindowsClient, 110166016, 72014176, 350, 350, 0x5c2d6592e24f614c8279f0c16e9f37d2c2e4802c, ExportBundleData, , MMORPG, WindowsClient, Base, Installed, 0, 72014176
765, 3b047fdea50e991600000001, 0x16990EA5DE7F043B, /Engine/Functions/Engine_MaterialFunctions01/Texturing/FlattenNormal, ../../../Engine/Content/Functions/Engine_MaterialFunctions01/Texturing/FlattenNormal.uasset, MMORPG-WindowsClient, 110231552, 72014528, 396, 396, 0xa2d4a932365c818034868347be214456b5cf0e3e, ExportBundleData, , MMORPG, WindowsClient, Base, Installed, 0, 72014528
766, 028c0d32f7b3553000000001, 0x3055B3F7320D8C02, , ../../../Engine/Plugins/Interchange/Assets/Content/gltf/M_ClearCoat.uasset, MMORPG-WindowsClient, 110297088, 72015872, 29337, 7670, 0xe26d13cc98b0413ab80324e154a221c7feac634e, ExportBundleData, , MMORPG, WindowsClient, Base, Installed, 0, 72015872
767, 69e24e7cf27bbbc700000009, 0xC7BB7BF27C4EE269, , <ShaderCode>, MMORPG-WindowsClient, 110362624, 72024064, 56002, 56002, 0x017e8fce4b5fed3286bd98f90075e5d7da5985bb, ShaderCode, , MMORPG, WindowsClient, Base, Installed, 0, 72024064
768, 2b8cb9c53bcb701600000001, 0x1670CB3BC5B98C2B, , ../../../Engine/Plugins/Interchange/Assets/Content/gltf/MaterialInstances/MI_ClearCoat_Blend.uasset, MMORPG-WindowsClient, 110428160, 72081408, 24600, 5686, 0xcb095cc18bb843865b77ab3c5ea33ebc3ba8bd37, ExportBundleData, , MMORPG, WindowsClient, Base, Installed, 0, 72081408
769, b54f2a4d58203fe300000009, 0xE33F20584D2A4FB5, , <ShaderCode>, MMORPG-WindowsClient, 110493696, 72087552, 81628, 81628, 0xcf1d70e986e07189c3e1723a283909e4d3a389c8, ShaderCode, , MMORPG, WindowsClient, Base, Installed, 0, 72087552
770, 7a54ee9819519f1600000001, 0x169F511998EE547A, , ../../../Engine/Plugins/Interchange/Assets/Content/gltf/MaterialInstances/MI_ClearCoat_Mask_DS.uasset, MMORPG-WindowsClient, 110624768, 72169472, 32022, 7069, 0xc78659c1cd298953d283bf38896ffb83513de4ab, ExportBundleData, , MMORPG, WindowsClient, Base, Installed, 0, 72169472
771, 23842fd4072ce9df00000009, 0xDFE92C07D42F8423, , <ShaderCode>, MMORPG-WindowsClient, 110690304, 72177664, 57447, 57447, 0x36020dce821100be7f6b7696da2e4e9fe4db8ff1, ShaderCode, , MMORPG, WindowsClient, Base, Installed, 0, 72177664
772, b21ecbbaadcd6dfc00000001, 0xFC6DCDADBACB1EB2, , ../../../Engine/Plugins/Interchange/Assets/Content/gltf/MaterialFunctions/MF_Sheen.uasset, MMORPG-WindowsClient, 110755840, 72235120, 334, 334, 0x009c1fd86ad6944b3186d2436c884dfc614e7eaf, ExportBundleData, , MMORPG, WindowsClient, Base, Installed, 0, 72235120
773, 6fb2bb77f7903ef200000001, 0xF23E90F777BBB26F, , ../../../Engine/Plugins/Interchange/Assets/Content/gltf/MaterialBodies/MF_Sheen_Body.uasset, MMORPG-WindowsClient, 110821376, 72235456, 342, 342, 0x211313dd74a012ac71da228d23189b66555b9a7f, ExportBundleData, , MMORPG, WindowsClient, Base, Installed, 0, 72235456
774, 423e0725be42f42d00000001, 0x2DF442BE25073E42, , ../../../Engine/Plugins/Interchange/Assets/Content/gltf/M_Sheen.uasset, MMORPG-WindowsClient, 110886912, 72237056, 25518, 7192, 0x52be0bc82fab505a44001078c752cece92871788, ExportBundleData, , MMORPG, WindowsClient, Base, Installed, 0, 72237056
775, d48e5288693dccde00000009, 0xDECC3D6988528ED4, , <ShaderCode>, MMORPG-WindowsClient, 110952448, 72245248, 57798, 57798, 0x482b5b1c49405c66c1ceef2acbc9b5876654fde9, ShaderCode, , MMORPG, WindowsClient, Base, Installed, 0, 72245248
776, ff95fdb78495312100000001, 0x21319584B7FD95FF, , ../../../Engine/Plugins/Interchange/Assets/Content/gltf/MaterialInstances/MI_Sheen_Blend.uasset, MMORPG-WindowsClient, 111017984, 72304640, 22880, 5356, 0x0360331572f29ea4183f9c03a7109837b1d57a7a, ExportBundleData, , MMORPG, WindowsClient, Base, Installed, 0, 72304640
777, 880e407246c2284c00000009, 0x4C28C24672400E88, , <ShaderCode>, MMORPG-WindowsClient, 111083520, 72310784, 86852, 86852, 0x50cced477cd8fecfaf1294a80b798d96a04a6ac6, ShaderCode, , MMORPG, WindowsClient, Base, Installed, 0, 72310784
778, 9d6c45f8d8d80ed200000001, 0xD20ED8D8F8456C9D, , ../../../Engine/Plugins/Interchange/Assets/Content/gltf/MaterialBodies/MF_SpecularGlossiness_Body.uasset, MMORPG-WindowsClient, 111214592, 72397648, 366, 366, 0xaaa3b3a1107807544687da938a8e6d9bc70676c0, ExportBundleData, , MMORPG, WindowsClient, Base, Installed, 0, 72397648
779, 4a6c7250059572c000000001, 0xC072950550726C4A, , ../../../Engine/Plugins/Interchange/Assets/Content/gltf/MaterialFunctions/MF_DiffuseSpecGloss.uasset, MMORPG-WindowsClient, 111280128, 72398016, 350, 350, 0x508f0adf46f0d91d3dacc67b72f7e220f698c3c0, ExportBundleData, , MMORPG, WindowsClient, Base, Installed, 0, 72398016
780, bad72508e5cb777700000001, 0x7777CBE50825D7BA, , ../../../Engine/Plugins/Interchange/Assets/Content/gltf/MaterialFunctions/MF_SpecGlossToMetalRoughness.uasset, MMORPG-WindowsClient, 111345664, 72398848, 504, 504, 0xf7082ca8c8c6555e8cf0216bfac7783be9deea2d, ExportBundleData, , MMORPG, WindowsClient, Base, Installed, 0, 72398848
781, 41c89422e493e65600000001, 0x56E693E42294C841, , ../../../Engine/Plugins/Interchange/Assets/Content/gltf/MaterialFunctions/MF_PerceivedBrightness.uasset, MMORPG-WindowsClient, 111411200, 72399360, 456, 456, 0x5083fc7ed744f9ff625e2879fadfa40ac9155ba7, ExportBundleData, , MMORPG, WindowsClient, Base, Installed, 0, 72399360
782, 7d82a18c99bcca2d00000001, 0x2DCABC998CA1827D, /Engine/Functions/Engine_MaterialFunctions02/Math/AddComponents, ../../../Engine/Content/Functions/Engine_MaterialFunctions02/Math/AddComponents.uasset, MMORPG-WindowsClient, 111476736, 72399824, 429, 429, 0x8f1ef8c8da67fcc28b0c893f1317ef04b7e3dbb1, ExportBundleData, , MMORPG, WindowsClient, Base, Installed, 0, 72399824
783, 9ee551c1bc86b22800000001, 0x28B286BCC151E59E, , ../../../Engine/Plugins/Interchange/Assets/Content/gltf/MaterialFunctions/MF_MaxComponentValue.uasset, MMORPG-WindowsClient, 111542272, 72400256, 358, 358, 0x40a917ccb4fc094f8642d68d4c6ba752b1f65263, ExportBundleData, , MMORPG, WindowsClient, Base, Installed, 0, 72400256
784, 89f54d4d7337e89100000001, 0x91E837734D4DF589, , ../../../Engine/Plugins/Interchange/Assets/Content/gltf/M_SpecularGlossiness.uasset, MMORPG-WindowsClient, 111607808, 72400896, 18149, 5310, 0x1c838f9c676da6f7de66dd6d9ae98933ad6af461, ExportBundleData, , MMORPG, WindowsClient, Base, Installed, 0, 72400896
785, fe576f95e5af37f400000009, 0xF437AFE5956F57FE, , <ShaderCode>, MMORPG-WindowsClient, 111673344, 72407040, 41864, 41864, 0xc621d7f76c7e75ea91d1aaca028a203a77e7400e, ShaderCode, , MMORPG, WindowsClient, Base, Installed, 0, 72407040
786, c401bc0ca344352800000001, 0x283544A30CBC01C4, , ../../../Engine/Plugins/Interchange/Assets/Content/gltf/MaterialInstances/MI_SpecularGlossiness_Blend_DS.uasset, MMORPG-WindowsClient, 111738880, 72450048, 20610, 4973, 0x118fe53f91470546d58474bfb9f1a3a0d3209e10, ExportBundleData, , MMORPG, WindowsClient, Base, Installed, 0, 72450048
787, 7def95493fbd5cdc00000009, 0xDC5CBD3F4995EF7D, , <ShaderCode>, MMORPG-WindowsClient, 111804416, 72456192, 131508, 131508, 0x65e17673230a715ad712fee2d98195b8fd3a9a91, ShaderCode, , MMORPG, WindowsClient, Base, Installed, 0, 72456192
788, a45462409bf9a91f00000001, 0x1FA9F99B406254A4, , ../../../Engine/Plugins/Interchange/Assets/Content/gltf/MaterialInstances/MI_Sheen_Opaque.uasset, MMORPG-WindowsClient, 112001024, 72587712, 615, 615, 0x6b63b06ce4a1402d21fbc2affd2318629e208927, ExportBundleData, , MMORPG, WindowsClient, Base, Installed, 0, 72587712
789, 2625118eba56774b00000001, 0x4B7756BA8E112526, , ../../../Engine/Plugins/Interchange/Assets/Content/gltf/MaterialInstances/MI_Sheen_Mask.uasset, MMORPG-WindowsClient, 112066560, 72589312, 28956, 6553, 0xa25cafd37eed8e1c8ec55336a3b1ae48f1400c03, ExportBundleData, , MMORPG, WindowsClient, Base, Installed, 0, 72589312
790, 1bc034918c82aa0d00000009, 0xDAA828C9134C01B, , <ShaderCode>, MMORPG-WindowsClient, 112132096, 72597504, 58046, 58046, 0x5b7b9dd5d6302c093515494994f8f9ac8cb7ea91, ShaderCode, , MMORPG, WindowsClient, Base, Installed, 0, 72597504
791, 46953cb4b4f59e6400000001, 0x649EF5B4B43C9546, , ../../../Engine/Plugins/Interchange/Assets/Content/gltf/MaterialInstances/MI_Sheen_Opaque_DS.uasset, MMORPG-WindowsClient, 112197632, 72656896, 20283, 5094, 0xea01cf8f334301f96563df349477409f86e1ccdd, ExportBundleData, , MMORPG, WindowsClient, Base, Installed, 0, 72656896
792, 3f70b8238fb7a04b00000009, 0x4BA0B78F23B8703F, , <ShaderCode>, MMORPG-WindowsClient, 112263168, 72663040, 56014, 56014, 0x2b40021134f6be1296e0618db761dbd68b342971, ShaderCode, , MMORPG, WindowsClient, Base, Installed, 0, 72663040
793, 10eef37b27b442cc00000001, 0xCC42B4277BF3EE10, , ../../../Engine/Plugins/Interchange/Assets/Content/gltf/MaterialInstances/MI_Sheen_Mask_DS.uasset, MMORPG-WindowsClient, 112328704, 72720384, 28962, 6563, 0x5ee7298a1e4b5a69b41bdccf15b2b23354679c7b, ExportBundleData, , MMORPG, WindowsClient, Base, Installed, 0, 72720384
794, 58f8db3b56b799d300000009, 0xD399B7563BDBF858, , <ShaderCode>, MMORPG-WindowsClient, 112394240, 72728576, 55894, 55894, 0x26fe609ac4f191fe877d31abf50b3c3b81cbe766, ShaderCode, , MMORPG, WindowsClient, Base, Installed, 0, 72728576
795, 35beff3331d540eb00000001, 0xEB40D53133FFBE35, , ../../../Engine/Plugins/Interchange/Assets/Content/gltf/MaterialInstances/MI_Sheen_Blend_DS.uasset, MMORPG-WindowsClient, 112459776, 72785920, 24408, 5698, 0x51d3b517361321656e90b7c2ed89b5fda1526563, ExportBundleData, , MMORPG, WindowsClient, Base, Installed, 0, 72785920
796, 8e76a1dea2b6e57300000009, 0x73E5B6A2DEA1768E, , <ShaderCode>, MMORPG-WindowsClient, 112525312, 72792064, 87889, 87889, 0xf09daff5b51b042c5148745ce8bdcaf90a9ddc89, ShaderCode, , MMORPG, WindowsClient, Base, Installed, 0, 72792064
797, 168b5ba40fc9e30b00000001, 0xBE3C90FA45B8B16, , ../../../Engine/Plugins/Interchange/Assets/Content/gltf/MaterialInstances/MI_ClearCoat_Opaque.uasset, MMORPG-WindowsClient, 112656384, 72880128, 627, 627, 0xf7d7d9d97e98819677be0313bee26609100048d2, ExportBundleData, , MMORPG, WindowsClient, Base, Installed, 0, 72880128
798, 01e4af36b2fbbd6000000001, 0x60BDFBB236AFE401, , ../../../Engine/Plugins/Interchange/Assets/Content/gltf/MaterialInstances/MI_ClearCoat_Opaque_DS.uasset, MMORPG-WindowsClient, 112721920, 72882176, 23323, 5624, 0xd5d4c1237cbaf98f7955214e8807ea794e03f1d3, ExportBundleData, , MMORPG, WindowsClient, Base, Installed, 0, 72882176
799, bbc0cb9e5b4f675f00000009, 0x5F674F5B9ECBC0BB, , <ShaderCode>, MMORPG-WindowsClient, 112787456, 72888320, 57449, 57449, 0x5963e927d8dc5da478310e95ecdb08f0ef927fc1, ShaderCode, , MMORPG, WindowsClient, Base, Installed, 0, 72888320
800, 723a91b57d97dfd400000001, 0xD4DF977DB5913A72, , ../../../Engine/Plugins/Interchange/Assets/Content/gltf/MaterialInstances/MI_ClearCoat_Blend_DS.uasset, MMORPG-WindowsClient, 112852992, 72947712, 26128, 6017, 0x533ba41e548540c3a1deafec63359dc74e133c2e, ExportBundleData, , MMORPG, WindowsClient, Base, Installed, 0, 72947712
801, 3295bb6e14ef90fc00000009, 0xFC90EF146EBB9532, , <ShaderCode>, MMORPG-WindowsClient, 112918528, 72953856, 83584, 83584, 0x856c322117498921af3f19980bbb628e9fc25d8d, ShaderCode, , MMORPG, WindowsClient, Base, Installed, 0, 72953856
802, c273057e654795e000000001, 0xE09547657E0573C2, , ../../../Engine/Plugins/Interchange/Assets/Content/gltf/MaterialInstances/MI_ClearCoat_Mask.uasset, MMORPG-WindowsClient, 113049600, 73037824, 32024, 7069, 0xafda4b73fb33f8064b5dbc1740763432aafd250d, ExportBundleData, , MMORPG, WindowsClient, Base, Installed, 0, 73037824
803, 0e8e85e57457fb6800000009, 0x68FB5774E5858E0E, , <ShaderCode>, MMORPG-WindowsClient, 113115136, 73046016, 56350, 56350, 0xfb5bfc2cd1da1f2544a1a8027a2d89e138bf86d3, ShaderCode, , MMORPG, WindowsClient, Base, Installed, 0, 73046016
804, 35349abbcf0e973900000001, 0x39970ECFBB9A3435, , ../../../Engine/Plugins/Interchange/Assets/Content/gltf/MaterialInstances/MI_Default_Mask.uasset, MMORPG-WindowsClient, 113180672, 73103360, 29686, 6645, 0x4ce679e465cfafd7f9deb72f5d4a17c26667ae90, ExportBundleData, , MMORPG, WindowsClient, Base, Installed, 0, 73103360
805, 8499b9cef92b5d2700000009, 0x275D2BF9CEB99984, , <ShaderCode>, MMORPG-WindowsClient, 113246208, 73111552, 11600, 11600, 0x1041e26fd8d32812ea83afc654eacbe3c1902811, ShaderCode, , MMORPG, WindowsClient, Base, Installed, 0, 73111552
806, f12c5e65ef0dfd3d00000001, 0x3DFD0DEF655E2CF1, , ../../../Engine/Plugins/Interchange/Assets/Content/gltf/MaterialInstances/MI_SpecularGlossiness_Blend.uasset, MMORPG-WindowsClient, 113311744, 73123840, 19074, 4626, 0x265282aa754f16428fc63d69d9e3f0b07cff0583, ExportBundleData, , MMORPG, WindowsClient, Base, Installed, 0, 73123840
807, ede896a0b0089d4600000009, 0x469D08B0A096E8ED, , <ShaderCode>, MMORPG-WindowsClient, 113377280, 73129984, 125187, 125187, 0x3c009f322152e95299bd2058ae38dad92691d8b1, ShaderCode, , MMORPG, WindowsClient, Base, Installed, 0, 73129984
808, 4813f4dca0a024b700000001, 0xB724A0A0DCF41348, , ../../../Engine/Plugins/Interchange/Assets/Content/gltf/MaterialInstances/MI_SpecularGlossiness_Opaque.uasset, MMORPG-WindowsClient, 113508352, 73255184, 659, 659, 0x4eb72efdc7634090c335c93771cce3e4a37596ed, ExportBundleData, , MMORPG, WindowsClient, Base, Installed, 0, 73255184
809, c8c59c2edb8ba3c600000001, 0xC6A38BDB2E9CC5C8, , ../../../Engine/Plugins/Interchange/Assets/Content/gltf/MaterialInstances/MI_SpecularGlossiness_Opaque_DS.uasset, MMORPG-WindowsClient, 113573888, 73256960, 16343, 4322, 0xfa6b9a1f305e06ad18dc704ae2d8621262c841e7, ExportBundleData, , MMORPG, WindowsClient, Base, Installed, 0, 73256960
810, 02395bb8aba9096900000009, 0x6909A9ABB85B3902, , <ShaderCode>, MMORPG-WindowsClient, 113639424, 73263104, 41743, 41743, 0x9086ab1d70f4a9f720c7f60543d4879bdd12fcf2, ShaderCode, , MMORPG, WindowsClient, Base, Installed, 0, 73263104
811, 66e6555d7886a5c800000001, 0xC8A586785D55E666, , ../../../Engine/Plugins/Interchange/Assets/Content/gltf/MaterialInstances/MI_SpecularGlossiness_Mask_DS.uasset, MMORPG-WindowsClient, 113704960, 73306112, 25044, 5830, 0x27cd455892510e8dc1828a60dbcd330e724f30d9, ExportBundleData, , MMORPG, WindowsClient, Base, Installed, 0, 73306112
812, c2aecf1836e7355200000009, 0x5235E73618CFAEC2, , <ShaderCode>, MMORPG-WindowsClient, 113770496, 73312256, 42494, 42494, 0xdff47d439c5d0c512b23da34903b4beb8a1f845b, ShaderCode, , MMORPG, WindowsClient, Base, Installed, 0, 73312256
813, 045afd34368656d300000001, 0xD356863634FD5A04, , ../../../Engine/Plugins/Interchange/Assets/Content/gltf/MaterialInstances/MI_SpecularGlossiness_Mask.uasset, MMORPG-WindowsClient, 113836032, 73355264, 25038, 5818, 0x77e06d8d72bbb2a58e4bfe1c3532db58e268a276, ExportBundleData, , MMORPG, WindowsClient, Base, Installed, 0, 73355264
814, 860690788e5352c200000009, 0xC252538E78900686, , <ShaderCode>, MMORPG-WindowsClient, 113901568, 73361408, 40909, 40909, 0x96f4fdc35819886b88eab650d38b9556fa330e11, ShaderCode, , MMORPG, WindowsClient, Base, Installed, 0, 73361408
815, 485a0d04a9259ab900000001, 0xB99A25A9040D5A48, , ../../../Engine/Plugins/Interchange/Assets/Content/gltf/MaterialInstances/MI_Default_Blend.uasset, MMORPG-WindowsClient, 113967104, 73402368, 22374, 5290, 0xbeae955f088241792cd43078da09181188044935, ExportBundleData, , MMORPG, WindowsClient, Base, Installed, 0, 73402368
816, 7b9e18d1d4d04bb600000009, 0xB64BD0D4D1189E7B, , <ShaderCode>, MMORPG-WindowsClient, 114032640, 73408512, 146317, 146317, 0x523b83c05d69dcb6a40a5e345f598976b00c9376, ShaderCode, , MMORPG, WindowsClient, Base, Installed, 0, 73408512
817, 1846d0727a6a88c500000001, 0xC5886A7A72D04618, , ../../../Engine/Plugins/Interchange/Assets/Content/gltf/MaterialInstances/MI_Default_Blend_DS.uasset, MMORPG-WindowsClient, 114229248, 73555968, 23910, 5609, 0x47b0ace6fde0e9af4460a91c75744e928609e949, ExportBundleData, , MMORPG, WindowsClient, Base, Installed, 0, 73555968
818, 7810a27b2c7b821c00000009, 0x1C827B2C7BA21078, , <ShaderCode>, MMORPG-WindowsClient, 114294784, 73562112, 147629, 147629, 0xd3941d87a00351cbace9f6bed0fddcded8f8d4e2, ShaderCode, , MMORPG, WindowsClient, Base, Installed, 0, 73562112
819, c489bc0f823bbdcd00000001, 0xCDBD3B820FBC89C4, , ../../../Engine/Plugins/Interchange/Assets/Content/gltf/MaterialInstances/MI_Default_Opaque.uasset, MMORPG-WindowsClient, 114491392, 73709744, 624, 624, 0x666e484be238670e7a6360c36391200f94c5b388, ExportBundleData, , MMORPG, WindowsClient, Base, Installed, 0, 73709744
820, 315029b2c43481d900000001, 0xD98134C4B2295031, , ../../../Engine/Plugins/Interchange/Assets/Content/gltf/MaterialInstances/MI_Transmission.uasset, MMORPG-WindowsClient, 114556928, 73710368, 623, 623, 0x9387c3c802b33a1e846658be05a5daa1529e892f, ExportBundleData, , MMORPG, WindowsClient, Base, Installed, 0, 73710368
821, 7831f57ced25880600000001, 0x68825ED7CF53178, /Engine/VREditor/Sounds/UI/Selection_Changes, ../../../Engine/Content/VREditor/Sounds/UI/Selection_Changes.uasset, MMORPG-WindowsClient, 114622464, 73710992, 518, 518, 0xccf9637d15975871f0d7b4561c670b7691fc70a3, ExportBundleData, , MMORPG, WindowsClient, Base, Installed, 0, 73710992
822, 200cd3dc0f3f673a00000001, 0x3A673F0FDCD30C20, /Engine/VREditor/LaserPointer/VR_LaserPower_01, ../../../Engine/Content/VREditor/LaserPointer/VR_LaserPower_01.uasset, MMORPG-WindowsClient, 114688000, 73711616, 3686, 2916, 0xeb7c9af88ec1921181e88d687f6606349f62af56, ExportBundleData, , MMORPG, WindowsClient, Base, Installed, 0, 73711616
823, 51f4a9204ba994c500000001, 0xC594A94B20A9F451, /Engine/VREditor/TransformGizmo/TransformGizmoMaterial, ../../../Engine/Content/VREditor/TransformGizmo/TransformGizmoMaterial.uasset, MMORPG-WindowsClient, 114753536, 73715712, 4262, 1755, 0xe95608edd0732ca59674a11866222a02589e478a, ExportBundleData, , MMORPG, WindowsClient, Base, Installed, 0, 73715712
824, 54fae8664ecca76b00000009, 0x6BA7CC4E66E8FA54, , <ShaderCode>, MMORPG-WindowsClient, 114819072, 73717760, 9223, 9223, 0x806911cfb2d404883504b3806613c02888091bd5, ShaderCode, , MMORPG, WindowsClient, Base, Installed, 0, 73717760
825, 4ef41df4805aa80600000001, 0x6A85A80F41DF44E, /Engine/VREditor/TransformGizmo/TransformGizmoMaterial_Inst, ../../../Engine/Content/VREditor/TransformGizmo/TransformGizmoMaterial_Inst.uasset, MMORPG-WindowsClient, 114884608, 73726992, 542, 542, 0x44329d344615c076f1e2615d76b8ae49a8d413ed, ExportBundleData, , MMORPG, WindowsClient, Base, Installed, 0, 73726992
826, f267c7830989284200000001, 0x4228890983C767F2, /Engine/VREditor/TransformGizmo/TranslucentTransformGizmoMaterial, ../../../Engine/Content/VREditor/TransformGizmo/TranslucentTransformGizmoMaterial.uasset, MMORPG-WindowsClient, 114950144, 73728000, 5085, 1973, 0xa7567ac5fee19ba5e1c9f80fe442657940a8eea1, ExportBundleData, , MMORPG, WindowsClient, Base, Installed, 0, 73728000
827, fdf339263a1ceb3e00000009, 0x3EEB1C3A2639F3FD, , <ShaderCode>, MMORPG-WindowsClient, 115015680, 73730048, 9707, 9707, 0x1e5427f54f7a1e68f6e4f6201304aed64b87fc92, ShaderCode, , MMORPG, WindowsClient, Base, Installed, 0, 73730048
828, db0f6202121af00600000001, 0x6F01A1202620FDB, /Engine/VREditor/TransformGizmo/RotationHandleQuarter, ../../../Engine/Content/VREditor/TransformGizmo/RotationHandleQuarter.uasset, MMORPG-WindowsClient, 115081216, 73740288, 35149, 6369, 0x9f21aca9dc057f58c3e10819c188353fafe880ea, ExportBundleData, , MMORPG, WindowsClient, Base, Installed, 0, 73740288
829, 768633666781f70600000001, 0x6F7816766338676, /Engine/EngineMaterials/BaseFlattenLinearColor, ../../../Engine/Content/EngineMaterials/BaseFlattenLinearColor.uasset, MMORPG-WindowsClient, 115146752, 73746672, 1460, 694, 0x61bad5939b1859934f10f699b3799cc0a7a59dba, ExportBundleData, , MMORPG, WindowsClient, Base, Installed, 0, 73746672
830, fd89c9e470e1551400000001, 0x1455E170E4C989FD, /Engine/Functions/Engine_MaterialFunctions02/SplitComponents, ../../../Engine/Content/Functions/Engine_MaterialFunctions02/SplitComponents.uasset, MMORPG-WindowsClient, 115212288, 73747376, 353, 353, 0xfa164291d347b13b024dea8b999ed6ad5bcbbaeb, ExportBundleData, , MMORPG, WindowsClient, Base, Installed, 0, 73747376
831, 311f5f53c278086200000001, 0x620878C2535F1F31, /Engine/VREditor/SnapGrid/SnapGridMaterial, ../../../Engine/Content/VREditor/SnapGrid/SnapGridMaterial.uasset, MMORPG-WindowsClient, 115277824, 73748480, 9772, 3217, 0x5ddd3a77d59e5d2966ce7e37a968aaf31199f152, ExportBundleData, , MMORPG, WindowsClient, Base, Installed, 0, 73748480
832, 6e6fdfe40660cc6f00000009, 0x6FCC6006E4DF6F6E, , <ShaderCode>, MMORPG-WindowsClient, 115343360, 73752576, 35759, 35759, 0xf89856c08803c09bba0cd9f6ede7749dbf0527f4, ShaderCode, , MMORPG, WindowsClient, Base, Installed, 0, 73752576
833, 65bf56aa68da170800000001, 0x817DA68AA56BF65, /Engine/VREditor/SnapGrid/SnapGridPlaneMesh, ../../../Engine/Content/VREditor/SnapGrid/SnapGridPlaneMesh.uasset, MMORPG-WindowsClient, 115408896, 73789440, 2822, 1187, 0x38f7313db193cb17ccb25576ba83b964f0058dae, ExportBundleData, , MMORPG, WindowsClient, Base, Installed, 0, 73789440
834, 0fcbf7e6705a3afe00000001, 0xFE3A5A70E6F7CB0F, /Engine/EngineFonts/Faces/RobotoBoldItalic, ../../../Engine/Content/EngineFonts/Faces/RobotoBoldItalic.uasset, MMORPG-WindowsClient, 115474432, 73790640, 386, 386, 0xbb7e6d33ea37b9c0a3e4dafdcbd597c85512adc2, ExportBundleData, , MMORPG, WindowsClient, Base, Installed, 0, 73790640
835, 368e94bf2073b74d00000001, 0x4DB77320BF948E36, /Engine/EngineFonts/Faces/RobotoBold, ../../../Engine/Content/EngineFonts/Faces/RobotoBold.uasset, MMORPG-WindowsClient, 115539968, 73791040, 356, 356, 0x3d0cdbfa74303752cea920fabd65bb53178a1a3c, ExportBundleData, , MMORPG, WindowsClient, Base, Installed, 0, 73791040
836, 5ba734afa75fb33c00000001, 0x3CB35FA7AF34A75B, /Engine/EngineFonts/Faces/RobotoRegular, ../../../Engine/Content/EngineFonts/Faces/RobotoRegular.uasset, MMORPG-WindowsClient, 115605504, 73791488, 367, 367, 0x949886a8dd3681fba24e96137b15e31721d026af, ExportBundleData, , MMORPG, WindowsClient, Base, Installed, 0, 73791488
837, 6ef7eb5c150af73a00000001, 0x3AF70A155CEBF76E, /Engine/EngineFonts/Faces/RobotoItalic, ../../../Engine/Content/EngineFonts/Faces/RobotoItalic.uasset, MMORPG-WindowsClient, 115671040, 73791856, 374, 374, 0xc157f98525ea8a151489550dec995768dd9efb14, ExportBundleData, , MMORPG, WindowsClient, Base, Installed, 0, 73791856
838, 0668993fb5b5811c00000001, 0x1C81B5B53F996806, /Engine/EngineFonts/Faces/RobotoLight, ../../../Engine/Content/EngineFonts/Faces/RobotoLight.uasset, MMORPG-WindowsClient, 115736576, 73792240, 358, 358, 0x240dab568121cdd0d07c2fc3f935594850e2be60, ExportBundleData, , MMORPG, WindowsClient, Base, Installed, 0, 73792240
839, a9e44eb998f07d0800000001, 0x87DF098B94EE4A9, /Engine/EngineFonts/Faces/DroidSansFallback, ../../../Engine/Content/EngineFonts/Faces/DroidSansFallback.uasset, MMORPG-WindowsClient, 115802112, 73792608, 405, 405, 0xb5e3bfa4ceaf3838acec7b4254b3edd28ec3bf79, ExportBundleData, , MMORPG, WindowsClient, Base, Installed, 0, 73792608
840, 08578f8490e5c66d00000001, 0x6DC6E590848F5708, /Engine/EngineFonts/Roboto, ../../../Engine/Content/EngineFonts/Roboto.uasset, MMORPG-WindowsClient, 115867648, 73793536, 1040, 576, 0xb1324ee2abe1140287859c424f18c104516c0d27, ExportBundleData, , MMORPG, WindowsClient, Base, Installed, 0, 73793536
841, a325708448a8980800000001, 0x898A848847025A3, , ../../../Engine/Plugins/Runtime/HairStrands/Content/Materials/HairMeshesDefaultMaterial.uasset, MMORPG-WindowsClient, 115933184, 73795584, 30364, 5650, 0x50b06f7b747faf500b116ed35a0d95d5c66de992, ExportBundleData, , MMORPG, WindowsClient, Base, Installed, 0, 73795584
842, 4c49e9e44ce8cd0900000001, 0x9CDE84CE4E9494C, , ../../../Engine/Plugins/Experimental/Water/Content/Icons/WaterLandscapeBrushSprite.uasset, MMORPG-WindowsClient, 115998720, 73801728, 6382, 2541, 0x5f75fdd00d189bf7218b31f9200d411b7292ca16, ExportBundleData, , MMORPG, WindowsClient, Base, Installed, 0, 73801728
843, ea3fffbb70984d4f00000001, 0x4F4D9870BBFF3FEA, , ../../../Engine/Plugins/Experimental/MeshModelingToolsetExp/Content/Materials/GetDisplacementVectorForDepthBias.uasset, MMORPG-WindowsClient, 116064256, 73804272, 374, 374, 0xeda67265e2b729bbc3e793e4d293ff1ac6f0e428, ExportBundleData, , MMORPG, WindowsClient, Base, Installed, 0, 73804272
844, 7952d0cbe047e14100000001, 0x41E147E0CBD05279, /Engine/Functions/Engine_MaterialFunctions02/Utility/FOV, ../../../Engine/Content/Functions/Engine_MaterialFunctions02/Utility/FOV.uasset, MMORPG-WindowsClient, 116129792, 73804656, 383, 383, 0x89950e872966357fbbec039963883f1ad5bf2080, ExportBundleData, , MMORPG, WindowsClient, Base, Installed, 0, 73804656
845, 61026eb1bb5ba70a00000001, 0xAA75BBBB16E0261, /Engine/Functions/Engine_MaterialFunctions03/Viewport/MF_OrthoWidth, ../../../Engine/Content/Functions/Engine_MaterialFunctions03/Viewport/MF_OrthoWidth.uasset, MMORPG-WindowsClient, 116195328, 73805040, 353, 353, 0xabddf96301c7afe6e7dee983ad76ec3c6bd186d2, ExportBundleData, , MMORPG, WindowsClient, Base, Installed, 0, 73805040
846, 468dc69695385ca000000001, 0xA05C389596C68D46, , ../../../Engine/Plugins/Experimental/MeshModelingToolsetExp/Content/Materials/PointSetOverlaidComponentMaterial.uasset, MMORPG-WindowsClient, 116260864, 73805824, 8801, 3305, 0xd19fe9b22c76e9ea3b54328ab5aee89ab3de2544, ExportBundleData, , MMORPG, WindowsClient, Base, Installed, 0, 73805824
847, e670fb4499005dd800000009, 0xD85D009944FB70E6, , <ShaderCode>, MMORPG-WindowsClient, 116326400, 73809920, 46323, 46323, 0xb33e1d6c0d2a509a5ec9638a87b2addaa0af2032, ShaderCode, , MMORPG, WindowsClient, Base, Installed, 0, 73809920
848, 2ce1c84c52fe4ec100000001, 0xC14EFE524CC8E12C, /Engine/Functions/Engine_MaterialFunctions02/Math/ProjectVectorOntoPlane, ../../../Engine/Content/Functions/Engine_MaterialFunctions02/Math/ProjectVectorOntoPlane.uasset, MMORPG-WindowsClient, 116391936, 73856256, 460, 460, 0x5f5f5c4370c70492fefbd2094e9241bd8ae7b4e5, ExportBundleData, , MMORPG, WindowsClient, Base, Installed, 0, 73856256
849, b2e55f36209c19b000000001, 0xB0199C20365FE5B2, /Engine/Functions/Engine_MaterialFunctions02/SafeNormalize, ../../../Engine/Content/Functions/Engine_MaterialFunctions02/SafeNormalize.uasset, MMORPG-WindowsClient, 116457472, 73857024, 561, 561, 0xcccd508c4694db17c3a6765cefbbcb05c5922797, ExportBundleData, , MMORPG, WindowsClient, Base, Installed, 0, 73857024
850, 1f7bcccc1dc302aa00000001, 0xAA02C31DCCCC7B1F, , ../../../Engine/Plugins/Experimental/MeshModelingToolsetExp/Content/Materials/LineSetOverlaidComponentMaterial.uasset, MMORPG-WindowsClient, 116523008, 73859072, 8832, 3317, 0x53c6b70d4125320e0085bcd8f05974bbf54a890d, ExportBundleData, , MMORPG, WindowsClient, Base, Installed, 0, 73859072
851, 08798e07cde4188e00000009, 0x8E18E4CD078E7908, , <ShaderCode>, MMORPG-WindowsClient, 116588544, 73863168, 51147, 51147, 0x34c357a72f735989be2a59f26537fd74ce584a5c, ShaderCode, , MMORPG, WindowsClient, Base, Installed, 0, 73863168
852, 7d129f2ecdbade0a00000001, 0xADEBACD2E9F127D, , ../../../Engine/Plugins/Animation/ControlRig/Content/Controls/ControlRig_RoundedSquare_1mm.uasset, MMORPG-WindowsClient, 116654080, 73914368, 54993, 13236, 0x7e2c9a97160517a7ee42f12c1da874fe11a085dd, ExportBundleData, , MMORPG, WindowsClient, Base, Installed, 0, 73914368
853, 7539f12095a3f0d100000001, 0xD1F0A39520F13975, /Engine/EngineMaterials/DefaultDiffuse, ../../../Engine/Content/EngineMaterials/DefaultDiffuse.uasset, MMORPG-WindowsClient, 116719616, 73928704, 3726, 2378, 0x81d58e0e0cc25af75edc5cca304aa0a904761900, ExportBundleData, , MMORPG, WindowsClient, Base, Installed, 0, 73928704
854, 6c3a98c4aa151a5300000001, 0x531A15AAC4983A6C, /Engine/EngineMaterials/DefaultPostProcessMaterial, ../../../Engine/Content/EngineMaterials/DefaultPostProcessMaterial.uasset, MMORPG-WindowsClient, 116785152, 73932800, 13459, 3268, 0x6bab58ef7158425fb7b91466ed5a7623269af1d6, ExportBundleData, , MMORPG, WindowsClient, Base, Installed, 0, 73932800
855, 1407c0c3ac0d3bc600000009, 0xC63B0DACC3C00714, , <ShaderCode>, MMORPG-WindowsClient, 116850688, 73936896, 16810, 16810, 0x01e97b3236d1e4e12228cba0c19acfde9c59c527, ShaderCode, , MMORPG, WindowsClient, Base, Installed, 0, 73936896
856, 5cea311860b94ecb00000001, 0xCB4EB9601831EA5C, /Engine/EditorResources/S_Terrain, ../../../Engine/Content/EditorResources/S_Terrain.uasset, MMORPG-WindowsClient, 116916224, 73955328, 22729, 4890, 0xc811e111f05feae86e744a2a39b5e9287a9308ea, ExportBundleData, , MMORPG, WindowsClient, Base, Installed, 0, 73955328
857, 643f440dad65869600000001, 0x968665AD0D443F64, /Engine/Functions/Engine_MaterialFunctions02/WorldPositionOffset/ComponentPivotLocation, ../../../Engine/Content/Functions/Engine_MaterialFunctions02/WorldPositionOffset/ComponentPivotLocation.uasset, MMORPG-WindowsClient, 116981760, 73960224, 444, 444, 0x3e0718879596565f02b6947ca4668f4464c6aa33, ExportBundleData, , MMORPG, WindowsClient, Base, Installed, 0, 73960224
858, 9eafb3a090ce1b2b00000001, 0x2B1BCE90A0B3AF9E, /Engine/Functions/Engine_MaterialFunctions02/WorldPositionOffset/Sprite, ../../../Engine/Content/Functions/Engine_MaterialFunctions02/WorldPositionOffset/Sprite.uasset, MMORPG-WindowsClient, 117047296, 73960672, 471, 471, 0xab8c2ecdd90aff71d78d0a290704d9d8536e60f2, ExportBundleData, , MMORPG, WindowsClient, Base, Installed, 0, 73960672
859, 2fe73fa5c3a2be9c00000001, 0x9CBEA2C3A53FE72F, , ../../../Engine/Plugins/Experimental/Landmass/Content/Landscape/BlueprintBrushes/Materials/Sprite/M_BrushSprite_01.uasset, MMORPG-WindowsClient, 117112832, 73961472, 11144, 3617, 0x2586c6124ccb64962ac0812ef1ef8d2dcef62f3d, ExportBundleData, , MMORPG, WindowsClient, Base, Installed, 0, 73961472
860, ced92fa38ddbacf600000009, 0xF6ACDB8DA32FD9CE, , <ShaderCode>, MMORPG-WindowsClient, 117178368, 73965568, 57567, 57567, 0x8ca7548aee2a2bae0e0cfb190d2f8bf7fac308ff, ShaderCode, , MMORPG, WindowsClient, Base, Installed, 0, 73965568
861, 1bd46f252a7c31e500000001, 0xE5317C2A256FD41B, , ../../../MMORPG/Content/Characters/Mannequins/Textures/Manny/T_Manny_01_BN.uasset, MMORPG-WindowsClient, 117243904, 74024960, 6494, 5697, 0x9865fca4eb1543040adc7cf8aaff170c550b9cbe, ExportBundleData, , MMORPG, WindowsClient, Base, Installed, 0, 74024960
862, 3cb0431e18cb83db00000001, 0xDB83CB181E43B03C, /Engine/Animation/DefaultRecorderBoneCompression, ../../../Engine/Content/Animation/DefaultRecorderBoneCompression.uasset, MMORPG-WindowsClient, 117309440, 74031104, 520, 520, 0xb9b821e13746babeada491b103abab46cf61edcd, ExportBundleData, , MMORPG, WindowsClient, Base, Installed, 0, 74031104
863, e786ac693542bdc000000001, 0xC0BD423569AC86E7, /Engine/Functions/Engine_MaterialFunctions01/Texturing/ScaleUVsByCenter, ../../../Engine/Content/Functions/Engine_MaterialFunctions01/Texturing/ScaleUVsByCenter.uasset, MMORPG-WindowsClient, 117374976, 74031632, 361, 361, 0x203d996c4bee109b3c952f837bc99e65efd73d80, ExportBundleData, , MMORPG, WindowsClient, Base, Installed, 0, 74031632
864, 99197757e13fd1b600000001, 0xB6D13FE157771999, , ../../../MMORPG/Content/Characters/MMO/ALI_MMOCharacter.uasset, MMORPG-WindowsClient, 117440512, 74032000, 941, 941, 0xda7972befd892434cab3e27dc22a2a9de76df0df, ExportBundleData, , MMORPG, WindowsClient, Base, Installed, 0, 74032000
865, b958e3c9d99b419d00000001, 0x9D419BD9C9E358B9, , ../../../MMORPG/Content/Characters/Mannequins/Textures/Manny/T_Manny_02_MRA.uasset, MMORPG-WindowsClient, 117506048, 74033152, 3729, 2853, 0xcba9c0cf489c77c493324413c9b8af9001445eb5, ExportBundleData, , MMORPG, WindowsClient, Base, Installed, 0, 74033152
866, efe65bae7554039800000001, 0x98035475AE5BE6EF, /Engine/Animation/DefaultVariableFrameStrippingSettings, ../../../Engine/Content/Animation/DefaultVariableFrameStrippingSettings.uasset, MMORPG-WindowsClient, 117571584, 74036016, 350, 350, 0x985fa09bd1b8ce0b6c9112ced1cdeec8c4a00ac2, ExportBundleData, , MMORPG, WindowsClient, Base, Installed, 0, 74036016
867, 620388081e70557300000001, 0x7355701E08880362, , ../../../Engine/Plugins/Animation/ACLPlugin/Content/ACLAnimCurveCompressionSettings.uasset, MMORPG-WindowsClient, 117637120, 74036368, 516, 516, 0xf95200184e1dec92459de579353fba81f285a6cb, ExportBundleData, , MMORPG, WindowsClient, Base, Installed, 0, 74036368
868, 8dc57b625b9b987100000001, 0x71989B5B627BC58D, , ../../../MMORPG/Content/Characters/Mannequins/Textures/Manny/T_Manny_01_MRA.uasset, MMORPG-WindowsClient, 117702656, 74037248, 3748, 2631, 0x708cc654b699cc62343a651f24826b8e8d8dbbde, ExportBundleData, , MMORPG, WindowsClient, Base, Installed, 0, 74037248
869, 000eb6ac2e75d86b00000001, 0x6BD8752EACB60E00, , ../../../MMORPG/Content/Characters/Mannequins/Textures/Manny/T_Manny_02_BN.uasset, MMORPG-WindowsClient, 117768192, 74041344, 6494, 5741, 0xb7579e710a49f1ad0361c50a5bd6727441b7cd8b, ExportBundleData, , MMORPG, WindowsClient, Base, Installed, 0, 74041344
870, 15dc988210f4f86700000001, 0x67F8F4108298DC15, , ../../../MMORPG/Content/Characters/Mannequins/Textures/Manny/T_Manny_02_D.uasset, MMORPG-WindowsClient, 117833728, 74047488, 3745, 2910, 0x703cb1a44c532dc846d39c8e2130f97c4461c51b, ExportBundleData, , MMORPG, WindowsClient, Base, Installed, 0, 74047488
871, fd3456639b15286700000001, 0x6728159B635634FD, /Engine/Animation/DefaultAnimCurveCompressionSettings, ../../../Engine/Content/Animation/DefaultAnimCurveCompressionSettings.uasset, MMORPG-WindowsClient, 117899264, 74050400, 516, 516, 0xeda7bfd669cb1f1a88283e56349aa7a58215433f, ExportBundleData, , MMORPG, WindowsClient, Base, Installed, 0, 74050400
872, 9e86c40780915c5c00000001, 0x5C5C918007C4869E, , ../../../MMORPG/Content/Characters/Mannequins/Rigs/PA_Mannequin.uasset, MMORPG-WindowsClient, 117964800, 74051584, 28812, 5014, 0x950410064b69c57d96fd281f904caa3cb97b64de, ExportBundleData, , MMORPG, WindowsClient, Base, Installed, 0, 74051584
873, ac89e33c10df405300000001, 0x5340DF103CE389AC, , ../../../MMORPG/Content/Characters/Mannequins/Meshes/SK_Mannequin.uasset, MMORPG-WindowsClient, 118030336, 74057728, 58894, 14391, 0x4a6776f13e91aa9e7e84e5d44f23250e734266d0, ExportBundleData, , MMORPG, WindowsClient, Base, Installed, 0, 74057728
874, 3f6462a1ad5ae3f200000001, 0xF2E35AADA162643F, , ../../../MMORPG/Content/Characters/Mannequins/Anims/Unarmed/Jog/MF_Unarmed_Jog_Bwd_Left.uasset, MMORPG-WindowsClient, 118095872, 74074112, 51665, 37053, 0x88f7e9f2440e1329bf7b96012ec98dee3fa017dd, ExportBundleData, , MMORPG, WindowsClient, Base, Installed, 0, 74074112
875, 1892713e73f0e3ad00000001, 0xADE3F0733E719218, , ../../../MMORPG/Content/Characters/Mannequins/Anims/Unarmed/Walk/MF_Unarmed_Walk_Bwd_Left.uasset, MMORPG-WindowsClient, 118161408, 74113024, 68022, 49056, 0xbf88e9af19e54e3622bf6e74304a263f1403157c, ExportBundleData, , MMORPG, WindowsClient, Base, Installed, 0, 74113024
876, ff0569e29641309500000001, 0x95304196E26905FF, , ../../../MMORPG/Content/Characters/Mannequins/Anims/Unarmed/Jog/MF_Unarmed_Jog_Fwd_Right.uasset, MMORPG-WindowsClient, 118292480, 74162176, 57905, 40236, 0x32c282ec8c153d132250fe18bc7d45b3a40bb3af, ExportBundleData, , MMORPG, WindowsClient, Base, Installed, 0, 74162176
877, 1837c44ce64e428900000001, 0x89424EE64CC43718, , ../../../MMORPG/Content/Characters/Mannequins/Anims/Unarmed/Jog/MF_Unarmed_Jog_Fwd_Left.uasset, MMORPG-WindowsClient, 118358016, 74203136, 57905, 40203, 0xc401631a217870ae3ab13e2bf9c8bc6447638a5b, ExportBundleData, , MMORPG, WindowsClient, Base, Installed, 0, 74203136
878, 67a66636efb1ad6600000001, 0x66ADB1EF3666A667, , ../../../MMORPG/Content/Characters/Mannequins/Anims/Unarmed/Jog/MF_Unarmed_Jog_Bwd_Right.uasset, MMORPG-WindowsClient, 118423552, 74244096, 51665, 35424, 0x07d402171e4308fd34e645a3ee03c756930a92c8, ExportBundleData, , MMORPG, WindowsClient, Base, Installed, 0, 74244096
879, 76d228b31734b36400000001, 0x64B33417B328D276, , ../../../MMORPG/Content/Characters/Mannequins/Anims/Unarmed/Walk/MF_Unarmed_Walk_Fwd_Right.uasset, MMORPG-WindowsClient, 118489088, 74280960, 51646, 34648, 0xfeefd7b31eb4da1b6a2a2208626324d32cfcdce0, ExportBundleData, , MMORPG, WindowsClient, Base, Installed, 0, 74280960
880, 76414a1d577db14f00000001, 0x4FB17D571D4A4176, , ../../../MMORPG/Content/Characters/Mannequins/Textures/Shared/T_UE_Logo_M.uasset, MMORPG-WindowsClient, 118554624, 74315776, 1399101, 39825, 0xde6cc939c757f904e93e6563b64b82dd76f9156b, ExportBundleData, , MMORPG, WindowsClient, Base, Installed, 0, 74315776
881, 8493562f6a88814c00000001, 0x4C81886A2F569384, , ../../../MMORPG/Content/Characters/Mannequins/Anims/Unarmed/Walk/MF_Unarmed_Walk_Fwd_Left.uasset, MMORPG-WindowsClient, 119996416, 74356736, 51638, 34396, 0xdbaead6b31c2cf98367fc4794c9e5dd81af91a68, ExportBundleData, , MMORPG, WindowsClient, Base, Installed, 0, 74356736
882, 19aece732b01cd4000000001, 0x40CD012B73CEAE19, /Engine/Animation/DefaultAnimBoneCompressionSettings, ../../../Engine/Content/Animation/DefaultAnimBoneCompressionSettings.uasset, MMORPG-WindowsClient, 120061952, 74391552, 2293, 944, 0xf90a2ab73188a000f39b55fc2856e26079245c94, ExportBundleData, , MMORPG, WindowsClient, Base, Installed, 0, 74391552
883, 42b2b0976dba76f700000001, 0xF776BA6D97B0B242, , ../../../MMORPG/Content/Characters/Mannequins/Anims/Unarmed/MM_Idle.uasset, MMORPG-WindowsClient, 120127488, 74393600, 86062, 56663, 0x3aae86d9c740304bbccff23229b5a4b19b2eb83d, ExportBundleData, , MMORPG, WindowsClient, Base, Installed, 0, 74393600
884, 89f832c7288717cd00000001, 0xCD178728C732F889, , ../../../MMORPG/Content/Characters/Mannequins/Anims/Unarmed/Jog/MF_Unarmed_Jog_Right.uasset, MMORPG-WindowsClient, 120258560, 74450944, 42477, 26947, 0x1b290b86cdb79b80c7c50688e2a9b297f716fe8e, ExportBundleData, , MMORPG, WindowsClient, Base, Installed, 0, 74450944
885, 11925ef3a86a8fbb00000001, 0xBB8F6AA8F35E9211, , ../../../MMORPG/Content/Characters/Mannequins/Anims/Unarmed/Jog/MF_Unarmed_Jog_Fwd.uasset, MMORPG-WindowsClient, 120324096, 74479616, 43545, 27782, 0x91d1249df13544ac7ea777e923f844c629f240be, ExportBundleData, , MMORPG, WindowsClient, Base, Installed, 0, 74479616
886, 52295f684d6aa7ac00000001, 0xACA76A4D685F2952, , ../../../MMORPG/Content/Characters/Mannequins/Anims/Unarmed/Jog/MF_Unarmed_Jog_Left.uasset, MMORPG-WindowsClient, 120389632, 74508288, 39549, 24361, 0x7b6ade8755682cf697cafe317d0c41e8b39b614c, ExportBundleData, , MMORPG, WindowsClient, Base, Installed, 0, 74508288
887, ce792d6be0d9b17100000001, 0x71B1D9E06B2D79CE, , ../../../MMORPG/Content/Characters/Mannequins/Anims/Unarmed/Jump/MM_Fall_Loop.uasset, MMORPG-WindowsClient, 120455168, 74532864, 43973, 33818, 0x6d8656d540c1e1b79446e6f68ab69f99378f70cb, ExportBundleData, , MMORPG, WindowsClient, Base, Installed, 0, 74532864
888, d1ad256e024d224b00000001, 0x4B224D026E25ADD1, , ../../../MMORPG/Content/Characters/Mannequins/Anims/Unarmed/Walk/MF_Unarmed_Walk_Left.uasset, MMORPG-WindowsClient, 120520704, 74567680, 39710, 24667, 0xca38b2cc4b2d7d9aaebe5a4c9c613584258d9246, ExportBundleData, , MMORPG, WindowsClient, Base, Installed, 0, 74567680
889, 75ff5c92bd119a4400000001, 0x449A11BD925CFF75, , ../../../MMORPG/Content/Characters/Mannequins/Anims/Unarmed/Jog/MF_Unarmed_Jog_Bwd.uasset, MMORPG-WindowsClient, 120586240, 74594304, 39473, 24421, 0x2ec612250e7cc2fbe6f9077fd8219a9114053eef, ExportBundleData, , MMORPG, WindowsClient, Base, Installed, 0, 74594304
890, 531621b603f13a4200000001, 0x423AF103B6211653, , ../../../MMORPG/Content/Characters/Mannequins/Anims/Unarmed/Walk/MF_Unarmed_Walk_Right.uasset, MMORPG-WindowsClient, 120651776, 74618880, 40194, 24610, 0x3a922ea197e0baf66ff555cc223fb1b59e487dd0, ExportBundleData, , MMORPG, WindowsClient, Base, Installed, 0, 74618880
891, 915fedc4a2d8a43f00000001, 0x3FA4D8A2C4ED5F91, , ../../../MMORPG/Content/Characters/Mannequins/Anims/Unarmed/Walk/MF_Unarmed_Walk_Bwd.uasset, MMORPG-WindowsClient, 120717312, 74645504, 48394, 32120, 0xb43c1cd98b74bab4546023af00a48f0287ff49c9, ExportBundleData, , MMORPG, WindowsClient, Base, Installed, 0, 74645504
892, 20c28f7dcf61a12200000001, 0x22A161CF7D8FC220, , ../../../MMORPG/Content/Characters/Mannequins/Anims/Unarmed/Walk/MF_Unarmed_Walk_Bwd_Right.uasset, MMORPG-WindowsClient, 120782848, 74678272, 68030, 49055, 0xecaf2352879da1a7a57477d0980fa36c5d1420d7, ExportBundleData, , MMORPG, WindowsClient, Base, Installed, 0, 74678272
893, 3d85e2a62071581500000001, 0x15587120A6E2853D, , ../../../MMORPG/Content/Characters/Mannequins/Textures/Manny/T_Manny_01_D.uasset, MMORPG-WindowsClient, 120913920, 74727424, 3745, 2653, 0x76657769b420c3da4ce8624d4e78fdfa635dcded, ExportBundleData, , MMORPG, WindowsClient, Base, Installed, 0, 74727424
894, cabb27b32cdec31400000001, 0x14C3DE2CB327BBCA, , ../../../MMORPG/Content/Characters/Mannequins/Anims/Unarmed/Walk/MF_Unarmed_Walk_Fwd.uasset, MMORPG-WindowsClient, 120979456, 74731520, 39162, 23405, 0x5d0c73a8f5fb49093134251b5933cf30fef0bc34, ExportBundleData, , MMORPG, WindowsClient, Base, Installed, 0, 74731520
895, 5bec4829fe93a3e200000001, 0xE2A393FE2948EC5B, , ../../../MMORPG/Content/Characters/Mannequins/Anims/Unarmed/BS_Idle_Walk_Run.uasset, MMORPG-WindowsClient, 121044992, 74756096, 8816, 1960, 0xd1eb959fb1684af01cd25e864a89ff174e46c354, ExportBundleData, , MMORPG, WindowsClient, Base, Installed, 0, 74756096
896, 21c50238442b1ce200000001, 0xE21C2B443802C521, , ../../../MMORPG/Content/Characters/MMO/ABP_MMOUnarmed.uasset, MMORPG-WindowsClient, 121110528, 74758144, 8702, 3338, 0xbb09b10f3b6cba228ab5f63e1446375efd26a347, ExportBundleData, , MMORPG, WindowsClient, Base, Installed, 0, 74758144
897, b47ae2aac07a1a7c00000001, 0x7C1A7AC0AAE27AB4, , ../../../MMORPG/Content/Characters/MMO/ABP_MMOCharacter.uasset, MMORPG-WindowsClient, 121176064, 74762240, 10086, 3769, 0xebd6020da7801ebf3989289d9682243ed0f1dcb4, ExportBundleData, , MMORPG, WindowsClient, Base, Installed, 0, 74762240
898, 0fe77467488343e300000001, 0xE34383486774E70F, , ../../../MMORPG/Content/Characters/Mannequins/Materials/M_Mannequin.uasset, MMORPG-WindowsClient, 121241600, 74766336, 23603, 5786, 0x6486c74f068295b170cdeecee9ec8877c7183585, ExportBundleData, , MMORPG, WindowsClient, Base, Installed, 0, 74766336
899, d69fb2293185ac9100000009, 0x91AC853129B29FD6, , <ShaderCode>, MMORPG-WindowsClient, 121307136, 74772480, 43768, 43768, 0x61a3f6d8de4ecf4f94d0158116663aa47672904a, ShaderCode, , MMORPG, WindowsClient, Base, Installed, 0, 74772480
900, d19e1a66285a310e00000001, 0xE315A28661A9ED1, , ../../../MMORPG/Content/Characters/Mannequins/Materials/Manny/MI_Manny_01_New.uasset, MMORPG-WindowsClient, 121372672, 74816256, 1309, 834, 0x8ca7b60ddd9a7581b27b6bbaa18feefea907d830, ExportBundleData, , MMORPG, WindowsClient, Base, Installed, 0, 74816256
901, 2d7139e4528985f600000001, 0xF6858952E439712D, , ../../../MMORPG/Content/Characters/Mannequins/Materials/Manny/MI_Manny_02_New.uasset, MMORPG-WindowsClient, 121438208, 74817536, 23257, 5735, 0x5f373172bd893ac0cfcb030f40c342fc4fbbc003, ExportBundleData, , MMORPG, WindowsClient, Base, Installed, 0, 74817536
902, ee1c057cc283f91400000009, 0x14F983C27C051CEE, , <ShaderCode>, MMORPG-WindowsClient, 121503744, 74823680, 45445, 45445, 0x392913ed1b47ad29afafbf20c7f476d2a3bf1ec2, ShaderCode, , MMORPG, WindowsClient, Base, Installed, 0, 74823680
903, e58bc1d59dac41b600000001, 0xB641AC9DD5C18BE5, , ../../../MMORPG/Content/Characters/Mannequins/Meshes/SKM_Manny_Simple.uasset, MMORPG-WindowsClient, 121569280, 74870784, 3594341, 1824132, 0x7cde91501c4a3bc3eb63ad28bfcae668322e7cc0, ExportBundleData, , MMORPG, WindowsClient, Base, Installed, 0, 74870784
904, 7493591a68c590e300000001, 0xE390C5681A599374, , ../../../MMORPG/Content/Tutorial/BP_MMOCharacter.uasset, MMORPG-WindowsClient, 125173760, 76695552, 2732, 1415, 0x747c8c078f84a7cb1365987a9471e116730bbeba, ExportBundleData, , MMORPG, WindowsClient, Base, Installed, 0, 76695552
905, fe1884f0cf6fd76100000001, 0x61D76FCFF08418FE, /Engine/Functions/Engine_MaterialFunctions02/WorldPositionOffset/LocalPosition, ../../../Engine/Content/Functions/Engine_MaterialFunctions02/WorldPositionOffset/LocalPosition.uasset, MMORPG-WindowsClient, 125239296, 76696976, 471, 471, 0xc5f93c28f4d74151f8171d9f253323c3510db493, ExportBundleData, , MMORPG, WindowsClient, Base, Installed, 0, 76696976
906, 9099dc500189bf5500000001, 0x55BF890150DC9990, /Engine/Functions/Engine_MaterialFunctions01/Debug/DebugIntValues, ../../../Engine/Content/Functions/Engine_MaterialFunctions01/Debug/DebugIntValues.uasset, MMORPG-WindowsClient, 125304832, 76697600, 448, 448, 0x8b131c9bef93904acced82fa6e0e39ad08228c8d, ExportBundleData, , MMORPG, WindowsClient, Base, Installed, 0, 76697600
907, c77b738cd71e934b00000001, 0x4B931ED78C737BC7, /Engine/Functions/Engine_MaterialFunctions01/Texturing/TextureCropping, ../../../Engine/Content/Functions/Engine_MaterialFunctions01/Texturing/TextureCropping.uasset, MMORPG-WindowsClient, 125370368, 76698048, 479, 479, 0x1d8f26dc9996b5727d0224a64b9e6d39b074d5d7, ExportBundleData, , MMORPG, WindowsClient, Base, Installed, 0, 76698048
908, aa5d2f73fa7e3f3d00000001, 0x3D3F7EFA732F5DAA, /Engine/Functions/Engine_MaterialFunctions02/ExampleContent/DebugNumberStrip, ../../../Engine/Content/Functions/Engine_MaterialFunctions02/ExampleContent/DebugNumberStrip.uasset, MMORPG-WindowsClient, 125435904, 76699648, 88460, 12058, 0x89349e7e5d32f2586bf79d68140e8709454e3394, ExportBundleData, , MMORPG, WindowsClient, Base, Installed, 0, 76699648
909, 1c274409e7177bf500000001, 0xF57B17E70944271C, /Engine/EditorLandscapeResources/LandscapeLayerUsageMaterial, ../../../Engine/Content/EditorLandscapeResources/LandscapeLayerUsageMaterial.uasset, MMORPG-WindowsClient, 125566976, 76711936, 8141, 3180, 0x289472d5423f7cf38357cb135e03bb5f1bb68d55, ExportBundleData, , MMORPG, WindowsClient, Base, Installed, 0, 76711936
910, 6c5ebf9c68e2c27d00000009, 0x7DC2E2689CBF5E6C, , <ShaderCode>, MMORPG-WindowsClient, 125632512, 76716032, 10368, 10368, 0x8595502b3d9b537481d671c32d2cd3294c235c4a, ShaderCode, , MMORPG, WindowsClient, Base, Installed, 0, 76716032
911, efcfb454b8ee4f0c00000001, 0xC4FEEB854B4CFEF, /Engine/EngineResources/Black_Low, ../../../Engine/Content/EngineResources/Black_Low.uasset, MMORPG-WindowsClient, 125698048, 76726400, 502, 502, 0xc7506d5bdf843e5a4bb0f3d4b46044e35477272f, ExportBundleData, , MMORPG, WindowsClient, Base, Installed, 0, 76726400
912, 6bcf318dbf32160d00000001, 0xD1632BF8D31CF6B, , ../../../Engine/Plugins/Animation/ControlRig/Content/Controls/ControlRig_Star4_3mm.uasset, MMORPG-WindowsClient, 125763584, 76728320, 11367, 3471, 0xc1b9f90d2593c7e00d0a5205710f357e34c11e53, ExportBundleData, , MMORPG, WindowsClient, Base, Installed, 0, 76728320
913, 6e2ca625b8142f0f00000001, 0xF2F14B825A62C6E, , ../../../Engine/Plugins/NNE/NNEDenoiser/Content/NNEDIM_HighQuality_Alpha.uasset, MMORPG-WindowsClient, 125829120, 76732416, 780, 780, 0xde4f79d2bfb391ee554d1923651ebf9cfa090e8b, ExportBundleData, , MMORPG, WindowsClient, Base, Installed, 0, 76732416
914, 2765bf003b33460f00000001, 0xF46333B00BF6527, /Engine/VREditor/TransformGizmo/UniformScaleHandle, ../../../Engine/Content/VREditor/TransformGizmo/UniformScaleHandle.uasset, MMORPG-WindowsClient, 125894656, 76734464, 11607, 3284, 0x58f5a8070cd5adc3b295147c8f2db78c3441b703, ExportBundleData, , MMORPG, WindowsClient, Base, Installed, 0, 76734464
915, 509978a7bf1d4c1100000001, 0x114C1DBFA7789950, , ../../../Engine/Plugins/NNE/NNEDenoiser/Content/NNEDOM_Output_Alpha.uasset, MMORPG-WindowsClient, 125960192, 76737760, 482, 482, 0xf5ee7ff32f756cbe917dce35de9d8bdd39cb7b45, ExportBundleData, , MMORPG, WindowsClient, Base, Installed, 0, 76737760
916, b2903f89a8b9c4cc00000001, 0xCCC4B9A8893F90B2, , ../../../Engine/Plugins/Interchange/Assets/Content/gltf/MaterialBodies/MF_Unlit_Body.uasset, MMORPG-WindowsClient, 126025728, 76738560, 342, 342, 0x808a32b4729a74848d932dcbf180d87c633e12af, ExportBundleData, , MMORPG, WindowsClient, Base, Installed, 0, 76738560
917, 18b5fddd1537ed7b00000001, 0x7BED3715DDFDB518, , ../../../Engine/Plugins/Interchange/Assets/Content/gltf/M_Unlit.uasset, MMORPG-WindowsClient, 126091264, 76740608, 7680, 2872, 0x6e710328a307b245e52156568e942e3d7adc9edc, ExportBundleData, , MMORPG, WindowsClient, Base, Installed, 0, 76740608
918, b1a12da92cb96f1a00000009, 0x1A6FB92CA92DA1B1, , <ShaderCode>, MMORPG-WindowsClient, 126156800, 76744704, 45443, 45443, 0xdceb7c0dbfdefd8166f628987f7a7db1fc7d4c0f, ShaderCode, , MMORPG, WindowsClient, Base, Installed, 0, 76744704
919, 7ef043804d9b312200000001, 0x22319B4D8043F07E, , ../../../Engine/Plugins/Interchange/Assets/Content/gltf/MaterialInstances/MI_Unlit_Blend.uasset, MMORPG-WindowsClient, 126222336, 76791808, 8408, 2730, 0xa10ff3c6c22d419ef7b86f145bd0df1121a19fd2, ExportBundleData, , MMORPG, WindowsClient, Base, Installed, 0, 76791808
920, 7de74beeda79d9c400000009, 0xC4D979DAEE4BE77D, , <ShaderCode>, MMORPG-WindowsClient, 126287872, 76795904, 7753, 7753, 0x406e2ad63310a329c7fd14cfada106567aa9b031, ShaderCode, , MMORPG, WindowsClient, Base, Installed, 0, 76795904
921, ac70815854183b8900000001, 0x893B1854588170AC, , ../../../Engine/Plugins/Interchange/Assets/Content/gltf/MaterialInstances/MI_Unlit_Blend_DS.uasset, MMORPG-WindowsClient, 126353408, 76804096, 9920, 3013, 0xd4562e2fcf24fc4b2cc9923aa9034f40e34fdc75, ExportBundleData, , MMORPG, WindowsClient, Base, Installed, 0, 76804096
922, e0c05c36762dfb6000000009, 0x60FB2D76365CC0E0, , <ShaderCode>, MMORPG-WindowsClient, 126418944, 76808192, 9161, 9161, 0xa79b617e5a3018b860a568203249266e58df3e48, ShaderCode, , MMORPG, WindowsClient, Base, Installed, 0, 76808192
923, 50b530004fc9b2b700000001, 0xB7B2C94F0030B550, , ../../../Engine/Plugins/Interchange/Assets/Content/gltf/MaterialInstances/MI_Unlit_Mask.uasset, MMORPG-WindowsClient, 126484480, 76818432, 25109, 5478, 0x1a929622ee8f59989d6285284faaadf3e84f87c6, ExportBundleData, , MMORPG, WindowsClient, Base, Installed, 0, 76818432
924, d666c9b1a616620b00000009, 0xB6216A6B1C966D6, , <ShaderCode>, MMORPG-WindowsClient, 126550016, 76824576, 233540, 233540, 0xb9c9a3725dc34bc6d050ebced1b4a3ae2b27dcab, ShaderCode, , MMORPG, WindowsClient, Base, Installed, 0, 76824576
925, 12bc1785ec875bcd00000001, 0xCD5B87EC8517BC12, , ../../../Engine/Plugins/Interchange/Assets/Content/gltf/MaterialInstances/MI_Unlit_Opaque.uasset, MMORPG-WindowsClient, 126812160, 77058128, 544, 544, 0x75443fa5c4ac2bf78d19081c7f67688df3d57d7b, ExportBundleData, , MMORPG, WindowsClient, Base, Installed, 0, 77058128
926, 06794995a2a24fe800000001, 0xE84FA2A295497906, , ../../../Engine/Plugins/Interchange/Assets/Content/gltf/MaterialInstances/MI_Unlit_Mask_DS.uasset, MMORPG-WindowsClient, 126877696, 77060096, 25115, 5462, 0xae83c9ececfc980a9b39ae09d7e1959be8445b7e, ExportBundleData, , MMORPG, WindowsClient, Base, Installed, 0, 77060096
927, f592579fe4ccbe2b00000009, 0x2BBECCE49F5792F5, , <ShaderCode>, MMORPG-WindowsClient, 126943232, 77066240, 225436, 225436, 0xa4848400acff503842cccfd93159fe243a8c7b86, ShaderCode, , MMORPG, WindowsClient, Base, Installed, 0, 77066240
928, 1bf8be545e1675ed00000001, 0xED75165E54BEF81B, , ../../../Engine/Plugins/Interchange/Assets/Content/gltf/MaterialInstances/MI_Unlit_Opaque_DS.uasset, MMORPG-WindowsClient, 127205376, 77293568, 9604, 3055, 0x8dc4f16d613a36f91606deb5551d9c801617e9ce, ExportBundleData, , MMORPG, WindowsClient, Base, Installed, 0, 77293568
929, 1ca3325f43a52a2b00000009, 0x2B2AA5435F32A31C, , <ShaderCode>, MMORPG-WindowsClient, 127270912, 77297664, 46004, 46004, 0x1be7250798dd51fbf18bcdcfbf7d45c059385ccc, ShaderCode, , MMORPG, WindowsClient, Base, Installed, 0, 77297664
930, 7aba7a84b764bf1300000001, 0x13BF64B7847ABA7A, , ../../../Engine/Plugins/Interchange/Runtime/Content/Pipelines/DefaultSceneLevelPipeline.uasset, MMORPG-WindowsClient, 127336448, 77343680, 1880, 687, 0x09b2dc1d03a5c67606bca907f2ac9cb2440ae55a, ExportBundleData, , MMORPG, WindowsClient, Base, Installed, 0, 77343680
931, 0e746a5331df661400000001, 0x1466DF31536A740E, , ../../../Engine/Plugins/Experimental/Water/Content/Icons/WaterZoneActorSprite.uasset, MMORPG-WindowsClient, 127401984, 77344768, 6374, 2552, 0x49df1e0d5d5d52d13d0090bcb34f6883939b29ca, ExportBundleData, , MMORPG, WindowsClient, Base, Installed, 0, 77344768
932, 8381790f0f30af1400000001, 0x14AF300F0F798183, , ../../../Engine/Plugins/Runtime/CommonUI/Content/DefaultMediaTexture.uasset, MMORPG-WindowsClient, 127467520, 77347328, 329, 329, 0xb824a0a2af66836faa7fbe19a75d0854ade5e98a, ExportBundleData, , MMORPG, WindowsClient, Base, Installed, 0, 77347328
933, dffddf83cdc0235200000001, 0x5223C0CD83DFFDDF, , ../../../Engine/Plugins/Runtime/CommonUI/Content/VideoPlayerMaterial.uasset, MMORPG-WindowsClient, 127533056, 77348864, 7768, 2580, 0xd5ab2c3bc023bbb6ec79e84917f4740484997110, ExportBundleData, , MMORPG, WindowsClient, Base, Installed, 0, 77348864
934, 0d9ff844c32c266700000009, 0x67262CC344F89F0D, , <ShaderCode>, MMORPG-WindowsClient, 127598592, 77352960, 11397, 11397, 0xc3496d9193bfe6f3891e4af15eb993d6cbb77f88, ShaderCode, , MMORPG, WindowsClient, Base, Installed, 0, 77352960
935, e7688629fcb978f400000001, 0xF478B9FC298668E7, , ../../../MMORPG/Content/MMO/Input/IA_Spell.uasset, MMORPG-WindowsClient, 127664128, 77364368, 286, 286, 0x038663d0715188b07ac979c0209268eac950d2e9, ExportBundleData, , MMORPG, WindowsClient, Base, Installed, 0, 77364368
936, db7e634ea62a1bef00000001, 0xEF1B2AA64E637EDB, , ../../../MMORPG/Content/MMO/Input/IA_Move.uasset, MMORPG-WindowsClient, 127729664, 77364656, 287, 287, 0xd3d8873699d28b7f6ade6289c1c961a5510faad8, ExportBundleData, , MMORPG, WindowsClient, Base, Installed, 0, 77364656
937, 2a5f8f6b552005e800000001, 0xE80520556B8F5F2A, , ../../../MMORPG/Content/MMO/Input/IA_Inventory.uasset, MMORPG-WindowsClient, 127795200, 77364944, 294, 294, 0x0f1abd30f531466f92e7c912ed20a98bfab2b0dc, ExportBundleData, , MMORPG, WindowsClient, Base, Installed, 0, 77364944
938, d6919c8d3dd1c4bb00000001, 0xBBC4D13D8D9C91D6, , ../../../MMORPG/Content/MMO/Input/IA_Attack.uasset, MMORPG-WindowsClient, 127860736, 77365248, 294, 294, 0x1fcea92e46054e4cd9b0363ca66f7db5482f71c2, ExportBundleData, , MMORPG, WindowsClient, Base, Installed, 0, 77365248
939, 808770e029c9c58300000001, 0x83C5C929E0708780, , ../../../MMORPG/Content/MMO/Input/IA_Look.uasset, MMORPG-WindowsClient, 127926272, 77365552, 287, 287, 0x0594166fc5a01716853d1978e811c9a2e7c165e9, ExportBundleData, , MMORPG, WindowsClient, Base, Installed, 0, 77365552
940, 384a34e4612ba71d00000001, 0x1DA72B61E4344A38, , ../../../MMORPG/Content/MMO/Input/IA_Target.uasset, MMORPG-WindowsClient, 127991808, 77365840, 294, 294, 0xbdfb4c45a98666e5de83c156f4045f8e6680f19d, ExportBundleData, , MMORPG, WindowsClient, Base, Installed, 0, 77365840
941, c4331f449a6c3c1500000001, 0x153C6C9A441F33C4, , ../../../MMORPG/Content/MMO/Input/IA_Settings.uasset, MMORPG-WindowsClient, 128057344, 77366144, 294, 294, 0x87c988d942c90289b3b554f2fb5afe4fa5af8853, ExportBundleData, , MMORPG, WindowsClient, Base, Installed, 0, 77366144
942, 7947901d850314fd00000001, 0xFD1403851D904779, , ../../../MMORPG/Content/MMO/Input/IMC_MMOPlayer.uasset, MMORPG-WindowsClient, 128122880, 77367296, 2176, 1033, 0x40adf3edb6502be8fb965a16465c66c723f6fc25, ExportBundleData, , MMORPG, WindowsClient, Base, Installed, 0, 77367296
943, 68bcf912b6403f1500000001, 0x153F40B612F9BC68, , ../../../Engine/Plugins/Interchange/Runtime/Content/Pipelines/DefaultMaterialXPipeline.uasset, MMORPG-WindowsClient, 128188416, 77368336, 443, 443, 0x2d2586c53ac78ceed7bdec26eebba4c6dce199a8, ExportBundleData, , MMORPG, WindowsClient, Base, Installed, 0, 77368336
944, a1157adbe06ab91600000001, 0x16B96AE0DB7A15A1, , ../../../Engine/Plugins/Animation/ControlRig/Content/Controls/ControlRig_QuarterCircle_solid.uasset, MMORPG-WindowsClient, 128253952, 77369344, 7501, 2562, 0x90a74eb3862e5016ca19d3e8797c90324f2f4dd6, ExportBundleData, , MMORPG, WindowsClient, Base, Installed, 0, 77369344
945, 6f3a7c0fe1cf64ce00000001, 0xCE64CFE10F7C3A6F, , ../../../Engine/Plugins/Editor/SpeedTreeImporter/Content/SpeedTree9/EmptyNormal.uasset, MMORPG-WindowsClient, 128319488, 77371920, 628, 628, 0x33e4eb9ca85cb7abd0efcb09069b0ba7bf21eb74, ExportBundleData, , MMORPG, WindowsClient, Base, Installed, 0, 77371920
946, 7b967f8ff09764ce00000001, 0xCE6497F08F7F967B, , ../../../Engine/Plugins/Editor/SpeedTreeImporter/Content/SpeedTree9/UnpackInteger3.uasset, MMORPG-WindowsClient, 128385024, 77372560, 334, 334, 0xa73efba85ee3180e43ef0e0c39bd34210eb7bc97, ExportBundleData, , MMORPG, WindowsClient, Base, Installed, 0, 77372560
947, bb0c9910913c4acc00000001, 0xCC4A3C9110990CBB, , ../../../Engine/Plugins/Editor/SpeedTreeImporter/Content/SpeedTree9/SpeedTreeBranchMotion.uasset, MMORPG-WindowsClient, 128450560, 77372896, 342, 342, 0x55e765ac03b071caa229c3a4317e7437dffc599b, ExportBundleData, , MMORPG, WindowsClient, Base, Installed, 0, 77372896
948, 11e16642d5df4eca00000001, 0xCA4EDFD54266E111, , ../../../Engine/Plugins/Editor/SpeedTreeImporter/Content/SpeedTree9/SpeedTreeWind.uasset, MMORPG-WindowsClient, 128516096, 77373440, 329, 329, 0x37700219552dd38ca7cebceb8f7cacefe6b0591d, ExportBundleData, , MMORPG, WindowsClient, Base, Installed, 0, 77373440
949, c851afa144f311c000000001, 0xC011F344A1AF51C8, /Engine/Functions/Engine_MaterialFunctions02/UVs/BoundingBoxBased_0-1_UVW, ../../../Engine/Content/Functions/Engine_MaterialFunctions02/UVs/BoundingBoxBased_0-1_UVW.uasset, MMORPG-WindowsClient, 128581632, 77373776, 432, 432, 0xa29ef0a999176d186eb73b019d6ba865b77d76f7, ExportBundleData, , MMORPG, WindowsClient, Base, Installed, 0, 77373776
950, 8d4486caf50605b200000001, 0xB20506F5CA86448D, /Engine/Functions/Engine_MaterialFunctions02/ObjectLocalBounds, ../../../Engine/Content/Functions/Engine_MaterialFunctions02/ObjectLocalBounds.uasset, MMORPG-WindowsClient, 128647168, 77374208, 350, 350, 0x6d9ee37beaf506f64e8925e5a4817a66cebb3d9d, ExportBundleData, , MMORPG, WindowsClient, Base, Installed, 0, 77374208
951, efd3b99beb745ea100000001, 0xA15E74EB9BB9D3EF, , ../../../Engine/Plugins/Editor/SpeedTreeImporter/Content/SpeedTree9/Empty.uasset, MMORPG-WindowsClient, 128712704, 77374560, 630, 630, 0xd0f6f353cda24a58f790ace5d2ee965256af49ff, ExportBundleData, , MMORPG, WindowsClient, Base, Installed, 0, 77374560
952, 3bd77c49df92ee7b00000001, 0x7BEE92DF497CD73B, , ../../../Engine/Plugins/Editor/SpeedTreeImporter/Content/SpeedTree9/SpeedTreeWindMotion.uasset, MMORPG-WindowsClient, 128778240, 77375488, 375, 375, 0x5a5503a1f5a38fa2b70f8d26908843a280d4c991, ExportBundleData, , MMORPG, WindowsClient, Base, Installed, 0, 77375488
953, 27d3dbbd9cb5875a00000001, 0x5A87B59CBDDBD327, , ../../../Engine/Plugins/Editor/SpeedTreeImporter/Content/SpeedTree9/game_wind_noise.uasset, MMORPG-WindowsClient, 128843776, 77377536, 22796, 17525, 0x42c094442ffa5b4a0979da0b5ed4c0c7c5c3ca7a, ExportBundleData, , MMORPG, WindowsClient, Base, Installed, 0, 77377536
954, 931f8593c76b1a3700000001, 0x371A6BC793851F93, , ../../../Engine/Plugins/Editor/SpeedTreeImporter/Content/SpeedTree9/UnpackDirection.uasset, MMORPG-WindowsClient, 128909312, 77395072, 337, 337, 0x6e1dce31d400d5232b218b2f5454f553d0dd95bd, ExportBundleData, , MMORPG, WindowsClient, Base, Installed, 0, 77395072
955, a8a408dbac6bb61700000001, 0x17B66BACDB08A4A8, , ../../../Engine/Plugins/Editor/SpeedTreeImporter/Content/SpeedTree9/SpeedTreeCameraFacing.uasset, MMORPG-WindowsClient, 128974848, 77395424, 345, 345, 0xda704b31f266741b22fb64ab4dffd2c94d3a1b85, ExportBundleData, , MMORPG, WindowsClient, Base, Installed, 0, 77395424
956, 7bb897d6d85abe5e00000001, 0x5EBE5AD8D697B87B, , ../../../Engine/Plugins/Editor/SpeedTreeImporter/Content/SpeedTree9/SpeedTreeMaster.uasset, MMORPG-WindowsClient, 129040384, 77395968, 23964, 7098, 0x81c4848d52b66da0ba1e291f2d7e33e67543d4ed, ExportBundleData, , MMORPG, WindowsClient, Base, Installed, 0, 77395968
957, 742a4ce18e44ae0800000009, 0x8AE448EE14C2A74, , <ShaderCode>, MMORPG-WindowsClient, 129105920, 77404160, 142373, 142373, 0xf239fb003f597abc496b3ff470af7fd607984298, ShaderCode, , MMORPG, WindowsClient, Base, Installed, 0, 77404160
958, 93eebfff6040951800000001, 0x18954060FFBFEE93, /Engine/VREditor/TransformGizmo/TranslucentTransformGizmoMaterial_Inst, ../../../Engine/Content/VREditor/TransformGizmo/TranslucentTransformGizmoMaterial_Inst.uasset, MMORPG-WindowsClient, 129302528, 77546544, 578, 578, 0x2efd80752a4c17a799647053961daf9629c58dca, ExportBundleData, , MMORPG, WindowsClient, Base, Installed, 0, 77546544
959, a2aedccb0ce344b600000001, 0xB644E30CCBDCAEA2, /Engine/VREditor/TransformGizmo/TransformGizmoFreeRotation, ../../../Engine/Content/VREditor/TransformGizmo/TransformGizmoFreeRotation.uasset, MMORPG-WindowsClient, 129368064, 77547520, 2636783, 545612, 0xe99484b744af436e6576e873cd369d14a68ced63, ExportBundleData, , MMORPG, WindowsClient, Base, Installed, 0, 77547520
960, 2c913f2705b478d900000001, 0xD978B405273F912C, /Engine/EngineMaterials/HairColorMap, ../../../Engine/Content/EngineMaterials/HairColorMap.uasset, MMORPG-WindowsClient, 132055040, 78094336, 17369, 1070, 0x8c626ed1e00e2b402688df6a7aba56fa11a5e300, ExportBundleData, , MMORPG, WindowsClient, Base, Installed, 0, 78094336
961, 55c5d73fec0135d200000001, 0xD23501EC3FD7C555, , ../../../Engine/Plugins/Runtime/HairStrands/Content/Materials/HairGroupColors.uasset, MMORPG-WindowsClient, 132120576, 78095408, 561, 561, 0x7bafdeabcfacd55cdff431d9dd997fc9557a540c, ExportBundleData, , MMORPG, WindowsClient, Base, Installed, 0, 78095408
962, 8efe6173efa8192200000001, 0x2219A8EF7361FE8E, /Engine/EngineMaterials/HairDebugColor, ../../../Engine/Content/EngineMaterials/HairDebugColor.uasset, MMORPG-WindowsClient, 132186112, 78096384, 1529, 971, 0x04e26a8e75ba50740a00d32fd328f2c847168f3a, ExportBundleData, , MMORPG, WindowsClient, Base, Installed, 0, 78096384
963, 3889933e64b3022c00000001, 0x2C02B3643E938938, , ../../../Engine/Plugins/Runtime/HairStrands/Content/Materials/HairDebugMaterial.uasset, MMORPG-WindowsClient, 132251648, 78098432, 47008, 8203, 0xeb26f692d7f0a18c5e46b9e58e42e0589c487bf2, ExportBundleData, , MMORPG, WindowsClient, Base, Installed, 0, 78098432
964, 061d99857c7a687500000009, 0x75687A7C85991D06, , <ShaderCode>, MMORPG-WindowsClient, 132317184, 78108672, 147184, 147184, 0x6d2362d28369b65adf95443c6685f0ab733240d4, ShaderCode, , MMORPG, WindowsClient, Base, Installed, 0, 78108672
965, 803b69126770381c00000001, 0x1C38706712693B80, /Engine/EditorLandscapeResources/ColorMaskBrushMaterial, ../../../Engine/Content/EditorLandscapeResources/ColorMaskBrushMaterial.uasset, MMORPG-WindowsClient, 132513792, 78256128, 5497, 2148, 0x8912f9676838845f7ba58e4cc7046d9f8faba3d2, ExportBundleData, , MMORPG, WindowsClient, Base, Installed, 0, 78256128
966, 2f7540329aef0be200000009, 0xE20BEF9A3240752F, , <ShaderCode>, MMORPG-WindowsClient, 132579328, 78260224, 9507, 9507, 0xdebeb274ba846db017aa13cf913bfbfdfb21cc21, ShaderCode, , MMORPG, WindowsClient, Base, Installed, 0, 78260224
967, 8f36a4cfe287762200000001, 0x227687E2CFA4368F, /Engine/EditorLandscapeResources/ColorMaskBrushMaterial_MaskedRegion, ../../../Engine/Content/EditorLandscapeResources/ColorMaskBrushMaterial_MaskedRegion.uasset, MMORPG-WindowsClient, 132644864, 78269744, 616, 616, 0x929994cd1899febe7a06be968f77bf0f85035cc3, ExportBundleData, , MMORPG, WindowsClient, Base, Installed, 0, 78269744
968, 68b44f7e8ffd781d00000001, 0x1D78FD8F7E4FB468, /Engine/VREditor/TransformGizmo/BoundingBoxCorner, ../../../Engine/Content/VREditor/TransformGizmo/BoundingBoxCorner.uasset, MMORPG-WindowsClient, 132710400, 78270464, 9989, 2983, 0x3c97dac150b22d2bba1efc11664736571bc76f9b, ExportBundleData, , MMORPG, WindowsClient, Base, Installed, 0, 78270464
969, c32441f3fc9fbe1d00000001, 0x1DBE9FFCF34124C3, /Engine/EngineMaterials/SMAASearchTex, ../../../Engine/Content/EngineMaterials/SMAASearchTex.uasset, MMORPG-WindowsClient, 132775936, 78273456, 6268, 719, 0x2bc3bf821ed3f511e19fa134425f0302e31b9f6a, ExportBundleData, , MMORPG, WindowsClient, Base, Installed, 0, 78273456
970, 0f013d461d34e71f00000001, 0x1FE7341D463D010F, , ../../../Engine/Plugins/Animation/ControlRig/Content/Controls/ControlRig_QuarterCircle_3mm.uasset, MMORPG-WindowsClient, 132841472, 78274560, 16141, 3793, 0x7f153543633ce8a980a8f5ce49e9d533536b43a9, ExportBundleData, , MMORPG, WindowsClient, Base, Installed, 0, 78274560
971, b5188ac73a55976200000001, 0x6297553AC78A18B5, /Engine/EditorLandscapeResources/WhiteSquareTexture, ../../../Engine/Content/EditorLandscapeResources/WhiteSquareTexture.uasset, MMORPG-WindowsClient, 132907008, 78278656, 1454, 404, 0x5e2935a7537108477e46c56cf6e5a1310df3e4a8, ExportBundleData, , MMORPG, WindowsClient, Base, Installed, 0, 78278656
972, 9313b8d86b9be43800000001, 0x38E49B6BD8B81393, /Engine/Functions/Engine_MaterialFunctions03/Math/WithinRangeFloat2, ../../../Engine/Content/Functions/Engine_MaterialFunctions03/Math/WithinRangeFloat2.uasset, MMORPG-WindowsClient, 132972544, 78279072, 438, 438, 0x316c068520d2b880cf1f26fa2e40550e5536e7a4, ExportBundleData, , MMORPG, WindowsClient, Base, Installed, 0, 78279072
973, 70d1dbb55b9100a500000001, 0xA500915BB5DBD170, /Engine/EditorLandscapeResources/SelectBrushMaterial, ../../../Engine/Content/EditorLandscapeResources/SelectBrushMaterial.uasset, MMORPG-WindowsClient, 133038080, 78280704, 5860, 2394, 0xe0cb56f7cfae96e59f2a2c81530bf48b0641b7e1, ExportBundleData, , MMORPG, WindowsClient, Base, Installed, 0, 78280704
974, 35b154e70f8b896b00000009, 0x6B898B0FE754B135, , <ShaderCode>, MMORPG-WindowsClient, 133103616, 78284800, 9530, 9530, 0x487747010508ce9eba9d677c449df065ef22edf0, ShaderCode, , MMORPG, WindowsClient, Base, Installed, 0, 78284800
975, ad83263acf3d4a2000000001, 0x204A3DCF3A2683AD, /Engine/EditorLandscapeResources/SelectBrushMaterial_Selected, ../../../Engine/Content/EditorLandscapeResources/SelectBrushMaterial_Selected.uasset, MMORPG-WindowsClient, 133169152, 78294336, 572, 572, 0xe61ce880bfc033a96c6484bee6c3932c1ce3f0d1, ExportBundleData, , MMORPG, WindowsClient, Base, Installed, 0, 78294336
976, 0f886066dedcb82000000001, 0x20B8DCDE6660880F, , ../../../Engine/Plugins/NNE/NNEDenoiser/Content/NNED_Oidn2-3_Balanced_Alpha.uasset, MMORPG-WindowsClient, 133234688, 78295040, 716, 716, 0x23dce7c8f6d28d505ffd5f4f08df1df1cf719a34, ExportBundleData, , MMORPG, WindowsClient, Base, Installed, 0, 78295040
977, b85ee5fd59f4dd2000000001, 0x20DDF459FDE55EB8, /Engine/EngineResources/WhiteSquareTexture, ../../../Engine/Content/EngineResources/WhiteSquareTexture.uasset, MMORPG-WindowsClient, 133300224, 78295760, 1430, 377, 0xa015203de650270dc5ef7a90d825f26a6855cf48, ExportBundleData, , MMORPG, WindowsClient, Base, Installed, 0, 78295760
978, 27d7aeddb1b7c7fc00000001, 0xFCC7B7B1DDAED727, /Engine/EngineMaterials/Widget3DPassThrough, ../../../Engine/Content/EngineMaterials/Widget3DPassThrough.uasset, MMORPG-WindowsClient, 133365760, 78297088, 5623, 2220, 0x4fa3ed1119d576e49ea80df9c042c25840ace56e, ExportBundleData, , MMORPG, WindowsClient, Base, Installed, 0, 78297088
979, 85eb7ec9f6c8613a00000001, 0x3A61C8F6C97EEB85, /Engine/EngineMaterials/Widget3DPassThrough_Masked, ../../../Engine/Content/EngineMaterials/Widget3DPassThrough_Masked.uasset, MMORPG-WindowsClient, 133431296, 78301184, 10426, 3330, 0xcf8f7b4bb7614fa6cd73bb895cefcdeba763b1d4, ExportBundleData, , MMORPG, WindowsClient, Base, Installed, 0, 78301184
980, fbbb10caf96b416200000009, 0x62416BF9CA10BBFB, , <ShaderCode>, MMORPG-WindowsClient, 133496832, 78305280, 8220, 8220, 0x26503bab3c61bb38d0bffebdb7176cebb646472f, ShaderCode, , MMORPG, WindowsClient, Base, Installed, 0, 78305280
981, dd353fe85598727e00000001, 0x7E729855E83F35DD, /Engine/EngineMaterials/Widget3DPassThrough_Opaque, ../../../Engine/Content/EngineMaterials/Widget3DPassThrough_Opaque.uasset, MMORPG-WindowsClient, 133562368, 78315520, 6037, 2398, 0x825f457305d6dcf649a767d5768cfbeae5f8b0a3, ExportBundleData, , MMORPG, WindowsClient, Base, Installed, 0, 78315520
982, 6028f11a0cf6add600000009, 0xD6ADF60C1AF12860, , <ShaderCode>, MMORPG-WindowsClient, 133627904, 78319616, 8205, 8205, 0xc0893bf15a52eb950752ffd2b2ac5e0010eb4172, ShaderCode, , MMORPG, WindowsClient, Base, Installed, 0, 78319616
983, 0e6a0028be3a2a6c00000001, 0x6C2A3ABE28006A0E, /Engine/EngineMaterials/Widget3DPassThrough_Opaque_OneSided, ../../../Engine/Content/EngineMaterials/Widget3DPassThrough_Opaque_OneSided.uasset, MMORPG-WindowsClient, 133693440, 78327824, 4243, 1813, 0xc388fc1969fae18a3c569b644f1a2eef3dba31f9, ExportBundleData, , MMORPG, WindowsClient, Base, Installed, 0, 78327824
984, 5e2133aec890605000000009, 0x506090C8AE33215E, , <ShaderCode>, MMORPG-WindowsClient, 133758976, 78329856, 8051, 8051, 0xc2da787943530a3acd6f30ce48012e13123ce60d, ShaderCode, , MMORPG, WindowsClient, Base, Installed, 0, 78329856
985, 3a0245e4904b10b500000001, 0xB5104B90E445023A, /Engine/EngineMaterials/Widget3DPassThrough_Masked_OneSided, ../../../Engine/Content/EngineMaterials/Widget3DPassThrough_Masked_OneSided.uasset, MMORPG-WindowsClient, 133824512, 78338048, 10454, 3350, 0xf9972a5e5a2a83256cbe90b357b51d11a1d04482, ExportBundleData, , MMORPG, WindowsClient, Base, Installed, 0, 78338048
986, 18938681b269729700000009, 0x977269B281869318, , <ShaderCode>, MMORPG-WindowsClient, 133890048, 78342144, 8080, 8080, 0xfde997a7fe7b39f29bac3a7e117c7e373a984fb4, ShaderCode, , MMORPG, WindowsClient, Base, Installed, 0, 78342144
987, 34868b7f9c10838900000001, 0x8983109C7F8B8634, /Engine/EngineMaterials/Widget3DPassThrough_Translucent, ../../../Engine/Content/EngineMaterials/Widget3DPassThrough_Translucent.uasset, MMORPG-WindowsClient, 133955584, 78350336, 6117, 2388, 0x4124939d1776e902c4d777301f75fc5b97f7697d, ExportBundleData, , MMORPG, WindowsClient, Base, Installed, 0, 78350336
988, 1934892b5a7ffdec00000009, 0xECFD7F5A2B893419, , <ShaderCode>, MMORPG-WindowsClient, 134021120, 78354432, 9901, 9901, 0x598c73c6168ab979b0cd5f41a92f94e701a63ba0, ShaderCode, , MMORPG, WindowsClient, Base, Installed, 0, 78354432
989, 2925796cddcc148c00000001, 0x8C14CCDD6C792529, /Engine/EngineMaterials/Widget3DPassThrough_Translucent_OneSided, ../../../Engine/Content/EngineMaterials/Widget3DPassThrough_Translucent_OneSided.uasset, MMORPG-WindowsClient, 134086656, 78364672, 5260, 2123, 0x5c4332a682de2f905b79754f7cbd411d53a1bbad, ExportBundleData, , MMORPG, WindowsClient, Base, Installed, 0, 78364672
990, b4e961c2ec04691c00000009, 0x1C6904ECC261E9B4, , <ShaderCode>, MMORPG-WindowsClient, 134152192, 78368768, 9457, 9457, 0x8a409ea83653900785dd8e2684c910fbcae71cd1, ShaderCode, , MMORPG, WindowsClient, Base, Installed, 0, 78368768
991, 82528c7cafa4666200000001, 0x6266A4AF7C8C5282, /Engine/EditorMaterials/Dataflow/T_CheckerBoard, ../../../Engine/Content/EditorMaterials/Dataflow/T_CheckerBoard.uasset, MMORPG-WindowsClient, 134217728, 78379008, 2000510, 101821, 0xa48705810e2814e5e76c41f1a5f733f20b586c18, ExportBundleData, , MMORPG, WindowsClient, Base, Installed, 0, 78379008
992, a8f078279172642100000001, 0x216472912778F0A8, /Engine/EditorMaterials/Dataflow/M_Dataflow_CheckerBoard, ../../../Engine/Content/EditorMaterials/Dataflow/M_Dataflow_CheckerBoard.uasset, MMORPG-WindowsClient, 136249344, 78481408, 9111, 2811, 0x9a02d3e28924d3b4c704a97ac01b8df14785a559, ExportBundleData, , MMORPG, WindowsClient, Base, Installed, 0, 78481408
993, a41c417d65c82a6b00000009, 0x6B2AC8657D411CA4, , <ShaderCode>, MMORPG-WindowsClient, 136314880, 78485504, 112985, 112985, 0xae096947a3c972446af2170fd2536c5bf9f55861, ShaderCode, , MMORPG, WindowsClient, Base, Installed, 0, 78485504
994, 6c54e7f6d4ea912200000001, 0x2291EAD4F6E7546C, /Engine/EngineResources/DefaultVolumeTexture2D, ../../../Engine/Content/EngineResources/DefaultVolumeTexture2D.uasset, MMORPG-WindowsClient, 136445952, 78598496, 723, 723, 0xdbbeea647afdac0695cbc5103fd16d00cb4029ae, ExportBundleData, , MMORPG, WindowsClient, Base, Installed, 0, 78598496
995, a06a91154845992200000001, 0x2299454815916AA0, /Engine/EngineDebugMaterials/M_SimpleUnlitTranslucent, ../../../Engine/Content/EngineDebugMaterials/M_SimpleUnlitTranslucent.uasset, MMORPG-WindowsClient, 136511488, 78600192, 4946, 1887, 0x3f87424c7e3e1ddb7667a3cc0c18dee85df14fdd, ExportBundleData, , MMORPG, WindowsClient, Base, Installed, 0, 78600192
996, 4e58c3e04575a05c00000009, 0x5CA07545E0C3584E, , <ShaderCode>, MMORPG-WindowsClient, 136577024, 78602240, 3618, 3618, 0x5893c69f0191c0dd0f10ae38cabcfac44f5c2d8a, ShaderCode, , MMORPG, WindowsClient, Base, Installed, 0, 78602240
997, 9936bd915052cb2200000001, 0x22CB525091BD3699, , ../../../Engine/Plugins/Animation/ControlRig/Content/Controls/ControlRig_Octagon_1mm.uasset, MMORPG-WindowsClient, 136642560, 78606336, 11401, 3213, 0xb92b69acc02d3cb7e5b4c19dff299837b378aeb8, ExportBundleData, , MMORPG, WindowsClient, Base, Installed, 0, 78606336
998, 41772863b6990e2300000001, 0x230E99B663287741, , ../../../Engine/Plugins/Animation/ControlRig/Content/Controls/ControlRig_HalfCircle_3mm.uasset, MMORPG-WindowsClient, 136708096, 78610432, 22535, 6537, 0xac163f43245482d79289216a5324ebccdc956930, ExportBundleData, , MMORPG, WindowsClient, Base, Installed, 0, 78610432
999, ef846b720e69462300000001, 0x2346690E726B84EF, , ../../../MMORPG/Content/MMO/Abilities/DA_MMOAbilities.uasset, MMORPG-WindowsClient, 136773632, 78616976, 562, 562, 0xf18b8f7835703387bb8f57d1551990a736198a05, ExportBundleData, , MMORPG, WindowsClient, Base, Installed, 0, 78616976
1000, 2e8e5fa17895ec2300000001, 0x23EC9578A15F8E2E, /Engine/VREditor/Sounds/UI/Object_PickUp, ../../../Engine/Content/VREditor/Sounds/UI/Object_PickUp.uasset, MMORPG-WindowsClient, 136839168, 78617552, 510, 510, 0x4400c538ca13c6cbc0ae18273b9543bf4d01787c, ExportBundleData, , MMORPG, WindowsClient, Base, Installed, 0, 78617552
1001, a44601bc68ca3f2400000001, 0x243FCA68BC0146A4, /Engine/BasicShapes/Plane, ../../../Engine/Content/BasicShapes/Plane.uasset, MMORPG-WindowsClient, 136904704, 78618624, 2689, 1063, 0x127a8e406f160f9c048e6941b61e0f7f9875deb8, ExportBundleData, , MMORPG, WindowsClient, Base, Installed, 0, 78618624
1002, 8fcb1cae0c92026900000001, 0x6902920CAE1CCB8F, , ../../../Engine/Plugins/Editor/SpeedTreeImporter/Content/SpeedTree9/SpeedTreeBillboard.uasset, MMORPG-WindowsClient, 136970240, 78619696, 342, 342, 0x7a3f526bbb887729af6ee6cb00776629603d0b1e, ExportBundleData, , MMORPG, WindowsClient, Base, Installed, 0, 78619696
1003, 0ec7598e2050155600000001, 0x561550208E59C70E, , ../../../Engine/Plugins/Editor/SpeedTreeImporter/Content/SpeedTree9/SpeedTreeBillboardMaster.uasset, MMORPG-WindowsClient, 137035776, 78620672, 17858, 5683, 0xd2fa44677c202be229ce18f44b8950ad2158a187, ExportBundleData, , MMORPG, WindowsClient, Base, Installed, 0, 78620672
1004, 135dd0cdec42c39400000009, 0x94C342ECCDD05D13, , <ShaderCode>, MMORPG-WindowsClient, 137101312, 78626816, 112565, 112565, 0x55387ca8f942962cca32177f047c69428a06757d, ShaderCode, , MMORPG, WindowsClient, Base, Installed, 0, 78626816
1005, 71fe0432abe4de2400000001, 0x24DEE4AB3204FE71, /Engine/BasicShapes/Cube, ../../../Engine/Content/BasicShapes/Cube.uasset, MMORPG-WindowsClient, 137232384, 78739456, 6906, 2099, 0x90faff44903a810b0abe9c1e458781ba170d95e7, ExportBundleData, , MMORPG, WindowsClient, Base, Installed, 0, 78739456
1006, 9b58446e00a6ed2400000001, 0x24EDA6006E44589B, , ../../../Engine/Plugins/NNE/NNEDenoiser/Content/NNE_oidn2-3-0_rt_hdr_alb_nrm_small__dyn__fp16_opset11_ForwardAlpha.uasset, MMORPG-WindowsClient, 137297920, 78743552, 1312833, 1200600, 0x41e6d2656337aff737d397d43fcd7077bc701a10, ExportBundleData, , MMORPG, WindowsClient, Base, Installed, 0, 78743552
1007, fc07f0fc3175f82400000001, 0x24F87531FCF007FC, , ../../../Engine/Plugins/Interchange/Assets/Content/Utilities/New_LUT.uasset, MMORPG-WindowsClient, 138674176, 79945728, 9088320, 2651093, 0x0afe1295aeebbca6e258dddc118d59b81c1acc96, ExportBundleData, , MMORPG, WindowsClient, Base, Installed, 0, 79945728
1008, af225f6d21e9df2500000001, 0x25DFE9216D5F22AF, , ../../../Engine/Plugins/Experimental/Water/Content/Waves/GerstnerWaves_Ocean.uasset, MMORPG-WindowsClient, 147783680, 82597888, 3098, 1525, 0x3485425ae9f26dcea3266e0af789f50b267fa0f6, ExportBundleData, , MMORPG, WindowsClient, Base, Installed, 0, 82597888
1009, ccfbf6fb8c94d52600000001, 0x26D5948CFBF6FBCC, , ../../../Engine/Plugins/Animation/ControlRig/Content/Controls/ControlRig_Pyramid_solid.uasset, MMORPG-WindowsClient, 147849216, 82599936, 8913, 3016, 0x6511adf22b66eb489cee7dc2871224bfbbeb5ad7, ExportBundleData, , MMORPG, WindowsClient, Base, Installed, 0, 82599936
1010, dc2029101ee96f2700000001, 0x276FE91E102920DC, , ../../../Engine/Plugins/Interchange/Assets/Content/Functions/MX_StandardSurface.uasset, MMORPG-WindowsClient, 147914752, 82602960, 345, 345, 0x3eec0edf65e085388f1966764a48c62b927f7aef, ExportBundleData, , MMORPG, WindowsClient, Base, Installed, 0, 82602960
1011, a2045bef68db1d2900000001, 0x291DDB68EF5B04A2, /Engine/EditorLandscapeResources/SelectBrushMaterial_SelectedRegion, ../../../Engine/Content/EditorLandscapeResources/SelectBrushMaterial_SelectedRegion.uasset, MMORPG-WindowsClient, 147980288, 82604032, 5223, 2150, 0xc0b6db18a2f2f381f27f0a66ed27e3ec0a4b388e, ExportBundleData, , MMORPG, WindowsClient, Base, Installed, 0, 82604032
1012, 87a920cd09b1025000000009, 0x5002B109CD20A987, , <ShaderCode>, MMORPG-WindowsClient, 148045824, 82608128, 9663, 9663, 0xcf0eb5ab022034faa6df119d48a001262b18a3cc, ShaderCode, , MMORPG, WindowsClient, Base, Installed, 0, 82608128
1013, 575ba8a6fa26bd2900000001, 0x29BD26FAA6A85B57, , ../../../MMORPG/Content/Tutorial/GA_ArcaneBolt.uasset, MMORPG-WindowsClient, 148111360, 82618368, 646, 646, 0xb47773ea7dcf5ed7ad55c8033e2189f7fc18cd2c, ExportBundleData, , MMORPG, WindowsClient, Base, Installed, 0, 82618368
1014, 28ed83b8029dd22900000001, 0x29D29D02B883ED28, /Engine/EngineMaterials/BaseFlattenNormalMap_VT, ../../../Engine/Content/EngineMaterials/BaseFlattenNormalMap_VT.uasset, MMORPG-WindowsClient, 148176896, 82619024, 937, 937, 0x09a17ff21f4015caf042271bdb5627ec84b18bdc, ExportBundleData, , MMORPG, WindowsClient, Base, Installed, 0, 82619024
1015, da9ef9387e6c513600000001, 0x36516C7E38F99EDA, /Engine/EngineMaterials/FlattenMaterial_WS_Normal_VT, ../../../Engine/Content/EngineMaterials/FlattenMaterial_WS_Normal_VT.uasset, MMORPG-WindowsClient, 148242432, 82620416, 18356, 4873, 0x437fda8c9e5edcebc3aa7f96f768a0ca3f6d5675, ExportBundleData, , MMORPG, WindowsClient, Base, Installed, 0, 82620416
1016, 80fce8d47041d11800000009, 0x18D14170D4E8FC80, , <ShaderCode>, MMORPG-WindowsClient, 148307968, 82626560, 159465, 159465, 0x74f0ad2a67b50bd6795fc88ee5ebf743a9410fb1, ShaderCode, , MMORPG, WindowsClient, Base, Installed, 0, 82626560
1017, f38cb73e67825d9600000001, 0x965D82673EB78CF3, /Engine/EngineMaterials/FlattenMaterial_VT, ../../../Engine/Content/EngineMaterials/FlattenMaterial_VT.uasset, MMORPG-WindowsClient, 148504576, 82786304, 18329, 4874, 0x4972be626ff7a3dda088525e579d8272a2725733, ExportBundleData, , MMORPG, WindowsClient, Base, Installed, 0, 82786304
1018, 0582137b1beb22cd00000009, 0xCD22EB1B7B138205, , <ShaderCode>, MMORPG-WindowsClient, 148570112, 82792448, 176196, 176196, 0xb1aaa3238d763033272afea917074b125db53c39, ShaderCode, , MMORPG, WindowsClient, Base, Installed, 0, 82792448
1019, 6ca66bbcba09d42900000001, 0x29D409BABC6BA66C, , ../../../Engine/Plugins/Animation/ControlRig/Content/Controls/ControlRigXRayMaterial.uasset, MMORPG-WindowsClient, 148766720, 82968656, 5053, 1949, 0x7f1169d1c0b100d0c3385cfc7b8b18d3ac8d483d, ExportBundleData, , MMORPG, WindowsClient, Base, Installed, 0, 82968656
1020, c7e898a8929d924200000009, 0x42929D92A898E8C7, , <ShaderCode>, MMORPG-WindowsClient, 148832256, 82970624, 8981, 8981, 0xf0524d5aa0cd150d138c46bc4322bfea091f881d, ShaderCode, , MMORPG, WindowsClient, Base, Installed, 0, 82970624
1021, ef400c1f3fd91f2a00000001, 0x2A1FD93F1F0C40EF, /Engine/EngineMaterials/DefaultDeferredDecalMaterial, ../../../Engine/Content/EngineMaterials/DefaultDeferredDecalMaterial.uasset, MMORPG-WindowsClient, 148897792, 82980864, 37564, 6065, 0x8c881c592952f649d0234038e1c2956cb4d80ce9, ExportBundleData, , MMORPG, WindowsClient, Base, Installed, 0, 82980864
1022, b6ca21a2fe71754e00000009, 0x4E7571FEA221CAB6, , <ShaderCode>, MMORPG-WindowsClient, 148963328, 82987008, 118724, 118724, 0x445d08e646f6a32c4c235ad34ef33ae755f2e57a, ShaderCode, , MMORPG, WindowsClient, Base, Installed, 0, 82987008
1023, b61e99bc8320e42b00000001, 0x2BE42083BC991EB6, /Engine/EditorMaterials/PhAT_UnselectedMaterial, ../../../Engine/Content/EditorMaterials/PhAT_UnselectedMaterial.uasset, MMORPG-WindowsClient, 149094400, 83105792, 4893, 1878, 0xe97afcc252b45be1d2219f5d084986d6e2a7bd74, ExportBundleData, , MMORPG, WindowsClient, Base, Installed, 0, 83105792
1024, c1ca0462cb4e05c200000009, 0xC2054ECB6204CAC1, , <ShaderCode>, MMORPG-WindowsClient, 149159936, 83107840, 9064, 9064, 0xa1f99469b44ac85e056ab2857ff051921ac7d356, ShaderCode, , MMORPG, WindowsClient, Base, Installed, 0, 83107840
1025, ac166497bc86fa2c00000001, 0x2CFA86BC976416AC, , ../../../Engine/Plugins/NNE/NNEDenoiser/Content/NNE_oidn2-3-0_rt_hdr_alb_nrm__dyn__fp16_opset11_ForwardAlpha.uasset, MMORPG-WindowsClient, 149225472, 83118080, 3711953, 3439517, 0xf40d05d1c42bd29feedb5d56c9b2c639c0b342be, ExportBundleData, , MMORPG, WindowsClient, Base, Installed, 0, 83118080
1026, 65d8791814a1172d00000001, 0x2D17A1141879D865, , ../../../Engine/Plugins/Interchange/Runtime/Content/Pipelines/DefaultAudioPipeline.uasset, MMORPG-WindowsClient, 152961024, 86557968, 318, 318, 0x8a719c9575b1266a98c1b441f568e319673e57d4, ExportBundleData, , MMORPG, WindowsClient, Base, Installed, 0, 86557968
1027, d34036b72825c47500000001, 0x75C42528B73640D3, /Engine/Functions/Substrate/Substrate-IOR-To-F0, ../../../Engine/Content/Functions/Substrate/Substrate-IOR-To-F0.uasset, MMORPG-WindowsClient, 153026560, 86558288, 414, 414, 0xdcdbbba7ec189f6de829c9536c054a4ab2e04fe6, ExportBundleData, , MMORPG, WindowsClient, Base, Installed, 0, 86558288
1028, ee4ffe08d17bd03800000001, 0x38D07BD108FE4FEE, , ../../../Engine/Plugins/Interchange/Assets/Content/gltf/Substrate/MF_GLTFPBR.uasset, MMORPG-WindowsClient, 153092096, 86558720, 329, 329, 0xc9e5e7effb32a0fd10b0833bfe60c9e433f12600, ExportBundleData, , MMORPG, WindowsClient, Base, Installed, 0, 86558720
1029, c1625802b46bf5d400000001, 0xD4F56BB4025862C1, , ../../../Engine/Plugins/Interchange/Assets/Content/gltf/Substrate/M_GLTF.uasset, MMORPG-WindowsClient, 153157632, 86560768, 20491, 5951, 0xba377545ae004a4c28edec45afc28e88b3767cef, ExportBundleData, , MMORPG, WindowsClient, Base, Installed, 0, 86560768
1030, 031cfe1d588d03fa00000009, 0xFA038D581DFE1C03, , <ShaderCode>, MMORPG-WindowsClient, 153223168, 86566912, 90427, 90427, 0x733c2587ca178bd2ac53e3a46d9a7cc15a0fdc0e, ShaderCode, , MMORPG, WindowsClient, Base, Installed, 0, 86566912
1031, e670df8e769d382e00000001, 0x2E389D768EDF70E6, /Engine/EngineSounds/Master, ../../../Engine/Content/EngineSounds/Master.uasset, MMORPG-WindowsClient, 153354240, 86657344, 297, 297, 0x9a9f6ae71e87a85c86dea5645c3214ccb3fe2773, ExportBundleData, , MMORPG, WindowsClient, Base, Installed, 0, 86657344
1032, a60f7c53ca2e732e00000001, 0x2E732ECA537C0FA6, /Engine/EditorMaterials/Camera/CineMat, ../../../Engine/Content/EditorMaterials/Camera/CineMat.uasset, MMORPG-WindowsClient, 153419776, 86659072, 9325, 2621, 0xc265ff4a05d469327f9d3c637699a6e6060d6a16, ExportBundleData, , MMORPG, WindowsClient, Base, Installed, 0, 86659072
1033, de56c46de973f95000000009, 0x50F973E96DC456DE, , <ShaderCode>, MMORPG-WindowsClient, 153485312, 86663168, 32198, 32198, 0x8a5c70eaa74866a87a9e012758d50955dced5c9d, ShaderCode, , MMORPG, WindowsClient, Base, Installed, 0, 86663168
1034, ea704fa9c99103cc00000001, 0xCC0391C9A94F70EA, /Engine/EditorMaterials/Camera/MI_CineMat_Rig, ../../../Engine/Content/EditorMaterials/Camera/MI_CineMat_Rig.uasset, MMORPG-WindowsClient, 153550848, 86695376, 493, 493, 0xcb15980122f2f63d840ccab5bee874e74b53950a, ExportBundleData, , MMORPG, WindowsClient, Base, Installed, 0, 86695376
1035, 4783ca75c2bc153700000001, 0x3715BCC275CA8347, /Engine/EditorMeshes/Camera/SM_CraneRig_Base, ../../../Engine/Content/EditorMeshes/Camera/SM_CraneRig_Base.uasset, MMORPG-WindowsClient, 153616384, 86695936, 81896, 24770, 0x10007242ce4058d1b1d40924177ea7038eeb30b3, ExportBundleData, , MMORPG, WindowsClient, Base, Installed, 0, 86695936
1036, 913432800511c53c00000001, 0x3CC5110580323491, /Engine/EditorMeshes/Camera/SM_CraneRig_Mount, ../../../Engine/Content/EditorMeshes/Camera/SM_CraneRig_Mount.uasset, MMORPG-WindowsClient, 153747456, 86722560, 17532, 6347, 0x6ab5115c18467bbac7184f1507b7a2132fad9a56, ExportBundleData, , MMORPG, WindowsClient, Base, Installed, 0, 86722560
1037, d4904df7434a1c3e00000001, 0x3E1C4A43F74D90D4, /Engine/EditorMeshes/Camera/SM_RailRig_Track, ../../../Engine/Content/EditorMeshes/Camera/SM_RailRig_Track.uasset, MMORPG-WindowsClient, 153812992, 86730752, 108390, 22572, 0x56e7ecad0a6e6634b5b500ccbdfa40de7111cd56, ExportBundleData, , MMORPG, WindowsClient, Base, Installed, 0, 86730752
1038, 11adfda265bc32c200000001, 0xC232BC65A2FDAD11, /Engine/EditorMeshes/Camera/SM_RailRig_Mount, ../../../Engine/Content/EditorMeshes/Camera/SM_RailRig_Mount.uasset, MMORPG-WindowsClient, 153944064, 86755328, 128848, 38948, 0x450eac72813e2f1f9205b29c847481039f28703c, ExportBundleData, , MMORPG, WindowsClient, Base, Installed, 0, 86755328
1039, 24be0d3101b3b5c400000001, 0xC4B5B301310DBE24, /Engine/EditorMeshes/Camera/SM_CraneRig_Arm, ../../../Engine/Content/EditorMeshes/Camera/SM_CraneRig_Arm.uasset, MMORPG-WindowsClient, 154075136, 86794288, 3776, 1558, 0x684e6c074bd1dd61f20048b488646caacda3193b, ExportBundleData, , MMORPG, WindowsClient, Base, Installed, 0, 86794288
1040, 92fa3fc272bbaee700000001, 0xE7AEBB72C23FFA92, /Engine/EditorMeshes/Camera/SM_CraneRig_Body, ../../../Engine/Content/EditorMeshes/Camera/SM_CraneRig_Body.uasset, MMORPG-WindowsClient, 154140672, 86796288, 77415, 22491, 0xacde3469b577e0b2ac02b46e15b5ebec6b7a9b3d, ExportBundleData, , MMORPG, WindowsClient, Base, Installed, 0, 86796288
1041, 7f390c8ba4c3622f00000001, 0x2F62C3A48B0C397F, , ../../../Engine/Plugins/NNE/NNEDenoiser/Content/NNE_oidn2-3-0_rt_hdr_calb_cnrm_large__dyn__fp16_opset11_ForwardAlpha.uasset, MMORPG-WindowsClient, 154271744, 86818816, 46258360, 42925191, 0xe7c00511a514a2463c42185e2dce320867eb4122, ExportBundleData, , MMORPG, WindowsClient, Base, Installed, 0, 86818816
1042, 282dd182b8a2782f00000001, 0x2F78A2B882D12D28, , ../../../Engine/Plugins/Animation/ControlRig/Content/Controls/ControlRig_Square_solid.uasset, MMORPG-WindowsClient, 200540160, 129749200, 5267, 1798, 0xc23395bd626486ef57f8d9f9cfcc4e3abbc36ba2, ExportBundleData, , MMORPG, WindowsClient, Base, Installed, 0, 129749200
1043, 48badeb684273f3000000001, 0x303F2784B6DEBA48, , ../../../MMORPG/Content/UI/BP_MMOUIPolicy.uasset, MMORPG-WindowsClient, 200605696, 129751040, 714, 714, 0xf140620bcedc1f804e02b73ceaaa103378fa242b, ExportBundleData, , MMORPG, WindowsClient, Base, Installed, 0, 129751040
1044, 6c6a5c243722443200000001, 0x32442237245C6A6C, /Engine/EngineMaterials/EnergyConservation/Diffuse_Energy, ../../../Engine/Content/EngineMaterials/EnergyConservation/Diffuse_Energy.uasset, MMORPG-WindowsClient, 200671232, 129753088, 8750, 1574, 0xf34fc0fe3d192bff66dc5e1320d9f79fc1c49fe4, ExportBundleData, , MMORPG, WindowsClient, Base, Installed, 0, 129753088
1045, 5065525358f6e43200000001, 0x32E4F65853526550, , ../../../Engine/Plugins/Interchange/Assets/Content/Functions/MX_Surface.uasset, MMORPG-WindowsClient, 200736768, 129755136, 1011, 1011, 0x66723d3f0fd0884fc91931cd7425e09b014117bd, ExportBundleData, , MMORPG, WindowsClient, Base, Installed, 0, 129755136
1046, b0e6f22a1229f33400000001, 0x34F329122AF2E6B0, , ../../../Engine/Plugins/Animation/ControlRig/Content/Controls/ControlRig_Circle_1mm.uasset, MMORPG-WindowsClient, 200802304, 129757184, 35157, 10315, 0xe4aad4dfdbe85c8329c460a61a2dc320bc2bfd50, ExportBundleData, , MMORPG, WindowsClient, Base, Installed, 0, 129757184
1047, c42798d4b7d7893a00000001, 0x3A89D7B7D49827C4, , ../../../Engine/Plugins/Animation/ControlRig/Content/Controls/ControlRig_Octagon_solid.uasset, MMORPG-WindowsClient, 200867840, 129769472, 8155, 2472, 0xe010b01dd1df63c9c11abc1cd5a11a6b800cb08d, ExportBundleData, , MMORPG, WindowsClient, Base, Installed, 0, 129769472
1048, 1d747f2667a6cc3e00000001, 0x3ECCA667267F741D, , ../../../Engine/Plugins/Animation/ControlRig/Content/Controls/ControlRig_Hexagon_1mm.uasset, MMORPG-WindowsClient, 200933376, 129773568, 9865, 3116, 0xf77b75a2858db7af84d7f81422348498e529f370, ExportBundleData, , MMORPG, WindowsClient, Base, Installed, 0, 129773568
1049, 032dd1d44e4fc35000000001, 0x50C34F4ED4D12D03, , ../../../Engine/Plugins/Animation/ControlRig/Content/Controls/ControlRig_Circle_solid.uasset, MMORPG-WindowsClient, 200998912, 129777664, 21371, 5437, 0xe64f05bde152c119faef3de6092b7bd0614941ec, ExportBundleData, , MMORPG, WindowsClient, Base, Installed, 0, 129777664
1050, 2f97b476b27e825100000001, 0x51827EB276B4972F, , ../../../Engine/Plugins/Animation/ControlRig/Content/Controls/ControlRig_RoundedTriangle_solid.uasset, MMORPG-WindowsClient, 201064448, 129783808, 18115, 5422, 0xc286147f15bf16db573acea136b32b44072d4bb8, ExportBundleData, , MMORPG, WindowsClient, Base, Installed, 0, 129783808
1051, 2c09f940b5d3cf5600000001, 0x56CFD3B540F9092C, , ../../../Engine/Plugins/Animation/ControlRig/Content/Controls/ControlRig_Square_3mm.uasset, MMORPG-WindowsClient, 201129984, 129789952, 6963, 2192, 0x526f3d65521e3a41d2d31bcb6c186ef676c59950, ExportBundleData, , MMORPG, WindowsClient, Base, Installed, 0, 129789952
1052, a9e8edb09171185f00000001, 0x5F187191B0EDE8A9, , ../../../Engine/Plugins/Animation/ControlRig/Content/Controls/ControlRig_Arrow2_1mm.uasset, MMORPG-WindowsClient, 201195520, 129794048, 13665, 3867, 0xb64d031d72a08c73e4bba38009cf485e7375807c, ExportBundleData, , MMORPG, WindowsClient, Base, Installed, 0, 129794048
1053, 1b32f3f341cb246000000001, 0x6024CB41F3F3321B, , ../../../Engine/Plugins/Animation/ControlRig/Content/Controls/ControlRig_Sphere_solid.uasset, MMORPG-WindowsClient, 201261056, 129798144, 97827, 35548, 0xc980a08cb7c14efb5e50876ff846743caa75c443, ExportBundleData, , MMORPG, WindowsClient, Base, Installed, 0, 129798144
1054, dd0c07221595b06000000001, 0x60B0951522070CDD, , ../../../Engine/Plugins/Experimental/Water/Content/Meshes/LakeMesh.uasset, MMORPG-WindowsClient, 201392128, 129835008, 3301, 1334, 0x0c72072b9337358946fa617fd7086b7fc2d3e59d, ExportBundleData, , MMORPG, WindowsClient, Base, Installed, 0, 129835008
1055, 47760300c23f376100000001, 0x61373FC200037647, , ../../../Engine/Plugins/Animation/ControlRig/Content/Controls/ControlRig_RoundedSquare_solid.uasset, MMORPG-WindowsClient, 201457664, 129837056, 29355, 7935, 0xdb7380c596e674a1331ea46b12d8c2e584fab744, ExportBundleData, , MMORPG, WindowsClient, Base, Installed, 0, 129837056
1056, dbdfc4bccd3d616d00000001, 0x6D613DCDBCC4DFDB, , ../../../Engine/Plugins/Animation/ControlRig/Content/Controls/ControlRig_Arrow2_solid.uasset, MMORPG-WindowsClient, 201523200, 129845248, 9083, 2817, 0x2c59aede2e11ce122fa7659c32cd394f245d6cf6, ExportBundleData, , MMORPG, WindowsClient, Base, Installed, 0, 129845248
1057, 0d2d768a1192b97000000001, 0x70B992118A762D0D, , ../../../Engine/Plugins/Animation/ControlRig/Content/Controls/ControlRig_Wedge_3mm.uasset, MMORPG-WindowsClient, 201588736, 129849344, 183917, 64134, 0xa852afbd94c5c482b6fb2f9f2e0329938f6f5cc1, ExportBundleData, , MMORPG, WindowsClient, Base, Installed, 0, 129849344
1058, 42cab4d3ee68987100000001, 0x719868EED3B4CA42, , ../../../Engine/Plugins/Animation/ControlRig/Content/Controls/ControlRig_Arrow4_1mm.uasset, MMORPG-WindowsClient, 201785344, 129914880, 24045, 6114, 0xa76597212c3fda76c2fd4049099844ff701cee4a, ExportBundleData, , MMORPG, WindowsClient, Base, Installed, 0, 129914880
1059, 7b9c08e592b6f57800000001, 0x78F5B692E5089C7B, /Engine/ArtTools/RenderToTexture/Meshes/S_1_Unit_Plane, ../../../Engine/Content/ArtTools/RenderToTexture/Meshes/S_1_Unit_Plane.uasset, MMORPG-WindowsClient, 201850880, 129921024, 4366, 1473, 0xf896eb623ddcb3e4e2651d28d3e5a935708e8a34, ExportBundleData, , MMORPG, WindowsClient, Base, Installed, 0, 129921024
1060, 2feae67d1f28277b00000001, 0x7B27281F7DE6EA2F, , ../../../Engine/Plugins/Animation/ControlRig/Content/Controls/ControlRig_Pyramid_3mm.uasset, MMORPG-WindowsClient, 201916416, 129923072, 142023, 40968, 0xbee0508fc12f9a212b98fa484ba3476d37043257, ExportBundleData, , MMORPG, WindowsClient, Base, Installed, 0, 129923072
1061, d23a4e7d2f47187c00000001, 0x7C18472F7D4E3AD2, , ../../../Engine/Plugins/Animation/ControlRig/Content/Controls/ControlRig_Hexagon_3mm.uasset, MMORPG-WindowsClient, 202113024, 129966080, 9987, 3132, 0x068acfcdb5e46008051c8aba906bfdda3b0981bd, ExportBundleData, , MMORPG, WindowsClient, Base, Installed, 0, 129966080
1062, 299f33e3d422c87c00000001, 0x7CC822D4E3339F29, , ../../../Engine/Plugins/Animation/ControlRig/Content/Controls/ControlRig_Star4_solid.uasset, MMORPG-WindowsClient, 202178560, 129970176, 8007, 2580, 0x5a9abff3573d86b87a13317458add1bd57aa225e, ExportBundleData, , MMORPG, WindowsClient, Base, Installed, 0, 129970176
1063, 021da6225c7f517f00000001, 0x7F517F5C22A61D02, , ../../../Engine/Plugins/Animation/ControlRig/Content/Controls/ControlRig_Sphere_1mm.uasset, MMORPG-WindowsClient, 202244096, 129974272, 234745, 75449, 0x4865f91716dc89bcc68055b6491fbc90cafcbf80, ExportBundleData, , MMORPG, WindowsClient, Base, Installed, 0, 129974272
1064, 6ff734fd30628e8c00000001, 0x8C8E6230FD34F76F, , ../../../Engine/Plugins/Animation/ControlRig/Content/Controls/ControlRig_Arrow_3mm.uasset, MMORPG-WindowsClient, 202506240, 130050048, 10541, 3243, 0xae4d4f1a7be2443c59e3027db469213a2099dc96, ExportBundleData, , MMORPG, WindowsClient, Base, Installed, 0, 130050048
1065, 1595b610bf425b8d00000001, 0x8D5B42BF10B69515, , ../../../Engine/Plugins/Animation/ControlRig/Content/Controls/ControlRig_Wedge_solid.uasset, MMORPG-WindowsClient, 202571776, 130054144, 84137, 28322, 0x86b4b0abfff3271961ee837e7a890519c7006a7f, ExportBundleData, , MMORPG, WindowsClient, Base, Installed, 0, 130054144
1066, c66b43ec76bfc59100000001, 0x91C5BF76EC436BC6, , ../../../Engine/Plugins/Animation/ControlRig/Content/Controls/ControlRig_Wedge_1mm.uasset, MMORPG-WindowsClient, 202702848, 130082816, 196557, 66189, 0xdf6599943196b2f92b3f4deab7c4add41ef01a16, ExportBundleData, , MMORPG, WindowsClient, Base, Installed, 0, 130082816
1067, 8ff50e13d07b6e9600000001, 0x966E7BD0130EF58F, , ../../../Engine/Plugins/Animation/ControlRig/Content/Controls/ControlRig_Star4_1mm.uasset, MMORPG-WindowsClient, 202899456, 130150400, 11245, 3463, 0x837b93ce6c7a80920d152f1cc02ec81c40a4e49a, ExportBundleData, , MMORPG, WindowsClient, Base, Installed, 0, 130150400
1068, 88eaefb43659df9600000001, 0x96DF5936B4EFEA88, , ../../../Engine/Plugins/Animation/ControlRig/Content/Controls/ControlRig_HalfCircle_1mm.uasset, MMORPG-WindowsClient, 202964992, 130154496, 23045, 6774, 0x6d955aca8d6251541db4eac3b7e7a0fbcbba0387, ExportBundleData, , MMORPG, WindowsClient, Base, Installed, 0, 130154496
1069, 1380a38fb2d9d09b00000001, 0x9BD0D9B28FA38013, , ../../../Engine/Plugins/Animation/ControlRig/Content/Controls/ControlRig_QuarterCircle_1mm.uasset, MMORPG-WindowsClient, 203030528, 130162688, 16787, 4095, 0x336a4566872492f31e09ff03f45f1aa05725124e, ExportBundleData, , MMORPG, WindowsClient, Base, Installed, 0, 130162688
1070, 26708189dce06d9c00000001, 0x9C6DE0DC89817026, , ../../../Engine/Plugins/Animation/ControlRig/Content/Controls/ControlRig_Circle_3mm.uasset, MMORPG-WindowsClient, 203096064, 130166784, 34523, 9879, 0x013961bf90657cf022e3bb1e88c7522b61aa7e2b, ExportBundleData, , MMORPG, WindowsClient, Base, Installed, 0, 130166784
1071, 635920dd8e97e89c00000001, 0x9CE8978EDD205963, , ../../../Engine/Plugins/Animation/ControlRig/Content/Controls/ControlRig_Triangle_solid.uasset, MMORPG-WindowsClient, 203161600, 130177024, 5359, 1922, 0xc0b00b91db7a3add263030cdf02df8a995b3d2a3, ExportBundleData, , MMORPG, WindowsClient, Base, Installed, 0, 130177024
1072, 4bf1e0df3070bca100000001, 0xA1BC7030DFE0F14B, , ../../../Engine/Plugins/Animation/ControlRig/Content/Controls/ControlRig_Arrow_solid.uasset, MMORPG-WindowsClient, 203227136, 130179072, 7565, 2422, 0x9974ca7cc7226d46693f13fbf6ca0852514c0451, ExportBundleData, , MMORPG, WindowsClient, Base, Installed, 0, 130179072
1073, e28775e15c9fefaa00000001, 0xAAEF9F5CE17587E2, , ../../../Engine/Plugins/Animation/ControlRig/Content/Controls/ControlRig_Pyramid_1mm.uasset, MMORPG-WindowsClient, 203292672, 130183168, 223461, 62742, 0x9e6329e45f06498c952716361bc14a642c1786ea, ExportBundleData, , MMORPG, WindowsClient, Base, Installed, 0, 130183168
1074, 81539c5da11600ae00000001, 0xAE0016A15D9C5381, , ../../../Engine/Plugins/Animation/ControlRig/Content/Controls/ControlRig_RoundedTriangle_3mm.uasset, MMORPG-WindowsClient, 203554816, 130246656, 34539, 9445, 0x50e375a5ee951371d882eca5e8d9d40ff61f6417, ExportBundleData, , MMORPG, WindowsClient, Base, Installed, 0, 130246656
1075, 1d2105a53b99f8b400000001, 0xB4F8993BA505211D, , ../../../Engine/Plugins/Animation/ControlRig/Content/Controls/ControlRig_Box_3mm.uasset, MMORPG-WindowsClient, 203620352, 130256896, 79029, 18529, 0x8a5098f209da9d8de535961b949c348b5871ad1f, ExportBundleData, , MMORPG, WindowsClient, Base, Installed, 0, 130256896
1076, 8a3d5c4c771cc2b800000001, 0xB8C21C774C5C3D8A, , ../../../Engine/Plugins/Animation/ControlRig/Content/Controls/ControlRig_RoundedTriangle_1mm.uasset, MMORPG-WindowsClient, 203751424, 130277376, 32561, 8977, 0xe3daafc4991d15fc77330bd478c5e962a521d5cc, ExportBundleData, , MMORPG, WindowsClient, Base, Installed, 0, 130277376
1077, c37eb6c5460e3abb00000001, 0xBB3A0E46C5B67EC3, , ../../../Engine/Plugins/Animation/ControlRig/Content/Controls/ControlRig_Arrow_1mm.uasset, MMORPG-WindowsClient, 203816960, 130287616, 10419, 3171, 0x5227101b0804e07e41b88271c03d621921fc06fc, ExportBundleData, , MMORPG, WindowsClient, Base, Installed, 0, 130287616
1078, d623d5bc8818ccbe00000001, 0xBECC1888BCD523D6, , ../../../Engine/Plugins/Animation/ControlRig/Content/Controls/ControlRig_Arrow4_3mm.uasset, MMORPG-WindowsClient, 203882496, 130291712, 24167, 6161, 0xdc4da8f91d7d7cd83c30b525f44b9ecd69ab560c, ExportBundleData, , MMORPG, WindowsClient, Base, Installed, 0, 130291712
1079, b6ecf8eaf9e325c400000001, 0xC425E3F9EAF8ECB6, , ../../../Engine/Plugins/Animation/ControlRig/Content/Controls/ControlRig_Box_solid.uasset, MMORPG-WindowsClient, 203948032, 130297888, 5503, 1740, 0x27c48fc8264062d80e0e26462f65c89dfcfb694e, ExportBundleData, , MMORPG, WindowsClient, Base, Installed, 0, 130297888
1080, b971d0721fc7bec800000001, 0xC8BEC71F72D071B9, , ../../../Engine/Plugins/Animation/ControlRig/Content/Controls/ControlRig_Diamond_1mm.uasset, MMORPG-WindowsClient, 204013568, 130299904, 342281, 93509, 0x7359743dc2a0fd99aff0aa150914b739c357e3a1, ExportBundleData, , MMORPG, WindowsClient, Base, Installed, 0, 130299904
1081, 1b4e0de804bc73c900000001, 0xC973BC04E80D4E1B, , ../../../Engine/Plugins/Experimental/Landmass/Content/Landscape/Meshes/S_SpritePlane.uasset, MMORPG-WindowsClient, 204406784, 130394112, 4398, 1483, 0x791974ab3abf6409f014e7f3af3f7664fbcfc18c, ExportBundleData, , MMORPG, WindowsClient, Base, Installed, 0, 130394112
1082, 1b6c8e2dd045aecf00000001, 0xCFAE45D02D8E6C1B, , ../../../Engine/Plugins/Animation/ControlRig/Content/Controls/ControlRig_Hexagon_solid.uasset, MMORPG-WindowsClient, 204472320, 130396160, 7387, 2445, 0x85175ea9eccf747c26fdb6582fb57df61da1c8be, ExportBundleData, , MMORPG, WindowsClient, Base, Installed, 0, 130396160
1083, d1e559d0e2302cd200000001, 0xD22C30E2D059E5D1, , ../../../Engine/Plugins/Animation/ControlRig/Content/Controls/ControlRig_HalfCircle_solid.uasset, MMORPG-WindowsClient, 204537856, 130400256, 15831, 3551, 0xb7be3fdb95b5f8a7f32b3d02954de92f3dc4194b, ExportBundleData, , MMORPG, WindowsClient, Base, Installed, 0, 130400256
1084, a91d103488503cd200000001, 0xD23C508834101DA9, , ../../../Engine/Plugins/Animation/ControlRig/Content/Controls/ControlRig_Diamond_3mm.uasset, MMORPG-WindowsClient, 204603392, 130404352, 218123, 61201, 0x115354a8ba57a2fafbc3da079258d756a7a893bb, ExportBundleData, , MMORPG, WindowsClient, Base, Installed, 0, 130404352
1085, 81e5ad0aacfbd7d600000001, 0xD6D7FBAC0AADE581, , ../../../Engine/Plugins/Animation/ControlRig/Content/Controls/ControlRig_Triangle_3mm.uasset, MMORPG-WindowsClient, 204865536, 130465792, 6557, 2217, 0x51fd7b85979610c300ca0d17e0fecabfc392d6ce, ExportBundleData, , MMORPG, WindowsClient, Base, Installed, 0, 130465792
1086, 34f8d388913445db00000001, 0xDB45349188D3F834, , ../../../Engine/Plugins/Animation/ControlRig/Content/Controls/ControlRig_Arrow4_solid.uasset, MMORPG-WindowsClient, 204931072, 130469888, 14343, 4036, 0x1413280a34545cbfa60f33b40337e1ebbafaa888, ExportBundleData, , MMORPG, WindowsClient, Base, Installed, 0, 130469888
1087, 5f69724b5dde38de00000001, 0xDE38DE5D4B72695F, , ../../../Engine/Plugins/Experimental/Water/Content/Meshes/RiverMesh.uasset, MMORPG-WindowsClient, 204996608, 130473984, 10354, 2256, 0x7bc3aadb3629cdc095fc042f5e81b7e456bab44a, ExportBundleData, , MMORPG, WindowsClient, Base, Installed, 0, 130473984
1088, 5f0bb60d5aa9cbe000000001, 0xE0CBA95A0DB60B5F, , ../../../Engine/Plugins/Animation/ControlRig/Content/Controls/ControlRig_Diamond_solid.uasset, MMORPG-WindowsClient, 205062144, 130478080, 8043, 2658, 0x2fc6af6a3348c7be8f608aec076e75dcdb312d71, ExportBundleData, , MMORPG, WindowsClient, Base, Installed, 0, 130478080
1089, 3c8fe56dcc4c94e400000001, 0xE4944CCC6DE58F3C, , ../../../Engine/Plugins/Animation/ControlRig/Content/Controls/ControlRig_Sphere_3mm.uasset, MMORPG-WindowsClient, 205127680, 130482176, 187659, 64380, 0x7a2ed77d8ab64bc87f975b4a26a0fc2ac25f121b, ExportBundleData, , MMORPG, WindowsClient, Base, Installed, 0, 130482176
1090, d77ff1320cafb8eb00000001, 0xEBB8AF0C32F17FD7, , ../../../Engine/Plugins/Animation/ControlRig/Content/Controls/ControlRig_Square_1mm.uasset, MMORPG-WindowsClient, 205324288, 130547712, 6841, 2167, 0xaa43c27a2e9725345d0cce2f8ca79b9a491101ff, ExportBundleData, , MMORPG, WindowsClient, Base, Installed, 0, 130547712
1091, 306a2f803628deec00000001, 0xECDE2836802F6A30, , ../../../Engine/Plugins/Media/MediaPlate/Content/SM_MediaPlateScreen.uasset, MMORPG-WindowsClient, 205389824, 130549888, 2693, 1085, 0x1e3ec5b70052ea90c9a1ae3c09c2ac04e077d50e, ExportBundleData, , MMORPG, WindowsClient, Base, Installed, 0, 130549888
1092, 0bd00fa41afbdaed00000001, 0xEDDAFB1AA40FD00B, , ../../../Engine/Plugins/Animation/ControlRig/Content/Controls/ControlRig_Box_1mm.uasset, MMORPG-WindowsClient, 205455360, 130551808, 164249, 33406, 0x2c159ddc49fac0ee1d2eb5820f368e3452a2b88f, ExportBundleData, , MMORPG, WindowsClient, Base, Installed, 0, 130551808
1093, db28b8396928adf000000001, 0xF0AD286939B828DB, , ../../../Engine/Plugins/Animation/ControlRig/Content/Controls/ControlRig_Octagon_3mm.uasset, MMORPG-WindowsClient, 205651968, 130586624, 11523, 3254, 0x7ce22a4551443627c9334e280c7a207bba813faf, ExportBundleData, , MMORPG, WindowsClient, Base, Installed, 0, 130586624
1094, 29ff7e5dd78cdef100000001, 0xF1DE8CD75D7EFF29, , ../../../Engine/Plugins/Animation/ControlRig/Content/Controls/ControlRig_Arrow2_3mm.uasset, MMORPG-WindowsClient, 205717504, 130590720, 13787, 3871, 0xd29a9f2d47295fdbeef3bc5d69fd4db6bac75088, ExportBundleData, , MMORPG, WindowsClient, Base, Installed, 0, 130590720
1095, e2e0e65221e757ff00000001, 0xFF57E72152E6E0E2, , ../../../Engine/Plugins/Animation/ControlRig/Content/Controls/ControlRig_RoundedSquare_3mm.uasset, MMORPG-WindowsClient, 205783040, 130594816, 62027, 14399, 0xe7db717f5bf840fd26185fc51f7376b817a0e627, ExportBundleData, , MMORPG, WindowsClient, Base, Installed, 0, 130594816
1096, b4d3126ba7954ec000000001, 0xC04E95A76B12D3B4, /Engine/EngineMaterials/DefaultMaterial, ../../../Engine/Content/EngineMaterials/DefaultMaterial.uasset, MMORPG-WindowsClient, 205848576, 130611200, 30260, 5414, 0xcc2a5fe32d0bede42a9a33f0ac09e1a12d968af8, ExportBundleData, , MMORPG, WindowsClient, Base, Installed, 0, 130611200
1097, 401fdec0fa7952da00000009, 0xDA5279FAC0DE1F40, , <ShaderCode>, MMORPG-WindowsClient, 205914112, 130617344, 79865, 79865, 0x3576734830aacb18e6d9335cf92f0923b86bedd8, ShaderCode, , MMORPG, WindowsClient, Base, Installed, 0, 130617344
1098, 7607d982d08b414700000001, 0x47418BD082D90776, /Engine/BasicShapes/Cylinder, ../../../Engine/Content/BasicShapes/Cylinder.uasset, MMORPG-WindowsClient, 206045184, 130697216, 50792, 13712, 0x4d37bb764c70c19c8094776b13f9d1515fbaa07e, ExportBundleData, , MMORPG, WindowsClient, Base, Installed, 0, 130697216
1099, 4a782f60fcb4c26e00000001, 0x6EC2B4FC602F784A, /Engine/BasicShapes/Sphere, ../../../Engine/Content/BasicShapes/Sphere.uasset, MMORPG-WindowsClient, 206110720, 130711552, 77922, 24498, 0x61d6d0a52c11631146c66ea768f6522db95c68db, ExportBundleData, , MMORPG, WindowsClient, Base, Installed, 0, 130711552
1100, f23f619700918ac500000001, 0xC58A910097613FF2, /Engine/BasicShapes/Cone, ../../../Engine/Content/BasicShapes/Cone.uasset, MMORPG-WindowsClient, 206241792, 130736128, 39405, 11790, 0x0b9c5cef360c6ca4c278553b354ee4493464b797, ExportBundleData, , MMORPG, WindowsClient, Base, Installed, 0, 130736128
1101, c9425a48eb22ed3500000001, 0x35ED22EB485A42C9, , ../../../Engine/Plugins/Interchange/Assets/Content/Functions/MX_ConicalEDF.uasset, MMORPG-WindowsClient, 206307328, 130747920, 408, 408, 0xa390ce5070c84f94f0500435280f6b711e694480, ExportBundleData, , MMORPG, WindowsClient, Base, Installed, 0, 130747920
1102, 85fc957de8cdf73500000001, 0x35F7CDE87D95FC85, /Engine/VREditor/TransformGizmo/PlaneTranslationHandle, ../../../Engine/Content/VREditor/TransformGizmo/PlaneTranslationHandle.uasset, MMORPG-WindowsClient, 206372864, 130748416, 11083, 3291, 0x1686b89df14cd2654bc7dde18a58af8856aa20db, ExportBundleData, , MMORPG, WindowsClient, Base, Installed, 0, 130748416
1103, cdb6f2e8065df7c100000001, 0xC1F75D06E8F2B6CD, /Engine/EngineMaterials/InvalidLightmapSettings, ../../../Engine/Content/EngineMaterials/InvalidLightmapSettings.uasset, MMORPG-WindowsClient, 206438400, 130752512, 3694, 1276, 0xa9218d672ac372d874d490ccbf2328f34f4dc8a1, ExportBundleData, , MMORPG, WindowsClient, Base, Installed, 0, 130752512
1104, 3c018da41573213600000001, 0x36217315A48D013C, /Engine/EngineMaterials/M_InvalidLightmapSettings, ../../../Engine/Content/EngineMaterials/M_InvalidLightmapSettings.uasset, MMORPG-WindowsClient, 206503936, 130754560, 6542, 2201, 0x8a78a889046f7bc8617a3981f4eb627cd9cb1926, ExportBundleData, , MMORPG, WindowsClient, Base, Installed, 0, 130754560
1105, 3abfc141c9d87aa300000009, 0xA37AD8C941C1BF3A, , <ShaderCode>, MMORPG-WindowsClient, 206569472, 130758656, 26757, 26757, 0xa3e9adbaeaf1dc0bf70239d33f4b2693626e1ffb, ShaderCode, , MMORPG, WindowsClient, Base, Installed, 0, 130758656
1106, 8c9eb2537b56333800000001, 0x3833567B53B29E8C, /Engine/VREditor/TransformGizmo/BoundingBoxEdge, ../../../Engine/Content/VREditor/TransformGizmo/BoundingBoxEdge.uasset, MMORPG-WindowsClient, 206635008, 130787328, 5531, 1925, 0x128051fe737f29bc4f72da2ba00995a5879eabcc, ExportBundleData, , MMORPG, WindowsClient, Base, Installed, 0, 130787328
1107, 77af3f2890a341cb00000001, 0xCB41A390283FAF77, /Engine/EditorLandscapeResources/MaskBrushMaterial, ../../../Engine/Content/EditorLandscapeResources/MaskBrushMaterial.uasset, MMORPG-WindowsClient, 206700544, 130789376, 5797, 2375, 0xa7514ad38f5c5225b0b995f444283b1121701cfa, ExportBundleData, , MMORPG, WindowsClient, Base, Installed, 0, 130789376
1108, 9080fc64f432d2a200000001, 0xA2D232F464FC8090, /Engine/EditorLandscapeResources/MaskBrushMaterial_MaskedRegion, ../../../Engine/Content/EditorLandscapeResources/MaskBrushMaterial_MaskedRegion.uasset, MMORPG-WindowsClient, 206766080, 130793472, 5150, 2118, 0x3b9d654ae854fcbcf3107752d805b548f9dd3453, ExportBundleData, , MMORPG, WindowsClient, Base, Installed, 0, 130793472
1109, 6d4d21b0c8c7384800000009, 0x4838C7C8B0214D6D, , <ShaderCode>, MMORPG-WindowsClient, 206831616, 130797568, 9488, 9488, 0xd756d3c48d2df4053731d9756b04567ada883fa2, ShaderCode, , MMORPG, WindowsClient, Base, Installed, 0, 130797568
1110, 1d73444d5abc74a300000001, 0xA374BC5A4D44731D, /Engine/VREditor/TransformGizmo/TranslateArrowHandle, ../../../Engine/Content/VREditor/TransformGizmo/TranslateArrowHandle.uasset, MMORPG-WindowsClient, 206897152, 130807808, 14701, 4569, 0xe5ff0db916c6b74b36088b406530c5986ac6a5f4, ExportBundleData, , MMORPG, WindowsClient, Base, Installed, 0, 130807808
1111, 6e29519b62df1acc00000001, 0xCC1ADF629B51296E, /Engine/VREditor/TransformGizmo/StartRotationHandleIndicator, ../../../Engine/Content/VREditor/TransformGizmo/StartRotationHandleIndicator.uasset, MMORPG-WindowsClient, 206962688, 130813952, 21016, 5050, 0xa8532362413c28a09f1d7851a3e19a4ec67a2339, ExportBundleData, , MMORPG, WindowsClient, Base, Installed, 0, 130813952
1112, 891a9cc4ae1bcbe800000001, 0xE8CB1BAEC49C1A89, /Engine/VREditor/TransformGizmo/RotationHandleIndicator, ../../../Engine/Content/VREditor/TransformGizmo/RotationHandleIndicator.uasset, MMORPG-WindowsClient, 207028224, 130820096, 14022, 3744, 0x329cc67f4fc61b3ff9a1ecb75b453c15a1165194, ExportBundleData, , MMORPG, WindowsClient, Base, Installed, 0, 130820096
1113, ab7f5e08ff57a4f400000001, 0xF4A457FF085E7FAB, /Engine/VREditor/TransformGizmo/RotationHandleFull, ../../../Engine/Content/VREditor/TransformGizmo/RotationHandleFull.uasset, MMORPG-WindowsClient, 207093760, 130824192, 96100, 15033, 0x003de7c131902ad2a7bcfba9ff490a6a03217ec2, ExportBundleData, , MMORPG, WindowsClient, Base, Installed, 0, 130824192
1114, 4c98b3cc8c1ad23b00000001, 0x3BD21A8CCCB3984C, , ../../../Engine/Plugins/Interchange/Assets/Content/Functions/MX_TranslucentBSDF.uasset, MMORPG-WindowsClient, 207224832, 130839248, 440, 440, 0x62b31fb52aa660e0fcf1d262db7b7b780643d292, ExportBundleData, , MMORPG, WindowsClient, Base, Installed, 0, 130839248
1115, 60979b29f8e4456800000001, 0x6845E4F8299B9760, , ../../../MMORPG/Content/Localization/ST_MMO.uasset, MMORPG-WindowsClient, 207290368, 130840576, 2002, 1065, 0xcd56ea0031f1f03c9b3588c541e7ab5e618ecd9a, ExportBundleData, , MMORPG, WindowsClient, Base, Installed, 0, 130840576
1116, 12956e85ed59a65300000001, 0x53A659ED856E9512, , ../../../MMORPG/Content/UI/WBP_ManaStatus.uasset, MMORPG-WindowsClient, 207355904, 130842624, 4065, 2070, 0xb434af15d898664fe7b684b573081afc6a1afe69, ExportBundleData, , MMORPG, WindowsClient, Base, Installed, 0, 130842624
1117, a06ebc9a7d88433d00000001, 0x3D43887D9ABC6EA0, , ../../../MMORPG/Content/UI/WBP_PlayerHUD.uasset, MMORPG-WindowsClient, 207421440, 130846720, 15592, 4259, 0x2c2406a02bba87811303ae6204b8a6ecccc24450, ExportBundleData, , MMORPG, WindowsClient, Base, Installed, 0, 130846720
1118, bd472f8cbf5f723d00000001, 0x3D725FBF8C2F47BD, /Engine/EditorResources/S_Actor, ../../../Engine/Content/EditorResources/S_Actor.uasset, MMORPG-WindowsClient, 207486976, 130852864, 22665, 5638, 0xcde02524be5f7cc37f41fda7ee0ab00c02ce15d1, ExportBundleData, , MMORPG, WindowsClient, Base, Installed, 0, 130852864
1119, c8548e53bc64ae9400000001, 0x94AE64BC538E54C8, /Engine/EngineMaterials/DefaultCalibrationColor, ../../../Engine/Content/EngineMaterials/DefaultCalibrationColor.uasset, MMORPG-WindowsClient, 207552512, 130859008, 1037321, 3146, 0xaaa0285f8b55131caba84a691fd5d675cf849ca0, ExportBundleData, , MMORPG, WindowsClient, Base, Installed, 0, 130859008
1120, a4739b1d475b4a3e00000001, 0x3E4A5B471D9B73A4, /Engine/EngineMaterials/PPM_DefaultCalibrationColor, ../../../Engine/Content/EngineMaterials/PPM_DefaultCalibrationColor.uasset, MMORPG-WindowsClient, 208601088, 130863104, 4573, 1810, 0x23b7c7e9d8bc6bc16932cbf74a4a8d6b354ddb84, ExportBundleData, , MMORPG, WindowsClient, Base, Installed, 0, 130863104
1121, 2f21a1f982e75e0b00000009, 0xB5EE782F9A1212F, , <ShaderCode>, MMORPG-WindowsClient, 208666624, 130865152, 2725, 2725, 0xd333ff487d7cf55d5110e6300e0deb6c0e6d6b62, ShaderCode, , MMORPG, WindowsClient, Base, Installed, 0, 130865152
1122, bed073642053364000000001, 0x403653206473D0BE, , ../../../Engine/Plugins/NNE/NNEDenoiser/Content/NNEDT_Oidn2-3_Balanced_Alpha.uasset, MMORPG-WindowsClient, 208732160, 130867888, 724, 724, 0xe48a33e16a9d8e55d02f3faec23f5da2329de1fb, ExportBundleData, , MMORPG, WindowsClient, Base, Installed, 0, 130867888
1123, 2cc5808063f890db00000001, 0xDB90F8638080C52C, , ../../../Engine/Plugins/2D/Paper2D/Content/PlaceholderTextures/DummySpriteTexture.uasset, MMORPG-WindowsClient, 208797696, 130869248, 6334, 2277, 0x505b5b0f9160dd5b8569a7317e5b3e65ce0f1530, ExportBundleData, , MMORPG, WindowsClient, Base, Installed, 0, 130869248
1124, 7936cc24a0df034100000001, 0x4103DFA024CC3679, , ../../../Engine/Plugins/2D/Paper2D/Content/DummySprite.uasset, MMORPG-WindowsClient, 208863232, 130871536, 903, 903, 0x21abd4515b43d4cf55af6d93c2fc0f5752f9838a, ExportBundleData, , MMORPG, WindowsClient, Base, Installed, 0, 130871536
1125, 1eb36adebf3e8d6900000001, 0x698D3EBFDE6AB31E, , ../../../Engine/Plugins/2D/Paper2D/Content/DefaultPaperTerrainMaterial.uasset, MMORPG-WindowsClient, 208928768, 130872448, 412, 412, 0x14a4da69b66babab6d6ae2c3cfa903df7557a007, ExportBundleData, , MMORPG, WindowsClient, Base, Installed, 0, 130872448
1126, 7a9669f0cb7cc24300000001, 0x43C27CCBF069967A, , ../../../Engine/Plugins/Interchange/Assets/Content/Functions/MX_UsdPreviewSurface.uasset, MMORPG-WindowsClient, 208994304, 130872864, 345, 345, 0x872a1430fc6b05be68c926b97cdda6b5d06fe556, ExportBundleData, , MMORPG, WindowsClient, Base, Installed, 0, 130872864
1127, 41f8bd8a043f8b4500000001, 0x458B3F048ABDF841, , ../../../Engine/Plugins/Interchange/Runtime/Content/Pipelines/DefaultGLTFAssetsPipeline.uasset, MMORPG-WindowsClient, 209059840, 130873344, 16057, 3859, 0x6c25ab4c9de192ef1a0a46306723fcdebf2111be, ExportBundleData, , MMORPG, WindowsClient, Base, Installed, 0, 130873344
1128, b916d415e9289b5500000001, 0x559B28E915D416B9, /Engine/EngineMaterials/DefaultCalibrationGrayscale, ../../../Engine/Content/EngineMaterials/DefaultCalibrationGrayscale.uasset, MMORPG-WindowsClient, 209125376, 130877440, 8294944, 108580, 0x67ddc2c57751eea2c7c19709548ec44255a9cce8, ExportBundleData, , MMORPG, WindowsClient, Base, Installed, 0, 130877440
1129, 14c0e68102482a4700000001, 0x472A480281E6C014, /Engine/EngineMaterials/PPM_DefaultCalibrationGrayscale, ../../../Engine/Content/EngineMaterials/PPM_DefaultCalibrationGrayscale.uasset, MMORPG-WindowsClient, 217448448, 130988032, 4582, 1822, 0x98aed9743b08ded61d8b34f44ffe0b88422a1fb6, ExportBundleData, , MMORPG, WindowsClient, Base, Installed, 0, 130988032
1130, fa3b97e4a7a8422f00000009, 0x2F42A8A7E4973BFA, , <ShaderCode>, MMORPG-WindowsClient, 217513984, 130990080, 6832, 6832, 0x440435afc3f9b55bf289ec4bfe55ffd0eb5ea0d6, ShaderCode, , MMORPG, WindowsClient, Base, Installed, 0, 130990080
1131, 67d4e8f2a83a1c4800000001, 0x481C3AA8F2E8D467, /Engine/EditorResources/S_TriggerSphere, ../../../Engine/Content/EditorResources/S_TriggerSphere.uasset, MMORPG-WindowsClient, 217579520, 130998272, 350428, 37145, 0xffd8ee86aa0cbdc0909c7e20c377ec9300241535, ExportBundleData, , MMORPG, WindowsClient, Base, Installed, 0, 130998272
1132, 7bae9d93c88ae44900000001, 0x49E48AC8939DAE7B, , ../../../Engine/Plugins/Runtime/HairStrands/Content/Materials/HairDefaultMaterial.uasset, MMORPG-WindowsClient, 217972736, 131037184, 30345, 5643, 0x0b8490112077520676c4ee9c645088f1c391dc8b, ExportBundleData, , MMORPG, WindowsClient, Base, Installed, 0, 131037184
1133, 58ac407f95ae164b00000001, 0x4B16AE957F40AC58, /Engine/EngineMaterials/MiniFont, ../../../Engine/Content/EngineMaterials/MiniFont.uasset, MMORPG-WindowsClient, 218038272, 131043328, 2536, 739, 0x24c3dd70358eb1d4ca5e52742c44570dbc051193, ExportBundleData, , MMORPG, WindowsClient, Base, Installed, 0, 131043328
1134, 723e23a2f95edb4b00000001, 0x4BDB5EF9A2233E72, , ../../../Engine/Plugins/Interchange/Runtime/Content/Pipelines/DefaultAssetsPipeline.uasset, MMORPG-WindowsClient, 218103808, 131045376, 15593, 3757, 0x3149b2b9a964e86c435ee8f8e1ac9b10fae4fe9d, ExportBundleData, , MMORPG, WindowsClient, Base, Installed, 0, 131045376
1135, 0705a93c98917e6a00000001, 0x6A7E91983CA90507, , ../../../Engine/Plugins/Animation/DeformerGraph/Content/DeformerFunctions/DG_Function_LinearBlendSkin_Morph_Cloth_PositionOnly.uasset, MMORPG-WindowsClient, 218169344, 131049472, 11747, 3300, 0xc7c5a5803567d04af6f821daa758572c091c7059, ExportBundleData, , MMORPG, WindowsClient, Base, Installed, 0, 131049472
1136, 285efb154be9034d00000001, 0x4D03E94B15FB5E28, , ../../../Engine/Plugins/Animation/DeformerGraph/Content/DeformerFunctions/DG_Function_ComputeNormalsTangents.uasset, MMORPG-WindowsClient, 218234880, 131053568, 14383, 3916, 0xf1b07904a068fc7efc32526ba195ccfe8eea23e8, ExportBundleData, , MMORPG, WindowsClient, Base, Installed, 0, 131053568
1137, 7314ed5e6175ee9000000001, 0x90EE75615EED1473, , ../../../Engine/Plugins/Animation/DeformerGraph/Content/Deformers/DG_LinearBlendSkin_Morph_Cloth_RecomputeNormals.uasset, MMORPG-WindowsClient, 218300416, 131057664, 33510, 6041, 0xc249b0906842d96b9b1bc3f3045f9610edc4131f, ExportBundleData, , MMORPG, WindowsClient, Base, Installed, 0, 131057664
1138, e5b71a176289b59a00000009, 0x9AB58962171AB7E5, , <ShaderCode>, MMORPG-WindowsClient, 218365952, 131063808, 37839, 37839, 0x32e3082b4c7a25b7e3395ae3b7b9417a6329abf5, ShaderCode, , MMORPG, WindowsClient, Base, Installed, 0, 131063808
1139, fec7fe778b24339c00000009, 0x9C33248B77FEC7FE, , <ShaderCode>, MMORPG-WindowsClient, 218431488, 131102720, 4169, 4169, 0x6e54a3b128e5283980225e7cc707702607f78df0, ShaderCode, , MMORPG, WindowsClient, Base, Installed, 0, 131102720
1140, 93f817e2fe374e4d00000001, 0x4D4E37FEE217F893, , ../../../Engine/Plugins/Interchange/Assets/Content/Functions/MX_UniformEDF.uasset, MMORPG-WindowsClient, 218497024, 131106896, 394, 394, 0x70179f6c0e1dce569882d83e42bd27de8560cc24, ExportBundleData, , MMORPG, WindowsClient, Base, Installed, 0, 131106896
1141, 34b40296d0d3844e00000001, 0x4E84D3D09602B434, /Engine/EngineMaterials/BlendFunc_DefBase, ../../../Engine/Content/EngineMaterials/BlendFunc_DefBase.uasset, MMORPG-WindowsClient, 218562560, 131107296, 1070, 596, 0x11522f3562b3146fcfc99dd0a5a2897e23f72efb, ExportBundleData, , MMORPG, WindowsClient, Base, Installed, 0, 131107296
1142, e9aeb8a579b1c74e00000001, 0x4EC7B179A5B8AEE9, , ../../../Engine/Plugins/NNE/NNEDenoiser/Content/NNEDIM_ColorAlbedoNormal_Default.uasset, MMORPG-WindowsClient, 218628096, 131107904, 706, 706, 0x038ffec91e2d8ba0d64c5bb3caabffb76037620c, ExportBundleData, , MMORPG, WindowsClient, Base, Installed, 0, 131107904
1143, 12c2c1346a8453a600000001, 0xA653846A34C1C212, , ../../../Engine/Plugins/2D/Paper2D/Content/DefaultSpriteMaterial.uasset, MMORPG-WindowsClient, 218693632, 131108864, 16112, 3904, 0x55d75f99fbc2cdc1145705c573d700fd04532ac5, ExportBundleData, , MMORPG, WindowsClient, Base, Installed, 0, 131108864
1144, f1bf90ec547c591000000009, 0x10597C54EC90BFF1, , <ShaderCode>, MMORPG-WindowsClient, 218759168, 131112960, 72291, 72291, 0x25d789fd1a23dc91bf285d4fe95bc77973382076, ShaderCode, , MMORPG, WindowsClient, Base, Installed, 0, 131112960
1145, 603c62bd8092b35100000001, 0x51B39280BD623C60, , ../../../Engine/Plugins/2D/Paper2D/Content/MaskedUnlitSpriteMaterial.uasset, MMORPG-WindowsClient, 218890240, 131185264, 493, 493, 0x4ffcb113f23aa6a5963fd00bd230636010d55e17, ExportBundleData, , MMORPG, WindowsClient, Base, Installed, 0, 131185264
1146, f95ade32d57ba98c00000001, 0x8CA97BD532DE5AF9, /Engine/Maps/Entry_BuiltData, ../../../Engine/Content/Maps/Entry_BuiltData.uasset, MMORPG-WindowsClient, 218955776, 131185760, 24277, 396, 0x035c9c2c109238ec6e8660e04a767a7ba3d6e2ba, ExportBundleData, , MMORPG, WindowsClient, Base, Installed, 0, 131185760
1147, d31cf458faf4915200000001, 0x5291F4FA58F41CD3, /Engine/Maps/Entry, ../../../Engine/Content/Maps/Entry.umap, MMORPG-WindowsClient, 219021312, 131186688, 2095, 1008, 0x83e6c1a8c7c4afee7053dbf47cfc6d569f3eb8e9, ExportBundleData, , MMORPG, WindowsClient, Base, Installed, 0, 131186688
1148, 94eb29fd7fc7d95200000001, 0x52D9C77FFD29EB94, /Engine/EngineMaterials/FastBlueNoise_vec2_128x128x64, ../../../Engine/Content/EngineMaterials/FastBlueNoise_vec2_128x128x64.uasset, MMORPG-WindowsClient, 219086848, 131188736, 4194851, 2140937, 0x9d533b103dc531188d1fc621f8c71779a4e3edfe, ExportBundleData, , MMORPG, WindowsClient, Base, Installed, 0, 131188736
1149, 2c00528af8ff695300000001, 0x5369FFF88A52002C, , ../../../Engine/Plugins/Runtime/AudioWidgets/Content/Resources/ScrubHandleDown_Clamped.uasset, MMORPG-WindowsClient, 223346688, 133330144, 1160, 591, 0x9cb972fa1514e663259ee5d1236108eb5ff33cb7, ExportBundleData, , MMORPG, WindowsClient, Base, Installed, 0, 133330144
1150, 26c11ce6a5a7725300000001, 0x5372A7A5E61CC126, , ../../../Engine/Plugins/Interchange/Assets/Content/Functions/MX_MeasuredEDF.uasset, MMORPG-WindowsClient, 223412224, 133330944, 416, 416, 0x290759d0f4cd23c6b10b7a8c75c5c817db27f07d, ExportBundleData, , MMORPG, WindowsClient, Base, Installed, 0, 133330944
1151, cf55d583dcb3955300000001, 0x5395B3DC83D555CF, , ../../../Engine/Plugins/NNE/NNEDenoiser/Content/NNEDTIM_ColorAlbedoNormal_Alpha.uasset, MMORPG-WindowsClient, 223477760, 133331360, 784, 784, 0x84f286c0eda0ec3542aeec56d4242c2c2fdf43c8, ExportBundleData, , MMORPG, WindowsClient, Base, Installed, 0, 133331360
1152, 9eef70e40a6d0c5400000001, 0x540C6D0AE470EF9E, , ../../../Engine/Plugins/Experimental/Water/Content/Curves/FloatCurve_WaterBodyIsland.uasset, MMORPG-WindowsClient, 223543296, 133332144, 413, 413, 0x14aa262cd530136c42d5ab9f5f0ecef28599bd9b, ExportBundleData, , MMORPG, WindowsClient, Base, Installed, 0, 133332144
1153, 1566dffa3e75bb5400000001, 0x54BB753EFADF6615, , ../../../MMORPG/Content/UI/WBP_MMOLayout.uasset, MMORPG-WindowsClient, 223608832, 133332992, 2013, 897, 0xe3782052829d27ac1da0d6a3142dc2403ad59773, ExportBundleData, , MMORPG, WindowsClient, Base, Installed, 0, 133332992
1154, 94d667c332f7ea5400000001, 0x54EAF732C367D694, , ../../../Engine/Plugins/NNE/NNEDenoiser/Content/NNEDIM_HighQuality_Default.uasset, MMORPG-WindowsClient, 223674368, 133333904, 702, 702, 0xad56b8b47ed93ab92d1b37e2a0248d1626ab91da, ExportBundleData, , MMORPG, WindowsClient, Base, Installed, 0, 133333904
1155, 625a85aa6a0f7c5900000001, 0x597C0F6AAA855A62, , ../../../Engine/Plugins/PCG/Content/ComputeSources/PCGCS_Quaternion.uasset, MMORPG-WindowsClient, 223739904, 133334608, 310, 310, 0x3079c8ec88801737f46a46f9bb7abff0e9e7827e, ExportBundleData, , MMORPG, WindowsClient, Base, Installed, 0, 133334608
1156, 2d3454fc8194c15900000001, 0x59C19481FC54342D, , ../../../Engine/Plugins/NNE/NNEDenoiser/Content/NNED_Oidn2-3_HighQuality.uasset, MMORPG-WindowsClient, 223805440, 133335040, 724, 724, 0x09a0db3beb9b74aa407983f52ae9b7bc3295c6de, ExportBundleData, , MMORPG, WindowsClient, Base, Installed, 0, 133335040
1157, f0a7f83421ac425b00000001, 0x5B42AC2134F8A7F0, /Engine/EngineMaterials/RemoveSurfaceMaterial, ../../../Engine/Content/EngineMaterials/RemoveSurfaceMaterial.uasset, MMORPG-WindowsClient, 223870976, 133337088, 3852, 1519, 0x0b686b4ad4125df8151595cd6746982f6f31ded3, ExportBundleData, , MMORPG, WindowsClient, Base, Installed, 0, 133337088
1158, f80afa2525d4bf8500000009, 0x85BFD42525FA0AF8, , <ShaderCode>, MMORPG-WindowsClient, 223936512, 133339136, 6988, 6988, 0x67dee018b0375e12a770ec15adec4df585b19cc4, ShaderCode, , MMORPG, WindowsClient, Base, Installed, 0, 133339136
1159, 1837ec195ad33a5d00000001, 0x5D3AD35A19EC3718, /Engine/EditorMaterials/Dataflow/DataflowTwoSidedVertexMaterial, ../../../Engine/Content/EditorMaterials/Dataflow/DataflowTwoSidedVertexMaterial.uasset, MMORPG-WindowsClient, 224002048, 133347328, 20654, 3900, 0xc6bf5702352ae1f3d7ffa7077f4320c90ccfa6dc, ExportBundleData, , MMORPG, WindowsClient, Base, Installed, 0, 133347328
1160, 9491df0e8bed425600000009, 0x5642ED8B0EDF9194, , <ShaderCode>, MMORPG-WindowsClient, 224067584, 133351424, 29256, 29256, 0x2914f416485c65c91bb06891c43bad80b39f7634, ShaderCode, , MMORPG, WindowsClient, Base, Installed, 0, 133351424
1161, 7d9ab2e6f15948da00000009, 0xDA4859F1E6B29A7D, , <ShaderCode>, MMORPG-WindowsClient, 224133120, 133382144, 29920, 29920, 0x3a8a65658fdc8d12ce73337641619a76e4a22f47, ShaderCode, , MMORPG, WindowsClient, Base, Installed, 0, 133382144
1162, 302d86a1d2e5645d00000001, 0x5D64E5D2A1862D30, /Engine/EngineMaterials/SMAAAreaTex, ../../../Engine/Content/EngineMaterials/SMAAAreaTex.uasset, MMORPG-WindowsClient, 224198656, 133412864, 358915, 44227, 0x618da45f795a41a4e3277d0d197e95fe75da2fca, ExportBundleData, , MMORPG, WindowsClient, Base, Installed, 0, 133412864
1163, a091940bcd6b2d5f00000001, 0x5F2D6BCD0B9491A0, , ../../../Engine/Plugins/Experimental/Water/Content/Materials/MPC/MPC_Water.uasset, MMORPG-WindowsClient, 224591872, 133457920, 4349, 2970, 0x735e6b344df88195ac8c1e4cb7b5012d7fed7d2d, ExportBundleData, , MMORPG, WindowsClient, Base, Installed, 0, 133457920
1164, 6496496d3afac4bc00000001, 0xBCC4FA3A6D499664, /Engine/EditorLandscapeResources/LayerVisMaterial, ../../../Engine/Content/EditorLandscapeResources/LayerVisMaterial.uasset, MMORPG-WindowsClient, 224657408, 133462016, 5107, 1994, 0xab618e00017190966305ca7805e898437b67bf67, ExportBundleData, , MMORPG, WindowsClient, Base, Installed, 0, 133462016
1165, 0320d79e4ce44eb800000009, 0xB84EE44C9ED72003, , <ShaderCode>, MMORPG-WindowsClient, 224722944, 133464064, 8577, 8577, 0x67dee3c9e84422130073ea7bad42c744715eb00c, ShaderCode, , MMORPG, WindowsClient, Base, Installed, 0, 133464064
1166, e742d53ef860a16500000001, 0x65A160F83ED542E7, /Engine/VREditor/Sounds/UI/Scaling_Down, ../../../Engine/Content/VREditor/Sounds/UI/Scaling_Down.uasset, MMORPG-WindowsClient, 224788480, 133472656, 510, 510, 0x9273cbe45f89ec017350d4e490b8f1fb57b92a3d, ExportBundleData, , MMORPG, WindowsClient, Base, Installed, 0, 133472656
1167, fc02beddefa70f6600000001, 0x660FA7EFDDBE02FC, , ../../../Engine/Plugins/Interchange/Assets/Content/Functions/MX_DielectricBSDF.uasset, MMORPG-WindowsClient, 224854016, 133473168, 907, 907, 0x068a08acfb157330aa73d9f94a4a3acf23122f4d, ExportBundleData, , MMORPG, WindowsClient, Base, Installed, 0, 133473168
1168, cced52c568bd256600000001, 0x6625BD68C552EDCC, , ../../../Engine/Plugins/NNE/NNEDenoiser/Content/NNEDTIM_ColorAlbedoNormal_Default.uasset, MMORPG-WindowsClient, 224919552, 133474304, 706, 706, 0x79748560eb92df3e2be3e384fe142323cbb08863, ExportBundleData, , MMORPG, WindowsClient, Base, Installed, 0, 133474304
1169, 27b794321822576600000001, 0x665722183294B727, /Engine/EngineMaterials/NaniteHiddenSectionMaterial, ../../../Engine/Content/EngineMaterials/NaniteHiddenSectionMaterial.uasset, MMORPG-WindowsClient, 224985088, 133476352, 12791, 3633, 0x8c942d71ea74bbd1cf098405b98af85e4cc9fe06, ExportBundleData, , MMORPG, WindowsClient, Base, Installed, 0, 133476352
1170, 68c101ca4de40e8900000009, 0x890EE44DCA01C168, , <ShaderCode>, MMORPG-WindowsClient, 225050624, 133480448, 63398, 63398, 0x59b12b92de7d09e6d455a6ab20f949c722920300, ShaderCode, , MMORPG, WindowsClient, Base, Installed, 0, 133480448
1171, facb7a69bd93f36600000001, 0x66F393BD697ACBFA, , ../../../Engine/Plugins/Experimental/Water/Content/Icons/WaterErrorSprite.uasset, MMORPG-WindowsClient, 225116160, 133543936, 6366, 2744, 0x9f8cd6a37605cd906d46bd90907556ebbaa8b393, ExportBundleData, , MMORPG, WindowsClient, Base, Installed, 0, 133543936
1172, 8b10fd16427ee26700000001, 0x67E27E4216FD108B, , ../../../Engine/Plugins/Interchange/Assets/Content/Functions/MX_BurleyDiffuseBSDF.uasset, MMORPG-WindowsClient, 225181696, 133546688, 452, 452, 0xd2ae86f3939e28fe816d8be5072270ab3e77619c, ExportBundleData, , MMORPG, WindowsClient, Base, Installed, 0, 133546688
1173, 5ec45a1d42ba559b00000001, 0x9B55BA421D5AC45E, , ../../../MMORPG/Content/UI/WBP_Confirm.uasset, MMORPG-WindowsClient, 225247232, 133548032, 6640, 2347, 0x69f00825eedb549d2eb842f9cb1b94e6367ce835, ExportBundleData, , MMORPG, WindowsClient, Base, Installed, 0, 133548032
1174, 54450180621379a800000001, 0xA879136280014554, , ../../../MMORPG/Content/UI/WBP_Inventory.uasset, MMORPG-WindowsClient, 225312768, 133552128, 7548, 2812, 0x71f874a0421026bfa4318f97873779fefbc895aa, ExportBundleData, , MMORPG, WindowsClient, Base, Installed, 0, 133552128
1175, 3fc0ea379f66fdce00000001, 0xCEFD669F37EAC03F, , ../../../MMORPG/Content/UI/WBP_Settings.uasset, MMORPG-WindowsClient, 225378304, 133556224, 14323, 3385, 0x92c6a9618b6e6591c507f67e21d636a05e4c217e, ExportBundleData, , MMORPG, WindowsClient, Base, Installed, 0, 133556224
1176, 66ae7e48a72308d700000001, 0xD70823A7487EAE66, , ../../../MMORPG/Content/UI/WBP_Login.uasset, MMORPG-WindowsClient, 225443840, 133560320, 17385, 3935, 0xfd0f1f77bec4111d138108fac42bffdf8ff8bd53, ExportBundleData, , MMORPG, WindowsClient, Base, Installed, 0, 133560320
1177, 3f5f982d0a20cf6800000001, 0x68CF200A2D985F3F, , ../../../MMORPG/Content/MMO/Input/DA_MMOInputConfig.uasset, MMORPG-WindowsClient, 225509376, 133564416, 1114, 631, 0x882915a0ffb440033da9167b7b92d21e3e902a19, ExportBundleData, , MMORPG, WindowsClient, Base, Installed, 0, 133564416
1178, 81bfd6cd53c5926a00000001, 0x6A92C553CDD6BF81, , ../../../Engine/Plugins/NNE/NNEDenoiser/Content/NNEDOM_Output_Default.uasset, MMORPG-WindowsClient, 225574912, 133565056, 482, 482, 0xc47f7b1cf66c38a078281063f4081e15bfa509b8, ExportBundleData, , MMORPG, WindowsClient, Base, Installed, 0, 133565056
1179, 6d177c7db7c3eb6b00000001, 0x6BEBC3B77D7C176D, /Engine/EngineMaterials/EnergyConservation/GGX_ReflectionEnergy, ../../../Engine/Content/EngineMaterials/EnergyConservation/GGX_ReflectionEnergy.uasset, MMORPG-WindowsClient, 225640448, 133566464, 8766, 3455, 0x984b3d81de099100d132812e6dd5968499eb5a45, ExportBundleData, , MMORPG, WindowsClient, Base, Installed, 0, 133566464
1180, a257a4a1759b7c6d00000001, 0x6D7C9B75A1A457A2, , ../../../Engine/Plugins/Runtime/HairStrands/Content/Materials/HairCardsDefaultMaterial.uasset, MMORPG-WindowsClient, 225705984, 133570560, 45664, 7630, 0x735994900fcba273cc2f14ddf497cae441eb7ab0, ExportBundleData, , MMORPG, WindowsClient, Base, Installed, 0, 133570560
1181, 90f76c1daf09c56c00000009, 0x6CC509AF1D6CF790, , <ShaderCode>, MMORPG-WindowsClient, 225771520, 133578752, 119687, 119687, 0x4524ee50f52f0224904050e613b7625e741f2264, ShaderCode, , MMORPG, WindowsClient, Base, Installed, 0, 133578752
1182, ba6543c81e92e56d00000001, 0x6DE5921EC84365BA, /Engine/EditorMaterials/ParticleSystems/PSysThumbnail_NoImage, ../../../Engine/Content/EditorMaterials/ParticleSystems/PSysThumbnail_NoImage.uasset, MMORPG-WindowsClient, 225902592, 133698448, 3646, 846, 0xdde1f23326ae549e663448f3ffd445b6ae470489, ExportBundleData, , MMORPG, WindowsClient, Base, Installed, 0, 133698448
1183, 2563b8e7aff6d26e00000001, 0x6ED2F6AFE7B86325, /Engine/EngineMaterials/BaseFlattenGrayscaleMap, ../../../Engine/Content/EngineMaterials/BaseFlattenGrayscaleMap.uasset, MMORPG-WindowsClient, 225968128, 133699584, 2130, 698, 0xf2844dc0522057544d541200cea355c3090639ae, ExportBundleData, , MMORPG, WindowsClient, Base, Installed, 0, 133699584
1184, d77ca907bf9be46e00000001, 0x6EE49BBF07A97CD7, /Engine/EngineMaterials/BaseFlattenEmissiveMap_VT, ../../../Engine/Content/EngineMaterials/BaseFlattenEmissiveMap_VT.uasset, MMORPG-WindowsClient, 226033664, 133700288, 938, 938, 0x84317d9eb755f2b040c6d89f7ea7d5ee400fb6c8, ExportBundleData, , MMORPG, WindowsClient, Base, Installed, 0, 133700288
1185, b60fa590a5fe4d6f00000001, 0x6F4DFEA590A50FB6, /Engine/Functions/Engine_MaterialFunctions02/PivotPainter2/Black_1x1_EXR_Texture, ../../../Engine/Content/Functions/Engine_MaterialFunctions02/PivotPainter2/Black_1x1_EXR_Texture.uasset, MMORPG-WindowsClient, 226099200, 133701632, 578, 578, 0xbbaddd376599825df84c9d9012ec676ded7d0c48, ExportBundleData, , MMORPG, WindowsClient, Base, Installed, 0, 133701632
1186, fb3fd515f165bb7100000001, 0x71BB65F115D53FFB, , ../../../Engine/Plugins/Interchange/Runtime/Content/Pipelines/DefaultMaterialPipeline.uasset, MMORPG-WindowsClient, 226164736, 133702224, 2708, 1006, 0x2155c8db80873dfbca4c8e6aeba8bc766c1af055, ExportBundleData, , MMORPG, WindowsClient, Base, Installed, 0, 133702224
1187, f4c1c0480b18827400000001, 0x7482180B48C0C1F4, , ../../../MMORPG/Content/Tutorial/BP_BackendHealth.uasset, MMORPG-WindowsClient, 226230272, 133703680, 3892, 1924, 0xc128fb2ea7c49324a281702efdb5f47473e1621f, ExportBundleData, , MMORPG, WindowsClient, Base, Installed, 0, 133703680
1188, 7045cf1b55a1317500000001, 0x7531A1551BCF4570, /Engine/EngineDebugMaterials/DebugEditorMaterial, ../../../Engine/Content/EngineDebugMaterials/DebugEditorMaterial.uasset, MMORPG-WindowsClient, 226295808, 133705728, 6012, 2292, 0x08ddf264db2dae3e043dd9ddbd8c19e599b33773, ExportBundleData, , MMORPG, WindowsClient, Base, Installed, 0, 133705728
1189, bd79a33028a8b15900000009, 0x59B1A82830A379BD, , <ShaderCode>, MMORPG-WindowsClient, 226361344, 133709824, 7237, 7237, 0x50a96a9dc335ab8d71b1e8539876b52c7f55503f, ShaderCode, , MMORPG, WindowsClient, Base, Installed, 0, 133709824
1190, ed546f775ec1047600000001, 0x7604C15E776F54ED, , ../../../Engine/Plugins/NNE/NNEDenoiser/Content/NNED_Oidn2-3_HighQuality_Alpha.uasset, MMORPG-WindowsClient, 226426880, 133717072, 732, 732, 0x2bede86dd4b7f34959c2b0734fa46661613ad081, ExportBundleData, , MMORPG, WindowsClient, Base, Installed, 0, 133717072
1191, f9c22d1e389bae7700000001, 0x77AE9B381E2DC2F9, , ../../../Engine/Plugins/NNE/NNEDenoiser/Content/NNEDT_Oidn2-3_Balanced.uasset, MMORPG-WindowsClient, 226492416, 133718016, 724, 724, 0xd423e18f59d86ab67439224b2ec46acd39741985, ExportBundleData, , MMORPG, WindowsClient, Base, Installed, 0, 133718016
1192, 96260e8496d40b7a00000001, 0x7A0BD496840E2696, /Engine/EngineResources/Development/ZenLogo_64, ../../../Engine/Content/EngineResources/Development/ZenLogo_64.uasset, MMORPG-WindowsClient, 226557952, 133720064, 6278, 2253, 0x9691a69190c9470aa069376b770944f982e05356, ExportBundleData, , MMORPG, WindowsClient, Base, Installed, 0, 133720064
1193, 486e053c7e6c457b00000001, 0x7B456C7E3C056E48, /Engine/EngineMaterials/Substrate/GLints/AGlintTex2dArray, ../../../Engine/Content/EngineMaterials/Substrate/GLints/AGlintTex2dArray.uasset, MMORPG-WindowsClient, 226623488, 133724160, 1041205, 531809, 0xae2fe722236e81212f088d6404227e81465c1b99, ExportBundleData, , MMORPG, WindowsClient, Base, Installed, 0, 133724160
1194, 65401b411493477b00000001, 0x7B479314411B4065, /Engine/EngineMaterials/DefaultBokeh, ../../../Engine/Content/EngineMaterials/DefaultBokeh.uasset, MMORPG-WindowsClient, 227672064, 134256640, 22644, 6236, 0x69a9235c2df7f49d92ad1f6e78268d743b0edcde, ExportBundleData, , MMORPG, WindowsClient, Base, Installed, 0, 134256640
1195, 0acdaa5b8fb65e7b00000001, 0x7B5EB68F5BAACD0A, , ../../../Engine/Plugins/PCG/Content/ComputeSources/PCGCS_ShaderUtils.uasset, MMORPG-WindowsClient, 227737600, 134262880, 310, 310, 0x2152a31acd272183d50a838d67bad33004805545, ExportBundleData, , MMORPG, WindowsClient, Base, Installed, 0, 134262880
1196, bcaabd26c111707b00000001, 0x7B7011C126BDAABC, , ../../../Engine/Plugins/Interchange/Assets/Content/Functions/MX_ChiangHairBSDF.uasset, MMORPG-WindowsClient, 227803136, 134263200, 334, 334, 0x412ce9e0f4a4bdd9109be849af48eca32eedcbdc, ExportBundleData, , MMORPG, WindowsClient, Base, Installed, 0, 134263200
1197, 52a5c49a743a12b500000001, 0xB5123A749AC4A552, /Engine/EngineFonts/RobotoDistanceField, ../../../Engine/Content/EngineFonts/RobotoDistanceField.uasset, MMORPG-WindowsClient, 227868672, 134264832, 137210, 45493, 0x9c574ed34024e080cc456d579e2b31300df40ee1, ExportBundleData, , MMORPG, WindowsClient, Base, Installed, 0, 134264832
1198, e3ad05e4a2d7a17c00000001, 0x7CA1D7A2E405ADE3, /Engine/EngineMaterials/DefaultTextMaterialOpaque, ../../../Engine/Content/EngineMaterials/DefaultTextMaterialOpaque.uasset, MMORPG-WindowsClient, 228065280, 134311936, 13683, 3849, 0xee46ac27568c2d1768446c3b611d7f533b22f554, ExportBundleData, , MMORPG, WindowsClient, Base, Installed, 0, 134311936
1199, 09bd9060191fceaa00000009, 0xAACE1F196090BD09, , <ShaderCode>, MMORPG-WindowsClient, 228130816, 134316032, 42838, 42838, 0x8f23d7d5428dca8054a9ddddca5ad08382b2b163, ShaderCode, , MMORPG, WindowsClient, Base, Installed, 0, 134316032
1200, 991a09d3aabeb67c00000001, 0x7CB6BEAAD3091A99, , ../../../Engine/Plugins/Interchange/Assets/Content/Functions/MX_SheenBSDF.uasset, MMORPG-WindowsClient, 228196352, 134359040, 568, 568, 0xdb62401699b80c4de0b5666e3e1cfc941931328c, ExportBundleData, , MMORPG, WindowsClient, Base, Installed, 0, 134359040
1201, d3e3b4922c1f537d00000001, 0x7D531F2C92B4E3D3, , ../../../Engine/Plugins/Experimental/Water/Content/Curves/FloatCurve.uasset, MMORPG-WindowsClient, 228261888, 134359616, 354, 354, 0x24fd5e1461a43f1964c251e46c182a4ac3ddead9, ExportBundleData, , MMORPG, WindowsClient, Base, Installed, 0, 134359616
1202, 27060175e0cfb17e00000001, 0x7EB1CFE075010627, , ../../../Engine/Plugins/Interchange/Runtime/Content/Pipelines/DefaultFBXOBJAssetsPipeline.uasset, MMORPG-WindowsClient, 228327424, 134361088, 15831, 3820, 0x32cd7a2237d7d3c822f16a4549c2ddef015596be, ExportBundleData, , MMORPG, WindowsClient, Base, Installed, 0, 134361088
1203, c18dd883a0c55c8b00000001, 0x8B5CC5A083D88DC1, /Engine/EngineMaterials/BaseFlattenNormalMap, ../../../Engine/Content/EngineMaterials/BaseFlattenNormalMap.uasset, MMORPG-WindowsClient, 228392960, 134365184, 535, 535, 0xa8991ad8fc7e07bc0a5cd0b13e3480c6c473b28c, ExportBundleData, , MMORPG, WindowsClient, Base, Installed, 0, 134365184
1204, 2acd952336aab07f00000001, 0x7FB0AA362395CD2A, /Engine/EngineMaterials/FlattenMaterial, ../../../Engine/Content/EngineMaterials/FlattenMaterial.uasset, MMORPG-WindowsClient, 228458496, 134367232, 22679, 5218, 0xb811b04d283b8e095943ea933e28b7e5e7c61e77, ExportBundleData, , MMORPG, WindowsClient, Base, Installed, 0, 134367232
1205, 508ae9f35caa39b900000009, 0xB939AA5CF3E98A50, , <ShaderCode>, MMORPG-WindowsClient, 228524032, 134373376, 187356, 187356, 0x9a74c97d2cb3879c9b727ca8048493dfb1bb4e59, ShaderCode, , MMORPG, WindowsClient, Base, Installed, 0, 134373376
1206, 84ee12d7bc5f5a8000000001, 0x805A5FBCD712EE84, /Engine/Functions/Engine_MaterialFunctions02/WorldPositionOffset/CameraOffset, ../../../Engine/Content/Functions/Engine_MaterialFunctions02/WorldPositionOffset/CameraOffset.uasset, MMORPG-WindowsClient, 228720640, 134560736, 483, 483, 0x5220cf02daca8ab8ca085781710076781733edd1, ExportBundleData, , MMORPG, WindowsClient, Base, Installed, 0, 134560736
1207, 305a1ec18dd5a4be00000001, 0xBEA4D58DC11E5A30, /Engine/EngineMaterials/PhAT_JointLimitMaterial, ../../../Engine/Content/EngineMaterials/PhAT_JointLimitMaterial.uasset, MMORPG-WindowsClient, 228786176, 134561792, 7687, 2745, 0xecb6af5927ad1b2252832aa28c8d3ed6c5f1a871, ExportBundleData, , MMORPG, WindowsClient, Base, Installed, 0, 134561792
1208, 1ad25bac24fc7f0600000009, 0x67FFC24AC5BD21A, , <ShaderCode>, MMORPG-WindowsClient, 228851712, 134565888, 19346, 19346, 0x11ce302f7ca5821d189381491cd0fed9ccb4e1d6, ShaderCode, , MMORPG, WindowsClient, Base, Installed, 0, 134565888
1209, 9a5a67fa3c2b2de900000001, 0xE92D2B3CFA675A9A, , ../../../Engine/Plugins/Animation/ControlRig/Content/M_Manip.uasset, MMORPG-WindowsClient, 228917248, 134586368, 7628, 2730, 0x4055ec2b0b4f042bdf4e8b4d89a95a86bcbdff92, ExportBundleData, , MMORPG, WindowsClient, Base, Installed, 0, 134586368
1210, 1b40820d4ebfd77200000009, 0x72D7BF4E0D82401B, , <ShaderCode>, MMORPG-WindowsClient, 228982784, 134590464, 14043, 14043, 0xadb5525445c6170dfacfd0341f61833eccc66415, ShaderCode, , MMORPG, WindowsClient, Base, Installed, 0, 134590464
1211, 5e575dc9b264728400000001, 0x847264B2C95D575E, /Engine/EngineMaterials/EnergyConservation/SheenLegacy_Energy, ../../../Engine/Content/EngineMaterials/EnergyConservation/SheenLegacy_Energy.uasset, MMORPG-WindowsClient, 229048320, 134604800, 8758, 2648, 0xe88908f8365a93e4b153dfef1672b0ae7edda827, ExportBundleData, , MMORPG, WindowsClient, Base, Installed, 0, 134604800
1212, 03649d3868aaf38400000001, 0x84F3AA68389D6403, , ../../../Engine/Plugins/Interchange/Runtime/Content/Pipelines/DefaultGLTFSceneAssetsPipeline.uasset, MMORPG-WindowsClient, 229113856, 134608896, 16430, 3994, 0x5fa5a5354cf743a4c27a1883682e669f516bf12e, ExportBundleData, , MMORPG, WindowsClient, Base, Installed, 0, 134608896
1213, d620d2e7800c508700000001, 0x87500C80E7D220D6, /Engine/VREditor/Sounds/UI/Object_Snaps_To_Grid, ../../../Engine/Content/VREditor/Sounds/UI/Object_Snaps_To_Grid.uasset, MMORPG-WindowsClient, 229179392, 134612992, 526, 526, 0x6f1df3762023ade75cc24da199bddbcf772eed95, ExportBundleData, , MMORPG, WindowsClient, Base, Installed, 0, 134612992
1214, 398ec9425592ef8800000001, 0x88EF925542C98E39, /Engine/EditorMaterials/WidgetVertexColorMaterial, ../../../Engine/Content/EditorMaterials/WidgetVertexColorMaterial.uasset, MMORPG-WindowsClient, 229244928, 134615040, 5677, 2079, 0x4dd1bbde4e88b2d5f39dd3467c59d3b017a11f31, ExportBundleData, , MMORPG, WindowsClient, Base, Installed, 0, 134615040
1215, 57db4291d5b39b1e00000009, 0x1E9BB3D59142DB57, , <ShaderCode>, MMORPG-WindowsClient, 229310464, 134619136, 11595, 11595, 0xaca01daf380ddd6969fc569ec8e55744a9bd679a, ShaderCode, , MMORPG, WindowsClient, Base, Installed, 0, 134619136
1216, f87a01e7b138538a00000001, 0x8A5338B1E7017AF8, /Engine/EngineResources/GradientTexture0, ../../../Engine/Content/EngineResources/GradientTexture0.uasset, MMORPG-WindowsClient, 229376000, 134631424, 6220, 774, 0x27b38b9cea42ae21f89472ed834ba23dd8edac55, ExportBundleData, , MMORPG, WindowsClient, Base, Installed, 0, 134631424
1217, 6baf53cf79c0948b00000001, 0x8B94C079CF53AF6B, /Engine/EngineResources/DefaultTexture, ../../../Engine/Content/EngineResources/DefaultTexture.uasset, MMORPG-WindowsClient, 229441536, 134633472, 3566, 2835, 0xb7b2df50c135dbc1a14c4462dfd651d8fcad2f03, ExportBundleData, , MMORPG, WindowsClient, Base, Installed, 0, 134633472
1218, a554bae341b99c8c00000001, 0x8C9CB941E3BA54A5, , ../../../Engine/Plugins/NNE/NNEDenoiser/Content/NNED_Oidn2-3_Fast.uasset, MMORPG-WindowsClient, 229507072, 134636320, 716, 716, 0x53f26d6d2f4cf6fa09d6cec32bd7e91369877e9b, ExportBundleData, , MMORPG, WindowsClient, Base, Installed, 0, 134636320
1219, ff79b16f4686109100000001, 0x911086466FB179FF, , ../../../Engine/Plugins/Interchange/Assets/Content/Functions/MX_AbsorptionVDF.uasset, MMORPG-WindowsClient, 229572608, 134637040, 384, 384, 0x7cde63148856c856c9b98530bd8477772186a16b, ExportBundleData, , MMORPG, WindowsClient, Base, Installed, 0, 134637040
1220, a723d2bc1de7799100000001, 0x9179E71DBCD223A7, , ../../../Engine/Plugins/Interchange/Runtime/Content/Pipelines/DefaultFBXOBJSceneAssetsPipeline.uasset, MMORPG-WindowsClient, 229638144, 134637568, 16103, 3873, 0xcec78adf1838a09d2ed2c1b9f74c889bc0d1049a, ExportBundleData, , MMORPG, WindowsClient, Base, Installed, 0, 134637568
1221, cda0cf6115260c9400000001, 0x940C261561CFA0CD, /Engine/EngineResources/Black, ../../../Engine/Content/EngineResources/Black.uasset, MMORPG-WindowsClient, 229703680, 134641664, 1406, 360, 0xfc4abe57930de9a3e3def37396433b3fb791ba5d, ExportBundleData, , MMORPG, WindowsClient, Base, Installed, 0, 134641664
1222, ee0cbda85b62119700000001, 0x9711625BA8BD0CEE, /Engine/EngineMaterials/LTC/GGX_LTCMat, ../../../Engine/Content/EngineMaterials/LTC/GGX_LTCMat.uasset, MMORPG-WindowsClient, 229769216, 134643712, 33302, 21926, 0x8819c11da55f1806ab53e575c460916521d9a80e, ExportBundleData, , MMORPG, WindowsClient, Base, Installed, 0, 134643712
1223, ca8f2d7d1b857a9700000001, 0x977A851B7D2D8FCA, , ../../../Engine/Plugins/NNE/NNEDenoiser/Content/NNED_Oidn2-3_Balanced.uasset, MMORPG-WindowsClient, 229834752, 134666240, 716, 716, 0x2d0c20d4663f30576fd822b920c517e78b851809, ExportBundleData, , MMORPG, WindowsClient, Base, Installed, 0, 134666240
1224, af2a64bd763be89800000001, 0x98E83B76BD642AAF, , ../../../Engine/Plugins/Interchange/Assets/Content/Functions/MX_SubsurfaceBSDF.uasset, MMORPG-WindowsClient, 229900288, 134666960, 817, 817, 0x9ccd923c313223437bf2127be6d845c508818ab2, ExportBundleData, , MMORPG, WindowsClient, Base, Installed, 0, 134666960
1225, 6229e1c5b978089900000001, 0x990878B9C5E12962, /Engine/EditorLandscapeResources/SplineEditorMeshMat, ../../../Engine/Content/EditorLandscapeResources/SplineEditorMeshMat.uasset, MMORPG-WindowsClient, 229965824, 134668288, 8863, 2731, 0x8561c5f7110039d96e1d26a1130a40bb8ef5545d, ExportBundleData, , MMORPG, WindowsClient, Base, Installed, 0, 134668288
1226, 53e41c0f3cb7f48e00000009, 0x8EF4B73C0F1CE453, , <ShaderCode>, MMORPG-WindowsClient, 230031360, 134672384, 42365, 42365, 0x3c1385890eca35e3587caa2f5537f8a88a9f5a4d, ShaderCode, , MMORPG, WindowsClient, Base, Installed, 0, 134672384
1227, 47185b3e1c970af300000001, 0xF30A971C3E5B1847, /Engine/EditorLandscapeResources/SplineEditorMesh, ../../../Engine/Content/EditorLandscapeResources/SplineEditorMesh.uasset, MMORPG-WindowsClient, 230096896, 134715392, 3368, 1286, 0x2188b14e7845d3c5c4d13fe67c3265e0ff42b100, ExportBundleData, , MMORPG, WindowsClient, Base, Installed, 0, 134715392
1228, cb672aedcea08a9b00000001, 0x9B8AA0CEED2A67CB, /Engine/EngineMaterials/EnergyConservation/Sheen_Energy, ../../../Engine/Content/EngineMaterials/EnergyConservation/Sheen_Energy.uasset, MMORPG-WindowsClient, 230162432, 134717440, 8750, 3018, 0x81ad812f908e7496d3a9af889ba9e968c6195dd3, ExportBundleData, , MMORPG, WindowsClient, Base, Installed, 0, 134717440
1229, d9ef76f15dcbda9d00000001, 0x9DDACB5DF176EFD9, /Engine/EngineDebugMaterials/DebugMeshMaterial, ../../../Engine/Content/EngineDebugMaterials/DebugMeshMaterial.uasset, MMORPG-WindowsClient, 230227968, 134721536, 5812, 2142, 0xbc6410c64dcf24d94312567cabb1f2bf2d8eeefd, ExportBundleData, , MMORPG, WindowsClient, Base, Installed, 0, 134721536
1230, e43f8e2f8c6162fe00000009, 0xFE62618C2F8E3FE4, , <ShaderCode>, MMORPG-WindowsClient, 230293504, 134725632, 4412, 4412, 0x4b6e34c3149d5763c70926ab46104a27d6a10144, ShaderCode, , MMORPG, WindowsClient, Base, Installed, 0, 134725632
1231, b2e758c7adce0aa000000001, 0xA00ACEADC758E7B2, , ../../../Engine/Plugins/2D/Paper2D/Content/OpaqueUnlitSpriteMaterial.uasset, MMORPG-WindowsClient, 230359040, 134731776, 8016, 2651, 0x4ab15399b5d2c2ff59ca931c62cf6d7a85a5bd3a, ExportBundleData, , MMORPG, WindowsClient, Base, Installed, 0, 134731776
1232, 4c3f538c10787fd900000009, 0xD97F78108C533F4C, , <ShaderCode>, MMORPG-WindowsClient, 230424576, 134735872, 6281, 6281, 0x4554a425cb330e7e0a71e5375cfa843a528e7815, ShaderCode, , MMORPG, WindowsClient, Base, Installed, 0, 134735872
1233, b0afffa81f17b5cc00000001, 0xCCB5171FA8FFAFB0, /Engine/VREditor/TransformGizmo/Xray, ../../../Engine/Content/VREditor/TransformGizmo/Xray.uasset, MMORPG-WindowsClient, 230490112, 134744064, 6417, 2153, 0x7d17b0001235ccfab5e8a921fe2e1c469dec348c, ExportBundleData, , MMORPG, WindowsClient, Base, Installed, 0, 134744064
1234, 0c77a401d4ff2d1f00000009, 0x1F2DFFD401A4770C, , <ShaderCode>, MMORPG-WindowsClient, 230555648, 134748160, 23257, 23257, 0x9a99de972f68fe143b335b1a80af916c19188795, ShaderCode, , MMORPG, WindowsClient, Base, Installed, 0, 134748160
1235, 36f9c4a1a41147a000000001, 0xA04711A4A1C4F936, /Engine/VREditor/TransformGizmo/Main, ../../../Engine/Content/VREditor/TransformGizmo/Main.uasset, MMORPG-WindowsClient, 230621184, 134772736, 5018, 1975, 0x437101d8dd51b382d055c2d1db8e9df0bd1a1e2d, ExportBundleData, , MMORPG, WindowsClient, Base, Installed, 0, 134772736
1236, f9c8b9b472a7366e00000009, 0x6E36A772B4B9C8F9, , <ShaderCode>, MMORPG-WindowsClient, 230686720, 134774784, 10100, 10100, 0xf5a3f9130222f1d3211588b8b3f6f02c8b2b4bf6, ShaderCode, , MMORPG, WindowsClient, Base, Installed, 0, 134774784
1237, 6e6a371ba7ffd6e900000001, 0xE9D6FFA71B376A6E, /Engine/VREditor/TransformGizmo/SM_Sequencer_Node, ../../../Engine/Content/VREditor/TransformGizmo/SM_Sequencer_Node.uasset, MMORPG-WindowsClient, 230752256, 134785024, 10391, 3125, 0x9b72cf17c620288c006e0aa4bd569df2c0cd3df7, ExportBundleData, , MMORPG, WindowsClient, Base, Installed, 0, 134785024
1238, 79688f0e793acea100000001, 0xA1CE3A790E8F6879, /Engine/EngineDamageTypes/DmgTypeBP_Environmental, ../../../Engine/Content/EngineDamageTypes/DmgTypeBP_Environmental.uasset, MMORPG-WindowsClient, 230817792, 134788160, 679, 679, 0x2fa82f4d0ac03331b7aaabff7a53c4e62b078bea, ExportBundleData, , MMORPG, WindowsClient, Base, Installed, 0, 134788160
1239, 8aef878780375fa400000001, 0xA45F37808787EF8A, /Engine/EngineMaterials/Hair/Hair_DirectionalAlbedo, ../../../Engine/Content/EngineMaterials/Hair/Hair_DirectionalAlbedo.uasset, MMORPG-WindowsClient, 230883328, 134789120, 524816, 249387, 0x0bfaea80eaa0431645c5bb52eff6d52b7c6208af, ExportBundleData, , MMORPG, WindowsClient, Base, Installed, 0, 134789120
1240, f324387808549ca400000001, 0xA49C5408783824F3, /Engine/EngineMaterials/DefaultDestructiblePhysicalMaterial, ../../../Engine/Content/EngineMaterials/DefaultDestructiblePhysicalMaterial.uasset, MMORPG-WindowsClient, 231473152, 135038576, 372, 372, 0x91595e671d9277b907b88c39fbbb1bcfe35f3fe7, ExportBundleData, , MMORPG, WindowsClient, Base, Installed, 0, 135038576
1241, ed9aaea0a700c3a900000001, 0xA9C300A7A0AE9AED, , ../../../Engine/Plugins/Interchange/Assets/Content/Functions/MX_TransmissionSurface.uasset, MMORPG-WindowsClient, 231538688, 135038976, 353, 353, 0x48dce4eac5f45b45a61d145c14f1568cc35948ab, ExportBundleData, , MMORPG, WindowsClient, Base, Installed, 0, 135038976
1242, 70d0b4b38dfd07ab00000001, 0xAB07FD8DB3B4D070, , ../../../Engine/Plugins/NNE/NNEDenoiser/Content/NNEDIM_ColorAlbedoNormal_Alpha.uasset, MMORPG-WindowsClient, 231604224, 135039344, 776, 776, 0xc4494db66c1f9ae8b8299105d90d31b5c7fe3802, ExportBundleData, , MMORPG, WindowsClient, Base, Installed, 0, 135039344
1243, ea0f5dd142fa12ab00000001, 0xAB12FA42D15D0FEA, /Engine/EditorMaterials/PhAT_NoCollisionMaterial, ../../../Engine/Content/EditorMaterials/PhAT_NoCollisionMaterial.uasset, MMORPG-WindowsClient, 231669760, 135041024, 4901, 1878, 0x3a9dd5a61f7a6e285b1b0bb55179c92a8873e3cd, ExportBundleData, , MMORPG, WindowsClient, Base, Installed, 0, 135041024
1244, 8546213653c86b9700000009, 0x976BC85336214685, , <ShaderCode>, MMORPG-WindowsClient, 231735296, 135043072, 8983, 8983, 0x915d3db5d9543ca8d24529f9c1a7387dba5f381e, ShaderCode, , MMORPG, WindowsClient, Base, Installed, 0, 135043072
1245, ad8ea6f3769290ab00000001, 0xAB909276F3A68EAD, /Engine/EngineMaterials/Hair/Hair_Coverage, ../../../Engine/Content/EngineMaterials/Hair/Hair_Coverage.uasset, MMORPG-WindowsClient, 231800832, 135053312, 6284, 2170, 0x3535da7502be95111fcf318ff6153981de8a80b9, ExportBundleData, , MMORPG, WindowsClient, Base, Installed, 0, 135053312
1246, 8953c1244c740aad00000001, 0xAD0A744C24C15389, /Engine/EditorResources/S_TriggerBox, ../../../Engine/Content/EditorResources/S_TriggerBox.uasset, MMORPG-WindowsClient, 231866368, 135057408, 350420, 20966, 0x022983eecf191043ff0b076884e4d6fb2d3bfe12, ExportBundleData, , MMORPG, WindowsClient, Base, Installed, 0, 135057408
1247, adba4404ca6448ad00000001, 0xAD4864CA0444BAAD, /Engine/EngineMaterials/BaseFlattenDiffuseMap_VT, ../../../Engine/Content/EngineMaterials/BaseFlattenDiffuseMap_VT.uasset, MMORPG-WindowsClient, 232259584, 135078416, 933, 933, 0xaabad43def9d00d4230a1e876b0eea9c3238042d, ExportBundleData, , MMORPG, WindowsClient, Base, Installed, 0, 135078416
1248, fd5c4b2d837478ae00000001, 0xAE7874832D4B5CFD, /Engine/EditorResources/SequenceRecorder/Countdown, ../../../Engine/Content/EditorResources/SequenceRecorder/Countdown.uasset, MMORPG-WindowsClient, 232325120, 135079936, 147972, 28644, 0x17c39acf778790eed20ac957516e2aaaabeb5898, ExportBundleData, , MMORPG, WindowsClient, Base, Installed, 0, 135079936
1249, c472a8877b0ae2f900000001, 0xF9E20A7B87A872C4, /Engine/MobileResources/HUD/VirtualJoystick_Background, ../../../Engine/Content/MobileResources/HUD/VirtualJoystick_Background.uasset, MMORPG-WindowsClient, 232521728, 135108608, 262688, 19178, 0x04cb65666477bbd2d03d414257cab405d8a2852c, ExportBundleData, , MMORPG, WindowsClient, Base, Installed, 0, 135108608
1250, 2a8ace463a029fae00000001, 0xAE9F023A46CE8A2A, /Engine/MobileResources/HUD/VirtualJoystick_Thumb, ../../../Engine/Content/MobileResources/HUD/VirtualJoystick_Thumb.uasset, MMORPG-WindowsClient, 232849408, 135129088, 16920, 3548, 0xefef60a5a52e3cef4d024f0e352b0d9ed3b13a56, ExportBundleData, , MMORPG, WindowsClient, Base, Installed, 0, 135129088
1251, 37cdeb5ce1d3ccd800000001, 0xD8CCD3E15CEBCD37, /Engine/MobileResources/HUD/DefaultVirtualJoysticks, ../../../Engine/Content/MobileResources/HUD/DefaultVirtualJoysticks.uasset, MMORPG-WindowsClient, 232914944, 135133184, 855, 855, 0x18631fda4d81d1de49254917f855f689bfe42ec9, ExportBundleData, , MMORPG, WindowsClient, Base, Installed, 0, 135133184
1252, 5516ce2c36f3d9ae00000001, 0xAED9F3362CCE1655, /Engine/BasicShapes/BasicShapeMaterial, ../../../Engine/Content/BasicShapes/BasicShapeMaterial.uasset, MMORPG-WindowsClient, 232980480, 135135232, 17092, 3850, 0xe9026799aa1908426c1840adda89a88c68918a5d, ExportBundleData, , MMORPG, WindowsClient, Base, Installed, 0, 135135232
1253, b4d9be2f7a47a5ea00000009, 0xEAA5477A2FBED9B4, , <ShaderCode>, MMORPG-WindowsClient, 233046016, 135139328, 148921, 148921, 0xead7429c2d001fb7e3ed6327c562a2a5f8cc4637, ShaderCode, , MMORPG, WindowsClient, Base, Installed, 0, 135139328
1254, c1ceadea19a929af00000001, 0xAF29A919EAADCEC1, , ../../../Engine/Plugins/Animation/ControlRig/Content/Controls/DefaultGizmoLibraryNormalized.uasset, MMORPG-WindowsClient, 233242624, 135288832, 11404, 2807, 0xd9e0af4ee949444f93478602da8719f64aab516a, ExportBundleData, , MMORPG, WindowsClient, Base, Installed, 0, 135288832
1255, ad84bf334b97e1af00000001, 0xAFE1974B33BF84AD, /Engine/EngineResources/FilmGrains/Marcie_Grain_v3_128_M2_000, ../../../Engine/Content/EngineResources/FilmGrains/Marcie_Grain_v3_128_M2_000.uasset, MMORPG-WindowsClient, 233308160, 135292928, 16926, 16784, 0x1ea23d0603651f3213e6773fdd6a9d849d9ac963, ExportBundleData, , MMORPG, WindowsClient, Base, Installed, 0, 135292928
1256, 9acae5549f0219b000000001, 0xB019029F54E5CA9A, /Engine/EditorResources/S_Trigger, ../../../Engine/Content/EditorResources/S_Trigger.uasset, MMORPG-WindowsClient, 233373696, 135311360, 22729, 4647, 0xd6d11c0f01c2e874348fd107cef3276e6b651f76, ExportBundleData, , MMORPG, WindowsClient, Base, Installed, 0, 135311360
1257, e9b2d8c6446d03b100000001, 0xB1036D44C6D8B2E9, , ../../../MMORPG/Plugins/GameFeatures/MMOCore/Content/MMOCore.uasset, MMORPG-WindowsClient, 233439232, 135316016, 617, 617, 0xc07721c6a36cf7bb38d58e1c90ce68fd33e037e7, ExportBundleData, , MMORPG, WindowsClient, Base, Installed, 0, 135316016
1258, ccb86786409cacb100000001, 0xB1AC9C408667B8CC, , ../../../Engine/Plugins/Animation/DeformerGraph/Content/DeformerFunctions/DG_Function_LinearBlendSkin_Morph_Cloth.uasset, MMORPG-WindowsClient, 233504768, 135317504, 17241, 3779, 0xd7c55bedbd2986509d4a6f6738c601790e73efbe, ExportBundleData, , MMORPG, WindowsClient, Base, Installed, 0, 135317504
1259, 06779a28b766d0b800000001, 0xB8D066B7289A7706, , ../../../Engine/Plugins/Animation/DeformerGraph/Content/Deformers/DG_LinearBlendSkin_Morph_Cloth.uasset, MMORPG-WindowsClient, 233570304, 135321600, 29370, 5064, 0x449a544479801db11df0fdd27d3fbf03e0085775, ExportBundleData, , MMORPG, WindowsClient, Base, Installed, 0, 135321600
1260, d8752b8f253464c600000009, 0xC66434258F2B75D8, , <ShaderCode>, MMORPG-WindowsClient, 233635840, 135327744, 52719, 52719, 0x6fafe9fee01926256a3ff60c6306d6b91dd155c2, ShaderCode, , MMORPG, WindowsClient, Base, Installed, 0, 135327744
1261, 5c918efb403d4bb200000001, 0xB24B3D40FB8E915C, /Engine/EditorResources/S_Solver, ../../../Engine/Content/EditorResources/S_Solver.uasset, MMORPG-WindowsClient, 233701376, 135380992, 22729, 4119, 0xcab781e3d55cfab6c90cc65120fac57ebe09e79d, ExportBundleData, , MMORPG, WindowsClient, Base, Installed, 0, 135380992
1262, 0219c3161c6d6eb200000001, 0xB26E6D1C16C31902, /Engine/EngineMaterials/BaseFlattenGrayscaleMap_VT, ../../../Engine/Content/EngineMaterials/BaseFlattenGrayscaleMap_VT.uasset, MMORPG-WindowsClient, 233766912, 135385120, 943, 943, 0x6546ef03c80c66a1982ecf8f6a018bb2d4334280, ExportBundleData, , MMORPG, WindowsClient, Base, Installed, 0, 135385120
1263, 678fbecadec515b300000001, 0xB315C5DECABE8F67, /Engine/EngineMaterials/FastBlueNoise_scalar_128x128x64, ../../../Engine/Content/EngineMaterials/FastBlueNoise_scalar_128x128x64.uasset, MMORPG-WindowsClient, 233832448, 135387136, 1049117, 1049117, 0xd058cf156c7c8c8b8752d3c6bb802621515f0f05, ExportBundleData, , MMORPG, WindowsClient, Base, Installed, 0, 135387136
1264, 66dd71c1d1526ab500000001, 0xB56A52D1C171DD66, , ../../../Engine/Plugins/NNE/NNEDenoiser/Content/NNED_Oidn2-3_Fast_Alpha.uasset, MMORPG-WindowsClient, 234946560, 136436256, 724, 724, 0x67ccfdaca8e76b625658e2d06ad73e1c48d221cb, ExportBundleData, , MMORPG, WindowsClient, Base, Installed, 0, 136436256
1265, cb603ad4b469c1b600000001, 0xB6C169B4D43A60CB, , ../../../Engine/Plugins/Interchange/Assets/Content/Functions/MX_GeneralizedSchlickBSDF.uasset, MMORPG-WindowsClient, 235012096, 136437760, 924, 924, 0xe19363df681dbc805bbf58c203e43463afafdb03, ExportBundleData, , MMORPG, WindowsClient, Base, Installed, 0, 136437760
1266, 90442f10ca8d9eb700000001, 0xB79E8DCA102F4490, , ../../../Engine/Plugins/Animation/ControlRig/Content/Controls/ControlRigGizmoMaterial.uasset, MMORPG-WindowsClient, 235077632, 136439808, 4038, 1585, 0x16154430fac27fd036f5a9c0fe96a8faf99dc659, ExportBundleData, , MMORPG, WindowsClient, Base, Installed, 0, 136439808
1267, 6470f5a3603d9cca00000009, 0xCA9C3D60A3F57064, , <ShaderCode>, MMORPG-WindowsClient, 235143168, 136441856, 7449, 7449, 0xda7c1bbaf22e02884a7840d1c094c839fe3e455e, ShaderCode, , MMORPG, WindowsClient, Base, Installed, 0, 136441856
1268, 8500a33b2fedbab800000001, 0xB8BAED2F3BA30085, /Engine/EngineMaterials/DefaultWhiteGrid_Low, ../../../Engine/Content/EngineMaterials/DefaultWhiteGrid_Low.uasset, MMORPG-WindowsClient, 235208704, 136449312, 526, 526, 0xc06ce7fda7fedca58d6d8ca9458a2b995aaf54ca, ExportBundleData, , MMORPG, WindowsClient, Base, Installed, 0, 136449312
1269, 6ebbe4a6ced841cc00000001, 0xCC41D8CEA6E4BB6E, /Engine/EngineMaterials/EmissiveMeshMaterial, ../../../Engine/Content/EngineMaterials/EmissiveMeshMaterial.uasset, MMORPG-WindowsClient, 235274240, 136450048, 8425, 2759, 0x4fd98756242ea6c24867c8964196d146b4b40e75, ExportBundleData, , MMORPG, WindowsClient, Base, Installed, 0, 136450048
1270, 16c745b86cb562dc00000009, 0xDC62B56CB845C716, , <ShaderCode>, MMORPG-WindowsClient, 235339776, 136454144, 40407, 40407, 0xdaecba83cd21aad8d859a1ffec7ae4349aa66e0a, ShaderCode, , MMORPG, WindowsClient, Base, Installed, 0, 136454144
1271, 4f766dcdfcc10abc00000001, 0xBC0AC1FCCD6D764F, /Engine/EngineMaterials/GizmoMaterial, ../../../Engine/Content/EngineMaterials/GizmoMaterial.uasset, MMORPG-WindowsClient, 235405312, 136495104, 5853, 2190, 0x4765fefd3548cb4915d88747e147473670d730d9, ExportBundleData, , MMORPG, WindowsClient, Base, Installed, 0, 136495104
1272, ad9a429a92c2267e00000009, 0x7E26C2929A429AAD, , <ShaderCode>, MMORPG-WindowsClient, 235470848, 136499200, 8698, 8698, 0xe8a187991261f7fb1dd4f7e3a1162724336197df, ShaderCode, , MMORPG, WindowsClient, Base, Installed, 0, 136499200
1273, 9100e5237a180bbc00000001, 0xBC0B187A23E50091, , ../../../Engine/Plugins/Interchange/Assets/Content/Functions/MX_SurfaceUnlit.uasset, MMORPG-WindowsClient, 235536384, 136507904, 504, 504, 0x6cdd6720ff452415e26a6b0aa25ecb22c050e789, ExportBundleData, , MMORPG, WindowsClient, Base, Installed, 0, 136507904
1274, b067b08cb75568c000000001, 0xC06855B78CB067B0, , ../../../Engine/Plugins/NNE/NNEDenoiser/Content/NNEDTOM_Output_Default.uasset, MMORPG-WindowsClient, 235601920, 136508416, 490, 490, 0xd8f514236e4095f8e4cc25b7441a88bcef788bc6, ExportBundleData, , MMORPG, WindowsClient, Base, Installed, 0, 136508416
1275, c599b991259f3dc100000001, 0xC13D9F2591B999C5, /Engine/EngineMaterials/BaseFlattenLinearColor_VT, ../../../Engine/Content/EngineMaterials/BaseFlattenLinearColor_VT.uasset, MMORPG-WindowsClient, 235667456, 136509440, 944, 944, 0x3a5761f65f9232cb137c806a0a6d5c0c5b4a704b, ExportBundleData, , MMORPG, WindowsClient, Base, Installed, 0, 136509440
1276, 2d5d52b0905803e600000001, 0xE6035890B0525D2D, /Engine/EditorMaterials/PreviewShadowIndicator, ../../../Engine/Content/EditorMaterials/PreviewShadowIndicator.uasset, MMORPG-WindowsClient, 235732992, 136510384, 22801, 849, 0x80edce7f5e8cad3f7f035773ec8824823c8c628e, ExportBundleData, , MMORPG, WindowsClient, Base, Installed, 0, 136510384
1277, fabb39727be145c100000001, 0xC145E17B7239BBFA, /Engine/EditorMaterials/PreviewShadowIndicatorMaterial, ../../../Engine/Content/EditorMaterials/PreviewShadowIndicatorMaterial.uasset, MMORPG-WindowsClient, 235798528, 136511488, 27226, 6054, 0xa465e6f2cf5aa5d4140de493a914739862d0c170, ExportBundleData, , MMORPG, WindowsClient, Base, Installed, 0, 136511488
1278, 68f560eed6c4ea9800000009, 0x98EAC4D6EE60F568, , <ShaderCode>, MMORPG-WindowsClient, 235864064, 136517632, 184812, 184812, 0x8359037eaa218361902a1724859bb66a7942e650, ShaderCode, , MMORPG, WindowsClient, Base, Installed, 0, 136517632
1279, faf6aef6690165c300000001, 0xC3650169F6AEF6FA, , ../../../Engine/Plugins/Experimental/Water/Content/Waves/GerstnerWaves_Lake.uasset, MMORPG-WindowsClient, 236060672, 136704000, 3094, 1570, 0x524b4a088d0eb1428b0d1d2ca010e4e02cefd330, ExportBundleData, , MMORPG, WindowsClient, Base, Installed, 0, 136704000
1280, 30ac963bf03f6ac400000001, 0xC46A3FF03B96AC30, , ../../../Engine/Plugins/Interchange/Assets/Content/Functions/MX_Displacement.uasset, MMORPG-WindowsClient, 236126208, 136705584, 337, 337, 0xcaca501ac5d8495a2393f31449e21169bd8d519f, ExportBundleData, , MMORPG, WindowsClient, Base, Installed, 0, 136705584
1281, 624f937426db20c500000001, 0xC520DB2674934F62, /Engine/EngineMaterials/DefaultWhiteGrid, ../../../Engine/Content/EngineMaterials/DefaultWhiteGrid.uasset, MMORPG-WindowsClient, 236191744, 136706048, 3582, 831, 0x757b9d280520e0bc03705ee72d8581c8a91e38b0, ExportBundleData, , MMORPG, WindowsClient, Base, Installed, 0, 136706048
1282, 7a25e73f37491ec600000001, 0xC61E49373FE7257A, /Engine/EngineMaterials/LTC/Sheen_LTC, ../../../Engine/Content/EngineMaterials/LTC/Sheen_LTC.uasset, MMORPG-WindowsClient, 236257280, 136708096, 8726, 5276, 0x0d74c0b6432297b4ac0ea645c8493ef1894d61fd, ExportBundleData, , MMORPG, WindowsClient, Base, Installed, 0, 136708096
1283, b3e0bd49841cdcc600000001, 0xC6DC1C8449BDE0B3, /Engine/VREditor/Sounds/UI/Gizmo_Handle_Clicked, ../../../Engine/Content/VREditor/Sounds/UI/Gizmo_Handle_Clicked.uasset, MMORPG-WindowsClient, 236322816, 136713376, 526, 526, 0x7160864b8c9acb91a41e0bbf416fc970eb025201, ExportBundleData, , MMORPG, WindowsClient, Base, Installed, 0, 136713376
1284, 874cdda4ec48b9c800000001, 0xC8B948ECA4DD4C87, /Engine/EngineMaterials/EnergyConservation/GGX_MaxSpecEnergy, ../../../Engine/Content/EngineMaterials/EnergyConservation/GGX_MaxSpecEnergy.uasset, MMORPG-WindowsClient, 236388352, 136714240, 8758, 6131, 0xb3a3fdcc9be6d19a35e6ed5cb3df3c87467d5ecb, ExportBundleData, , MMORPG, WindowsClient, Base, Installed, 0, 136714240
1285, 7f8259be57e87dce00000001, 0xCE7DE857BE59827F, /Engine/EngineDebugMaterials/VolumeToRender, ../../../Engine/Content/EngineDebugMaterials/VolumeToRender.uasset, MMORPG-WindowsClient, 236453888, 136720384, 8512, 3603, 0x2b4528bd0d3bab89303bd3ac2ef4be11b956b5f2, ExportBundleData, , MMORPG, WindowsClient, Base, Installed, 0, 136720384
1286, 3bf2df25e14476d700000001, 0xD77644E125DFF23B, /Engine/EngineDebugMaterials/M_VolumeRenderSphereTracePP, ../../../Engine/Content/EngineDebugMaterials/M_VolumeRenderSphereTracePP.uasset, MMORPG-WindowsClient, 236519424, 136724480, 6527, 2627, 0x572da1963b164bb3390c26c22a69efcc46ebc6c9, ExportBundleData, , MMORPG, WindowsClient, Base, Installed, 0, 136724480
1287, 59a57705acf7690500000009, 0x569F7AC0577A559, , <ShaderCode>, MMORPG-WindowsClient, 236584960, 136728576, 9656, 9656, 0x207dbcdd75aee50e3af178fab98124bb9b556e66, ShaderCode, , MMORPG, WindowsClient, Base, Installed, 0, 136728576
1288, a14d811e8fc521ca00000001, 0xCA21C58F1E814DA1, /Engine/EngineMaterials/FastBlueNoise_scalar_128x128x8, ../../../Engine/Content/EngineMaterials/FastBlueNoise_scalar_128x128x8.uasset, MMORPG-WindowsClient, 236650496, 136738816, 131741, 131741, 0xfc4ac2113ee0bc224bfd9a0fab35912e5d6eb1b9, ExportBundleData, , MMORPG, WindowsClient, Base, Installed, 0, 136738816
1289, d78fa73801cc6eca00000001, 0xCA6ECC0138A78FD7, /Engine/VREditor/Sounds/UI/Scaling_Up, ../../../Engine/Content/VREditor/Sounds/UI/Scaling_Up.uasset, MMORPG-WindowsClient, 236847104, 136870560, 502, 502, 0xe2b174ac17fe7d473ade2015b47ab2ab29b25e89, ExportBundleData, , MMORPG, WindowsClient, Base, Installed, 0, 136870560
1290, 226de3c6f795b5ca00000001, 0xCAB595F7C6E36D22, , ../../../Engine/Plugins/Experimental/Water/Content/Icons/WaterBodyExclusionVolumeSprite.uasset, MMORPG-WindowsClient, 236912640, 136871936, 66057, 6024, 0xbcc779bab45924ee6729a676ace3ca332e975c23, ExportBundleData, , MMORPG, WindowsClient, Base, Installed, 0, 136871936
1291, 9784ada5ce57b7cb00000001, 0xCBB757CEA5AD8497, /Engine/EditorResources/BSPVertex, ../../../Engine/Content/EditorResources/BSPVertex.uasset, MMORPG-WindowsClient, 237043712, 136878080, 1054, 585, 0x6e2a0639710951c000106e09b81ff17bac0e5644, ExportBundleData, , MMORPG, WindowsClient, Base, Installed, 0, 136878080
1292, 0bf1d6a9c47f8ccc00000001, 0xCC8C7FC4A9D6F10B, /Engine/EditorMaterials/ParticleSystems/PSysThumbnail_OOD, ../../../Engine/Content/EditorMaterials/ParticleSystems/PSysThumbnail_OOD.uasset, MMORPG-WindowsClient, 237109248, 136880128, 6334, 2080, 0x988203dcf6fadb40e76009d8f7e4802783cebd3c, ExportBundleData, , MMORPG, WindowsClient, Base, Installed, 0, 136880128
1293, 7ba7b2b1aeafb4cc00000001, 0xCCB4AFAEB1B2A77B, /Engine/EngineMaterials/BaseFlattenEmissiveMap, ../../../Engine/Content/EngineMaterials/BaseFlattenEmissiveMap.uasset, MMORPG-WindowsClient, 237174784, 136882208, 1454, 695, 0x7b6a51709c58c32ac5cdd08358a093951acf9836, ExportBundleData, , MMORPG, WindowsClient, Base, Installed, 0, 136882208
1294, 3e69293be27653d100000001, 0xD15376E23B29693E, /Engine/EngineMaterials/Hair/Hair_DualScattering, ../../../Engine/Content/EngineMaterials/Hair/Hair_DualScattering.uasset, MMORPG-WindowsClient, 237240320, 136884224, 524808, 157672, 0x0f454d32e1181ee638093c93e2c68bdff4e11cef, ExportBundleData, , MMORPG, WindowsClient, Base, Installed, 0, 136884224
1295, 483d5d69a0e670d100000001, 0xD170E6A0695D3D48, /Engine/EngineMaterials/Substrate/Volume/SubstrateSimpleVolumeEnvLUT3D, ../../../Engine/Content/EngineMaterials/Substrate/Volume/SubstrateSimpleVolumeEnvLUT3D.uasset, MMORPG-WindowsClient, 237830144, 137041968, 2484, 1974, 0x4a00a01cb19ddf9efa7a13e953bca12fdce25f4a, ExportBundleData, , MMORPG, WindowsClient, Base, Installed, 0, 137041968
1296, 5add7228114647d200000001, 0xD24746112872DD5A, /Engine/EngineMaterials/LTC/GGX_LTCAmp, ../../../Engine/Content/EngineMaterials/LTC/GGX_LTCAmp.uasset, MMORPG-WindowsClient, 237895680, 137043968, 33302, 10529, 0x804969f685be70d135600a071b15b51c3db4dfdb, ExportBundleData, , MMORPG, WindowsClient, Base, Installed, 0, 137043968
1297, a348f564ee3fabd400000001, 0xD4AB3FEE64F548A3, , ../../../Engine/Plugins/Interchange/Assets/Content/Functions/MX_AnisotropicVDF.uasset, MMORPG-WindowsClient, 237961216, 137054512, 541, 541, 0x80e111d263c202b8bb3603321daf972a03f8271f, ExportBundleData, , MMORPG, WindowsClient, Base, Installed, 0, 137054512
1298, 4077f21c1acd58d500000001, 0xD558CD1A1CF27740, /Engine/EngineMaterials/WeightMapPlaceholderTexture, ../../../Engine/Content/EngineMaterials/WeightMapPlaceholderTexture.uasset, MMORPG-WindowsClient, 238026752, 137055056, 606, 606, 0x19d678196a6c910c043d3ff00f7d340ca9d25b62, ExportBundleData, , MMORPG, WindowsClient, Base, Installed, 0, 137055056
1299, 53d7141adb7a02d700000001, 0xD7027ADB1A14D753, , ../../../MMORPG/Content/MMO/Experiences/DA_MMOExperience.uasset, MMORPG-WindowsClient, 238092288, 137055664, 410, 410, 0xd7729217e57e2c31cba698bdb4d88c5f66255e71, ExportBundleData, , MMORPG, WindowsClient, Base, Installed, 0, 137055664
1300, d08864cc421934d700000001, 0xD7341942CC6488D0, , ../../../Engine/Plugins/Interchange/Assets/Content/Functions/MX_ConductorBSDF.uasset, MMORPG-WindowsClient, 238157824, 137056256, 590, 590, 0x48b2d24eb00d1dab2061ea0333e047dc5758bc9e, ExportBundleData, , MMORPG, WindowsClient, Base, Installed, 0, 137056256
1301, 8bae004703ead3d700000001, 0xD7D3EA034700AE8B, /Engine/EditorMaterials/Dataflow/DataflowVertexMaterial, ../../../Engine/Content/EditorMaterials/Dataflow/DataflowVertexMaterial.uasset, MMORPG-WindowsClient, 238223360, 137058304, 12116, 3030, 0xdfd5ec2988268c1d0025a3abcb622a837e682d33, ExportBundleData, , MMORPG, WindowsClient, Base, Installed, 0, 137058304
1302, 73d61a86c013183100000009, 0x311813C0861AD673, , <ShaderCode>, MMORPG-WindowsClient, 238288896, 137062400, 26491, 26491, 0x37acafe1fe5fa3ec73ac3e5fdb17ebcab34bee3b, ShaderCode, , MMORPG, WindowsClient, Base, Installed, 0, 137062400
1303, 4eefe050ec0582d800000001, 0xD88205EC50E0EF4E, /Engine/EngineMaterials/Black_1x1_EXR_Texture_VT, ../../../Engine/Content/EngineMaterials/Black_1x1_EXR_Texture_VT.uasset, MMORPG-WindowsClient, 238354432, 137089024, 955, 955, 0x878fd2bea5aeba1e1335e1156aecd79d75f0ef18, ExportBundleData, , MMORPG, WindowsClient, Base, Installed, 0, 137089024
1304, 6be7ed640599fdd800000001, 0xD8FD990564EDE76B, /Engine/VREditor/Sounds/UI/Drop_Item_From_ContentBrowser, ../../../Engine/Content/VREditor/Sounds/UI/Drop_Item_From_ContentBrowser.uasset, MMORPG-WindowsClient, 238419968, 137089984, 548, 548, 0x826be1d344415bd519d66857f84ec6dc7b16abff, ExportBundleData, , MMORPG, WindowsClient, Base, Installed, 0, 137089984
1305, 60a7508c2bc4c9d900000001, 0xD9C9C42B8C50A760, /Engine/EngineMaterials/EnergyConservation/GGX_TransmissionEnergyArray, ../../../Engine/Content/EngineMaterials/EnergyConservation/GGX_TransmissionEnergyArray.uasset, MMORPG-WindowsClient, 238485504, 137091072, 524870, 142629, 0xe81320a3ecaa97ceff02d034cbb91bca5e8b3168, ExportBundleData, , MMORPG, WindowsClient, Base, Installed, 0, 137091072
1306, d69ec64d1db22edb00000001, 0xDB2EB21D4DC69ED6, , ../../../Engine/Plugins/Interchange/Assets/Content/Functions/MX_OrenNayarBSDF.uasset, MMORPG-WindowsClient, 239075328, 137233776, 469, 469, 0x4b17832002c00bb75dd00eea8be75d85a97a9337, ExportBundleData, , MMORPG, WindowsClient, Base, Installed, 0, 137233776
1307, 12a6c43ad27e6edb00000001, 0xDB6E7ED23AC4A612, , ../../../Engine/Plugins/NNE/NNEDenoiser/Content/NNEDTOM_Output_Alpha.uasset, MMORPG-WindowsClient, 239140864, 137234432, 482, 482, 0x1c2aa9b8cb556612cb4524f9fc95ad83409f65bf, ExportBundleData, , MMORPG, WindowsClient, Base, Installed, 0, 137234432
1308, b70d3095fda432dc00000001, 0xDC32A4FD95300DB7, , ../../../MMORPG/Content/MMO/BP_MMOGameMode.uasset, MMORPG-WindowsClient, 239206400, 137234928, 1317, 739, 0x34bb7b0bc54f72de8aa057102bdc618a0440bcd8, ExportBundleData, , MMORPG, WindowsClient, Base, Installed, 0, 137234928
1309, 4444e2c339cc00dd00000001, 0xDD00CC39C3E24444, , ../../../MMORPG/Content/MMO/Pawns/DA_MMOPlayer.uasset, MMORPG-WindowsClient, 239271936, 137235680, 742, 742, 0x30056a047b928945e26471bd537ca1051a42da93, ExportBundleData, , MMORPG, WindowsClient, Base, Installed, 0, 137235680
1310, 9c7151fedab8d7e200000001, 0xE2D7B8DAFE51719C, /Engine/EditorResources/SequenceRecorder/RecordingIndicator, ../../../Engine/Content/EditorResources/SequenceRecorder/RecordingIndicator.uasset, MMORPG-WindowsClient, 239337472, 137236480, 1556, 551, 0x632e66514520f40691e26d63e2058b667fa9cc43, ExportBundleData, , MMORPG, WindowsClient, Base, Installed, 0, 137236480
1311, e158a24cdbfd07e300000001, 0xE307FDDB4CA258E1, , ../../../Engine/Plugins/Interchange/Runtime/Content/Pipelines/DefaultGLTFPipeline.uasset, MMORPG-WindowsClient, 239403008, 137237040, 563, 563, 0xc36542eb025bf1ae97e58381293fe250599d26f8, ExportBundleData, , MMORPG, WindowsClient, Base, Installed, 0, 137237040
1312, cb8773fff36c1ce300000001, 0xE31C6CF3FF7387CB, , ../../../Engine/Plugins/Animation/ACLPlugin/Content/ACLAnimBoneCompressionSettings.uasset, MMORPG-WindowsClient, 239468544, 137237616, 528, 528, 0x668abf72224d8cafe7175f39fb7a1d8382b3d28e, ExportBundleData, , MMORPG, WindowsClient, Base, Installed, 0, 137237616
1313, f611d46477e111e600000001, 0xE611E17764D411F6, , ../../../Engine/Plugins/NNE/NNEDenoiser/Content/NNE_oidn2-3-0_rt_hdr_calb_cnrm_large__dyn__fp16_opset11_DenoiseAlpha.uasset, MMORPG-WindowsClient, 239534080, 137238528, 49947940, 46343054, 0xffe0d8d3a5c9d079cf8a26e53d6cf886512fcc11, ExportBundleData, , MMORPG, WindowsClient, Base, Installed, 0, 137238528
1314, a8fda97722bfb0e600000001, 0xE6B0BF2277A9FDA8, /Engine/EditorResources/S_TriggerCapsule, ../../../Engine/Content/EditorResources/S_TriggerCapsule.uasset, MMORPG-WindowsClient, 289538048, 183588864, 350428, 24963, 0x6f81d844cbede7b7c572855c1ed319efcfe500fb, ExportBundleData, , MMORPG, WindowsClient, Base, Installed, 0, 183588864
1315, 86f514aa5cdc08e700000001, 0xE708DC5CAA14F586, /Engine/EngineMaterials/DefaultPhysicalMaterial, ../../../Engine/Content/EngineMaterials/DefaultPhysicalMaterial.uasset, MMORPG-WindowsClient, 289931264, 183613888, 342, 342, 0xd30f03604ef11ea03ccd4b95121bb8513b07b6f8, ExportBundleData, , MMORPG, WindowsClient, Base, Installed, 0, 183613888
1316, 0125e0852ce3d3e700000001, 0xE7D3E32C85E02501, /Engine/EngineMaterials/DefaultLightFunctionMaterial, ../../../Engine/Content/EngineMaterials/DefaultLightFunctionMaterial.uasset, MMORPG-WindowsClient, 289996800, 183615488, 30603, 6548, 0x71deed19de7d1e6331b9c6b179dacaebe5692172, ExportBundleData, , MMORPG, WindowsClient, Base, Installed, 0, 183615488
1317, b7308642d62fad9300000009, 0x93AD2FD6428630B7, , <ShaderCode>, MMORPG-WindowsClient, 290062336, 183623680, 170123, 170123, 0x1f4ea4087a38b1522435e4bed212e82295d71031, ShaderCode, , MMORPG, WindowsClient, Base, Installed, 0, 183623680
1318, b60efe12572543e800000001, 0xE843255712FE0EB6, /Engine/EngineMaterials/PreintegratedSkinBRDF, ../../../Engine/Content/EngineMaterials/PreintegratedSkinBRDF.uasset, MMORPG-WindowsClient, 290258944, 183795712, 262666, 18836, 0x5f983fdff5c8946b619951942be20f9f680958fa, ExportBundleData, , MMORPG, WindowsClient, Base, Installed, 0, 183795712
1319, e6291a81a77661e900000001, 0xE96176A7811A29E6, /Engine/EngineResources/DefaultVolumeTexture, ../../../Engine/Content/EngineResources/DefaultVolumeTexture.uasset, MMORPG-WindowsClient, 290586624, 183814576, 772, 772, 0x479d12efafd8a5b3c4dd15ea374a912993d1d6e6, ExportBundleData, , MMORPG, WindowsClient, Base, Installed, 0, 183814576
1320, 96166390c994eeea00000001, 0xEAEE94C990631696, /Engine/EngineMaterials/Substrate/Volume/SubstrateSimpleVolumeLUT3D, ../../../Engine/Content/EngineMaterials/Substrate/Volume/SubstrateSimpleVolumeLUT3D.uasset, MMORPG-WindowsClient, 290652160, 183816192, 17964, 11355, 0x4b1e53f5061f502c0b0f423741dca43c90162238, ExportBundleData, , MMORPG, WindowsClient, Base, Installed, 0, 183816192
1321, b85b5715653b48ed00000001, 0xED483B6515575BB8, , ../../../Engine/Plugins/Interchange/Assets/Content/Functions/MF_Iridescence.uasset, MMORPG-WindowsClient, 290717696, 183827552, 337, 337, 0x409460cfba6da4f2719e27e78a6250f54b9db523, ExportBundleData, , MMORPG, WindowsClient, Base, Installed, 0, 183827552
1322, 880515832c2dc3ef00000001, 0xEFC32D2C83150588, /Engine/EngineResources/LandscapeVisibilityLayerInfo, ../../../Engine/Content/EngineResources/LandscapeVisibilityLayerInfo.uasset, MMORPG-WindowsClient, 290783232, 183827904, 382, 382, 0x0d6a2510982c1ab3f31db656af585d31f3ccdba5, ExportBundleData, , MMORPG, WindowsClient, Base, Installed, 0, 183827904
1323, ff5a26a059754af200000001, 0xF24A7559A0265AFF, /Engine/EditorResources/S_BoxReflectionCapture, ../../../Engine/Content/EditorResources/S_BoxReflectionCapture.uasset, MMORPG-WindowsClient, 290848768, 183828480, 350436, 7171, 0x4d6d97b405efbdadaa4de92eba61805f77dd2f0c, ExportBundleData, , MMORPG, WindowsClient, Base, Installed, 0, 183828480
1324, 641c8321450e97f400000001, 0xF4970E4521831C64, /Engine/EngineMaterials/BaseFlattenDiffuseMap, ../../../Engine/Content/EngineMaterials/BaseFlattenDiffuseMap.uasset, MMORPG-WindowsClient, 291241984, 183835680, 1457, 698, 0x48b74ba79191babe16d53036fcf5c46af3209ed3, ExportBundleData, , MMORPG, WindowsClient, Base, Installed, 0, 183835680
1325, 2c784d64921cdbf500000001, 0xF5DB1C92644D782C, , ../../../Engine/Plugins/PCG/Content/ComputeSources/PCGCS_ShaderUtilsInternal.uasset, MMORPG-WindowsClient, 291307520, 183836672, 326, 326, 0x110b0f62b955cd24a2f5065b83bca3cd7a7b9b50, ExportBundleData, , MMORPG, WindowsClient, Base, Installed, 0, 183836672
1326, b1dd9666d4d25cf600000001, 0xF65CD2D46696DDB1, /Engine/EngineMaterials/BlendFunc_DefBlend, ../../../Engine/Content/EngineMaterials/BlendFunc_DefBlend.uasset, MMORPG-WindowsClient, 291373056, 183837008, 1070, 559, 0xbb409ff1d3a71f5b4c32424e9e2cfc46b30b7ab3, ExportBundleData, , MMORPG, WindowsClient, Base, Installed, 0, 183837008
1327, 79ef7d06d8bb15f700000001, 0xF715BBD8067DEF79, , ../../../Engine/Plugins/NNE/NNEDenoiser/Content/NNE_oidn2-3-0_rt_hdr_alb_nrm__dyn__fp16_opset11_DenoiseAlpha.uasset, MMORPG-WindowsClient, 291438592, 183838720, 7401474, 6856316, 0x05bba0de4f06c429593e81d0f92253a0a5c8ce4c, ExportBundleData, , MMORPG, WindowsClient, Base, Installed, 0, 183838720
1328, 1dd3155a97c9aef900000001, 0xF9AEC9975A15D31D, , ../../../Engine/Plugins/Experimental/Water/Content/Icons/WaterSprite.uasset, MMORPG-WindowsClient, 298844160, 190697472, 66025, 6329, 0xc99bbd102c4f6c2b4de4afe87581c9e06ebc31af, ExportBundleData, , MMORPG, WindowsClient, Base, Installed, 0, 190697472
1329, e0ef79ce4ed0fff900000001, 0xF9FFD04ECE79EFE0, , ../../../Engine/Plugins/Interchange/Assets/Content/Functions/MX_OpenPBR_Translucent.uasset, MMORPG-WindowsClient, 298975232, 190703808, 477, 477, 0x09dabbf4c9ff3402870bbb4457a9919311a10356, ExportBundleData, , MMORPG, WindowsClient, Base, Installed, 0, 190703808
1330, 8a29ce7ac36582fd00000001, 0xFD8265C37ACE298A, /Engine/EngineMaterials/Substrate/Glints2/AGlintTex2dArray2, ../../../Engine/Content/EngineMaterials/Substrate/Glints2/AGlintTex2dArray2.uasset, MMORPG-WindowsClient, 299040768, 190705664, 2081585, 845742, 0x1744236de57ba94a257d547a47bd01327385ec67, ExportBundleData, , MMORPG, WindowsClient, Base, Installed, 0, 190705664
1331, cbab6b01dd8b7ffe00000001, 0xFE7F8BDD016BABCB, /Engine/EngineMaterials/DefaultBloomKernel, ../../../Engine/Content/EngineMaterials/DefaultBloomKernel.uasset, MMORPG-WindowsClient, 301137920, 191553536, 2097676, 352438, 0x7b6c37c42b3daab7a428d3c222b294e7c919443d, ExportBundleData, , MMORPG, WindowsClient, Base, Installed, 0, 191553536
1332, 56b6253ffa2eaafe00000001, 0xFEAA2EFA3F25B656, , ../../../Engine/Plugins/Interchange/Assets/Content/Substrate/MX_SimpleVolume.uasset, MMORPG-WindowsClient, 303300608, 191906240, 390, 390, 0xf60e6a56a2b3565e7ab16400451750c384261f23, ExportBundleData, , MMORPG, WindowsClient, Base, Installed, 0, 191906240
1333, 97f59ca47c7041ff00000001, 0xFF41707CA49CF597, /Engine/VREditor/Sounds/UI/Object_Snaps_To_Another_Actor, ../../../Engine/Content/VREditor/Sounds/UI/Object_Snaps_To_Another_Actor.uasset, MMORPG-WindowsClient, 303366144, 191906640, 542, 542, 0x7bae3251bdac40b66b2abd9179226c9c9d927244, ExportBundleData, , MMORPG, WindowsClient, Base, Installed, 0, 191906640
1334, b743bdd5e5df72a400000002, 0xA472DFE5D5BD43B7, /Engine/EngineMaterials/T_Default_Material_Grid_M, ../../../Engine/Content/EngineMaterials/T_Default_Material_Grid_M.ubulk, MMORPG-WindowsClient, 303431680, 191907840, 344064, 103240, 0xe0d4c0035fcae8e686e77572bb2099a56d2db6e5, BulkData, , MMORPG, WindowsClient, Base, Installed, 0, 191907840
1335, 7a7173cfb4095b9f00000002, 0x9F5B09B4CF73717A, /Engine/EngineMaterials/T_Default_Material_Grid_N, ../../../Engine/Content/EngineMaterials/T_Default_Material_Grid_N.ubulk, MMORPG-WindowsClient, 303824896, 192012288, 81920, 1276, 0x17f3b2f86a200c1bd54a565411a7e9bb8c83a83a, BulkData, , MMORPG, WindowsClient, Base, Installed, 0, 192012288
1336, 90a85c702925e60200000002, 0x2E62529705CA890, /Engine/EngineMaterials/Grid, ../../../Engine/Content/EngineMaterials/Grid.ubulk, MMORPG-WindowsClient, 303955968, 192014336, 344064, 7135, 0x336034afb05d09bfcecf9cc84ca36537a726ac55, BulkData, , MMORPG, WindowsClient, Base, Installed, 0, 192014336
1337, 7831f57ced25880600000002, 0x68825ED7CF53178, /Engine/VREditor/Sounds/UI/Selection_Changes, ../../../Engine/Content/VREditor/Sounds/UI/Selection_Changes.ubulk, MMORPG-WindowsClient, 304349184, 192022528, 6043, 4728, 0xb8e1e947ee5afa99b47fe823601a4ef8dbfb9685, BulkData, , MMORPG, WindowsClient, Base, Installed, 0, 192022528
1338, 200cd3dc0f3f673a00000002, 0x3A673F0FDCD30C20, /Engine/VREditor/LaserPointer/VR_LaserPower_01, ../../../Engine/Content/VREditor/LaserPointer/VR_LaserPower_01.ubulk, MMORPG-WindowsClient, 304414720, 192028672, 172032, 85961, 0xc9d694dea037e09088565f283283d4aa357f1007, BulkData, , MMORPG, WindowsClient, Base, Installed, 0, 192028672
1339, 4c49e9e44ce8cd0900000002, 0x9CDE84CE4E9494C, , ../../../Engine/Plugins/Experimental/Water/Content/Icons/WaterLandscapeBrushSprite.ubulk, MMORPG-WindowsClient, 304611328, 192114688, 81920, 7142, 0x0f4025216169a83be7a5ccecbaf13b18b044572b, BulkData, , MMORPG, WindowsClient, Base, Installed, 0, 192114688
1340, 7539f12095a3f0d100000002, 0xD1F0A39520F13975, /Engine/EngineMaterials/DefaultDiffuse, ../../../Engine/Content/EngineMaterials/DefaultDiffuse.ubulk, MMORPG-WindowsClient, 304742400, 192122880, 696320, 470202, 0x56f41949f053b0e0e365d2ca94c998efef5cfd9a, BulkData, , MMORPG, WindowsClient, Base, Installed, 0, 192122880
1341, 5cea311860b94ecb00000002, 0xCB4EB9601831EA5C, /Engine/EditorResources/S_Terrain, ../../../Engine/Content/EditorResources/S_Terrain.ubulk, MMORPG-WindowsClient, 305463296, 192593920, 327680, 34292, 0x6798bb091b4386135b0c16247f9e7f92f354ef2d, BulkData, , MMORPG, WindowsClient, Base, Installed, 0, 192593920
1342, 1bd46f252a7c31e500000002, 0xE5317C2A256FD41B, , ../../../MMORPG/Content/Characters/Mannequins/Textures/Manny/T_Manny_01_BN.ubulk, MMORPG-WindowsClient, 305790976, 192628736, 1392640, 977208, 0xcd4f8ccccf8323f2918f8f4f1674e94e1472923c, BulkData, , MMORPG, WindowsClient, Base, Installed, 0, 192628736
1343, b958e3c9d99b419d00000002, 0x9D419BD9C9E358B9, , ../../../MMORPG/Content/Characters/Mannequins/Textures/Manny/T_Manny_02_MRA.ubulk, MMORPG-WindowsClient, 307232768, 193607680, 696320, 284931, 0x758afbfbf855b6a15a3c1d6f7ae1c1ccb51df2c5, BulkData, , MMORPG, WindowsClient, Base, Installed, 0, 193607680
1344, 8dc57b625b9b987100000002, 0x71989B5B627BC58D, , ../../../MMORPG/Content/Characters/Mannequins/Textures/Manny/T_Manny_01_MRA.ubulk, MMORPG-WindowsClient, 307953664, 193894400, 696320, 187608, 0xf51e70f2c075fe10e476d4f8f6ccaaf48fec49f7, BulkData, , MMORPG, WindowsClient, Base, Installed, 0, 193894400
1345, 000eb6ac2e75d86b00000002, 0x6BD8752EACB60E00, , ../../../MMORPG/Content/Characters/Mannequins/Textures/Manny/T_Manny_02_BN.ubulk, MMORPG-WindowsClient, 308674560, 194082816, 1392640, 1029292, 0x5c398613cc04d72fbd2b365cddeff282bb9004e5, BulkData, , MMORPG, WindowsClient, Base, Installed, 0, 194082816
1346, 15dc988210f4f86700000002, 0x67F8F4108298DC15, , ../../../MMORPG/Content/Characters/Mannequins/Textures/Manny/T_Manny_02_D.ubulk, MMORPG-WindowsClient, 310116352, 195112960, 696320, 276958, 0xeaa998b33f002bc5090bf530caab1068716a0226, BulkData, , MMORPG, WindowsClient, Base, Installed, 0, 195112960
1347, 3d85e2a62071581500000002, 0x15587120A6E2853D, , ../../../MMORPG/Content/Characters/Mannequins/Textures/Manny/T_Manny_01_D.ubulk, MMORPG-WindowsClient, 310837248, 195391488, 696320, 196514, 0xc35e138ad0bc4283e5892c136465350c9c1734ef, BulkData, , MMORPG, WindowsClient, Base, Installed, 0, 195391488
1348, 0e746a5331df661400000002, 0x1466DF31536A740E, , ../../../Engine/Plugins/Experimental/Water/Content/Icons/WaterZoneActorSprite.ubulk, MMORPG-WindowsClient, 311558144, 195588096, 81920, 7538, 0x4858d6998e38d43dc7725be2a128718b2e403ffa, BulkData, , MMORPG, WindowsClient, Base, Installed, 0, 195588096
1349, 27d3dbbd9cb5875a00000002, 0x5A87B59CBDDBD327, , ../../../Engine/Plugins/Editor/SpeedTreeImporter/Content/SpeedTree9/game_wind_noise.ubulk, MMORPG-WindowsClient, 311689216, 195596288, 1376256, 667136, 0x18337d61aacb578b9423cd2c1167770b701598da, BulkData, , MMORPG, WindowsClient, Base, Installed, 0, 195596288
1350, 2e8e5fa17895ec2300000002, 0x23EC9578A15F8E2E, /Engine/VREditor/Sounds/UI/Object_PickUp, ../../../Engine/Content/VREditor/Sounds/UI/Object_PickUp.ubulk, MMORPG-WindowsClient, 313065472, 196263936, 13299, 12488, 0xdb66d3b37d03e753bbe9f4584184c2786b47694d, BulkData, , MMORPG, WindowsClient, Base, Installed, 0, 196263936
1351, 28ed83b8029dd22900000002, 0x29D29D02B883ED28, /Engine/EngineMaterials/BaseFlattenNormalMap_VT, ../../../Engine/Content/EngineMaterials/BaseFlattenNormalMap_VT.ubulk, MMORPG-WindowsClient, 313131008, 196276432, 147972, 133, 0xb0436af20bc5cefe6a7a030b654caa07645f85f6, BulkData, , MMORPG, WindowsClient, Base, Installed, 0, 196276432
1352, cdb6f2e8065df7c100000002, 0xC1F75D06E8F2B6CD, /Engine/EngineMaterials/InvalidLightmapSettings, ../../../Engine/Content/EngineMaterials/InvalidLightmapSettings.ubulk, MMORPG-WindowsClient, 313327616, 196278272, 172032, 10587, 0x6645d734e4f254283be1399511c046d0c24f54fe, BulkData, , MMORPG, WindowsClient, Base, Installed, 0, 196278272
1353, bd472f8cbf5f723d00000002, 0x3D725FBF8C2F47BD, /Engine/EditorResources/S_Actor, ../../../Engine/Content/EditorResources/S_Actor.ubulk, MMORPG-WindowsClient, 313524224, 196290560, 65536, 7964, 0x19f3a51b3c68ef6a19fa0b05e4b0dfae21548e43, BulkData, , MMORPG, WindowsClient, Base, Installed, 0, 196290560
1354, 2cc5808063f890db00000002, 0xDB90F8638080C52C, , ../../../Engine/Plugins/2D/Paper2D/Content/PlaceholderTextures/DummySpriteTexture.ubulk, MMORPG-WindowsClient, 313589760, 196298752, 16384, 2329, 0xcca55ddf4a47c9d2730e877747c497e763b27fce, BulkData, , MMORPG, WindowsClient, Base, Installed, 0, 196298752
1355, e742d53ef860a16500000002, 0x65A160F83ED542E7, /Engine/VREditor/Sounds/UI/Scaling_Down, ../../../Engine/Content/VREditor/Sounds/UI/Scaling_Down.ubulk, MMORPG-WindowsClient, 313655296, 196302848, 10363, 9250, 0x597c99179dff1207c839f357400709ce0aec8872, BulkData, , MMORPG, WindowsClient, Base, Installed, 0, 196302848
1356, facb7a69bd93f36600000002, 0x66F393BD697ACBFA, , ../../../Engine/Plugins/Experimental/Water/Content/Icons/WaterErrorSprite.ubulk, MMORPG-WindowsClient, 313720832, 196313088, 81920, 9213, 0x585ae1b3c77a45b813c48c37605627db98f80d3c, BulkData, , MMORPG, WindowsClient, Base, Installed, 0, 196313088
1357, ba6543c81e92e56d00000002, 0x6DE5921EC84365BA, /Engine/EditorMaterials/ParticleSystems/PSysThumbnail_NoImage, ../../../Engine/Content/EditorMaterials/ParticleSystems/PSysThumbnail_NoImage.ubulk, MMORPG-WindowsClient, 313851904, 196323328, 40960, 1490, 0x1b38ae0adc36877e99ec57887a44d58366d3990d, BulkData, , MMORPG, WindowsClient, Base, Installed, 0, 196323328
1358, d77ca907bf9be46e00000002, 0x6EE49BBF07A97CD7, /Engine/EngineMaterials/BaseFlattenEmissiveMap_VT, ../../../Engine/Content/EngineMaterials/BaseFlattenEmissiveMap_VT.ubulk, MMORPG-WindowsClient, 313917440, 196325376, 73988, 2766, 0x95df8b4dbd927938b7a5501dfb62482cbed404ae, BulkData, , MMORPG, WindowsClient, Base, Installed, 0, 196325376
1359, d620d2e7800c508700000002, 0x87500C80E7D220D6, /Engine/VREditor/Sounds/UI/Object_Snaps_To_Grid, ../../../Engine/Content/VREditor/Sounds/UI/Object_Snaps_To_Grid.ubulk, MMORPG-WindowsClient, 314048512, 196329472, 12121, 10765, 0x9e3c32ceb9947be6ded6f394e3e12888d4dd6e66, BulkData, , MMORPG, WindowsClient, Base, Installed, 0, 196329472
1360, 6baf53cf79c0948b00000002, 0x8B94C079CF53AF6B, /Engine/EngineResources/DefaultTexture, ../../../Engine/Content/EngineResources/DefaultTexture.ubulk, MMORPG-WindowsClient, 314114048, 196341760, 8192, 6032, 0x27e3b9c1b4f5b68ac919274ba572195ff5c3f5da, BulkData, , MMORPG, WindowsClient, Base, Installed, 0, 196341760
1361, adba4404ca6448ad00000002, 0xAD4864CA0444BAAD, /Engine/EngineMaterials/BaseFlattenDiffuseMap_VT, ../../../Engine/Content/EngineMaterials/BaseFlattenDiffuseMap_VT.ubulk, MMORPG-WindowsClient, 314179584, 196347904, 73988, 2766, 0x95df8b4dbd927938b7a5501dfb62482cbed404ae, BulkData, , MMORPG, WindowsClient, Base, Installed, 0, 196347904
1362, 9acae5549f0219b000000002, 0xB019029F54E5CA9A, /Engine/EditorResources/S_Trigger, ../../../Engine/Content/EditorResources/S_Trigger.ubulk, MMORPG-WindowsClient, 314310656, 196352000, 327680, 20763, 0x791d708939ef9286e7ee79b010b3691515632f10, BulkData, , MMORPG, WindowsClient, Base, Installed, 0, 196352000
1363, 5c918efb403d4bb200000002, 0xB24B3D40FB8E915C, /Engine/EditorResources/S_Solver, ../../../Engine/Content/EditorResources/S_Solver.ubulk, MMORPG-WindowsClient, 314638336, 196374528, 327680, 20367, 0x26d9561711e085ffb683f6cda4c66f7035db6a93, BulkData, , MMORPG, WindowsClient, Base, Installed, 0, 196374528
1364, 0219c3161c6d6eb200000002, 0xB26E6D1C16C31902, /Engine/EngineMaterials/BaseFlattenGrayscaleMap_VT, ../../../Engine/Content/EngineMaterials/BaseFlattenGrayscaleMap_VT.ubulk, MMORPG-WindowsClient, 314966016, 196395008, 147972, 4919, 0x3d816e0202c78c662f8d899443250fc42e2907c2, BulkData, , MMORPG, WindowsClient, Base, Installed, 0, 196395008
1365, c599b991259f3dc100000002, 0xC13D9F2591B999C5, /Engine/EngineMaterials/BaseFlattenLinearColor_VT, ../../../Engine/Content/EngineMaterials/BaseFlattenLinearColor_VT.ubulk, MMORPG-WindowsClient, 315162624, 196401152, 73988, 2643, 0x45021f5e1658415b4b21400ca825aaa50159a3e8, BulkData, , MMORPG, WindowsClient, Base, Installed, 0, 196401152
1366, 2d5d52b0905803e600000002, 0xE6035890B0525D2D, /Engine/EditorMaterials/PreviewShadowIndicator, ../../../Engine/Content/EditorMaterials/PreviewShadowIndicator.ubulk, MMORPG-WindowsClient, 315293696, 196405248, 1376256, 2528, 0x98b9e4eecf06f2e74b43beec3536e1cd02dda3c5, BulkData, , MMORPG, WindowsClient, Base, Installed, 0, 196405248
1367, 624f937426db20c500000002, 0xC520DB2674934F62, /Engine/EngineMaterials/DefaultWhiteGrid, ../../../Engine/Content/EngineMaterials/DefaultWhiteGrid.ubulk, MMORPG-WindowsClient, 316669952, 196407968, 8192, 161, 0xf6e5d402385f709c8e55a2d03311731cff66dc0d, BulkData, , MMORPG, WindowsClient, Base, Installed, 0, 196407968
1368, b3e0bd49841cdcc600000002, 0xC6DC1C8449BDE0B3, /Engine/VREditor/Sounds/UI/Gizmo_Handle_Clicked, ../../../Engine/Content/VREditor/Sounds/UI/Gizmo_Handle_Clicked.ubulk, MMORPG-WindowsClient, 316735488, 196409344, 13051, 11822, 0xbf55b0437b33d50fa61f5150f32c7fdb9531421f, BulkData, , MMORPG, WindowsClient, Base, Installed, 0, 196409344
1369, d78fa73801cc6eca00000002, 0xCA6ECC0138A78FD7, /Engine/VREditor/Sounds/UI/Scaling_Up, ../../../Engine/Content/VREditor/Sounds/UI/Scaling_Up.ubulk, MMORPG-WindowsClient, 316801024, 196421632, 10083, 9115, 0xa62a170e02290722c79becbfff803aff2a3c0c09, BulkData, , MMORPG, WindowsClient, Base, Installed, 0, 196421632
1370, 0bf1d6a9c47f8ccc00000002, 0xCC8C7FC4A9D6F10B, /Engine/EditorMaterials/ParticleSystems/PSysThumbnail_OOD, ../../../Engine/Content/EditorMaterials/ParticleSystems/PSysThumbnail_OOD.ubulk, MMORPG-WindowsClient, 316866560, 196431872, 16384, 3583, 0xf98674d73d390af8e73fe88f6192803967413b98, BulkData, , MMORPG, WindowsClient, Base, Installed, 0, 196431872
1371, 4eefe050ec0582d800000002, 0xD88205EC50E0EF4E, /Engine/EngineMaterials/Black_1x1_EXR_Texture_VT, ../../../Engine/Content/EngineMaterials/Black_1x1_EXR_Texture_VT.ubulk, MMORPG-WindowsClient, 316932096, 196435968, 1183748, 818, 0x67f193ea90d881cd8bf6174fd5a847fef6d7c383, BulkData, , MMORPG, WindowsClient, Base, Installed, 0, 196435968
1372, 6be7ed640599fdd800000002, 0xD8FD990564EDE76B, /Engine/VREditor/Sounds/UI/Drop_Item_From_ContentBrowser, ../../../Engine/Content/VREditor/Sounds/UI/Drop_Item_From_ContentBrowser.ubulk, MMORPG-WindowsClient, 318177280, 196438016, 14355, 13393, 0x1b5ae1cfb83ca87e4c2dfa7c62e460829f7c514b, BulkData, , MMORPG, WindowsClient, Base, Installed, 0, 196438016
1373, 97f59ca47c7041ff00000002, 0xFF41707CA49CF597, /Engine/VREditor/Sounds/UI/Object_Snaps_To_Another_Actor, ../../../Engine/Content/VREditor/Sounds/UI/Object_Snaps_To_Another_Actor.ubulk, MMORPG-WindowsClient, 318242816, 196452352, 14169, 13102, 0x0747cdb7181b16cfec59dacf90a24fe0bc6218d5, BulkData, , MMORPG, WindowsClient, Base, Installed, 0, 196452352
1374, 3c4cb30a9220e41800000006, 0x18E420920AB34C3C, , <ContainerHeader>, MMORPG-WindowsClient, 318308352, 196466688, 19800, 19800, 0xc0b2e004220a723d4f7b91c205788c52c6347372, ContainerHeader, , MMORPG, WindowsClient, Base, Installed, 0, 196466688
