F:\UE\LyraDocLabs\MMORPG\Saved\StagedBuilds\WindowsClient\MMORPG\Content\Paks\MMORPG-WindowsClient.pak
LogStreaming: Display: AsyncLoading2 - Created: Async Loading Thread: false, Async Post Load: false, Multithreaded: false
LogPakFile: Display: ProjectDir: ../../../Engine/Programs/UnrealPak/
LogPakFile: Display: Using command line for crypto configuration
LogPakFile: Display: Listing MMORPG-WindowsClient.pak with mount point "../../../"
LogPakFile: Display: "Engine/Config/Base.ini" offset: 0, size: 77 bytes, sha1: 9989DACADA951065D019D1C639DC0BD111AD24CD, compression: None.
LogPakFile: Display: "Engine/Config/BaseCompat.ini" offset: 2048, size: 2795 bytes, sha1: F07DB13F3218731E707D1C972033DCED48009AA4, compression: Oodle.
LogPakFile: Display: "Engine/Config/BaseDeviceProfiles.ini" offset: 6144, size: 6277 bytes, sha1: 7BD7413C3A4F7F1BA685AAF9CCC4E7AC5AAE8BD9, compression: Oodle.
LogPakFile: Display: "Engine/Config/BaseEngine.ini" offset: 14336, size: 42128 bytes, sha1: 4B05DB0DD824AE3729289B44E7779E7BD39D1C6E, compression: Oodle.
LogPakFile: Display: "Engine/Config/BaseGame.ini" offset: 57344, size: 3343 bytes, sha1: 70A851522BE4F7054A0AE9DB0244CDF0788D72E1, compression: Oodle.
LogPakFile: Display: "Engine/Config/BaseGameUserSettings.ini" offset: 60760, size: 64 bytes, sha1: E920E555442F8A0F68839146D2CA7CBB55E70AF1, compression: None.
LogPakFile: Display: "Engine/Config/BaseHardware.ini" offset: 61440, size: 595 bytes, sha1: 69CBEBD2496B594B95E0984A26D0D5E4132BEA9C, compression: Oodle.
LogPakFile: Display: "Engine/Config/BaseInput.ini" offset: 63488, size: 6094 bytes, sha1: 86A14CEF6F313A0A10DB348A6846542D155F37AB, compression: Oodle.
LogPakFile: Display: "Engine/Config/BaseInstallBundle.ini" offset: 69655, size: 246 bytes, sha1: 4926CFD5E1D71B4A6A39B1FB8E5F158F02D4916D, compression: None.
LogPakFile: Display: "Engine/Config/BaseMaterialExpressions.ini" offset: 71680, size: 6449 bytes, sha1: C8719A7FB0083A75F45C24BE3F45DD601E6FF24B, compression: Oodle.
LogPakFile: Display: "Engine/Config/BaseRuntimeOptions.ini" offset: 78218, size: 40 bytes, sha1: DBAFFC1DC68B477D7B86F55927EE9D7888943C89, compression: None.
LogPakFile: Display: "Engine/Config/BaseScalability.ini" offset: 79872, size: 4305 bytes, sha1: 3E35BFBC17B7DFB123F637D889334223DDD71AC5, compression: Oodle.
LogPakFile: Display: "Engine/Config/ConfigRedirects.ini" offset: 84250, size: 827 bytes, sha1: 03CE8E6900D5E463CAE51B5934483DB36CE425BF, compression: None.
LogPakFile: Display: "Engine/Config/ConsoleVariables.ini" offset: 85130, size: 161 bytes, sha1: 9B0E03751321E54043F3D2BE1C96B1D73F77D049, compression: None.
LogPakFile: Display: "Engine/Config/DefaultEngine.ini" offset: 85344, size: 3 bytes, sha1: 57218C316B6921E2CD61027A2387EDC31A2D9471, compression: None.
LogPakFile: Display: "Engine/Config/Layouts/DefaultLayout.ini" offset: 86016, size: 894 bytes, sha1: F61B66060438F9A498875120B264A77B0DCB9EFD, compression: Oodle.
LogPakFile: Display: "Engine/Config/Layouts/UE4ClassicLayout.ini" offset: 88064, size: 1237 bytes, sha1: 3538ED056A25B473F44AD659F48EBFE8684F0277, compression: Oodle.
LogPakFile: Display: "Engine/Config/PluginBase.ini" offset: 89374, size: 77 bytes, sha1: 9E2CE99A08F50AAAE7F9D9A01FDE1D6A05287CAA, compression: None.
LogPakFile: Display: "Engine/Config/VulkanPC/DataDrivenPlatformInfo.ini" offset: 90112, size: 1620 bytes, sha1: B121855A5460A27CB1DAB61793A9D2511B7561E6, compression: Oodle.
LogPakFile: Display: "Engine/Config/Windows/BaseWindowsEngine.ini" offset: 92160, size: 882 bytes, sha1: 96E5EB99543395CFC0568A2B85BFA78905AD9C33, compression: Oodle.
LogPakFile: Display: "Engine/Config/Windows/BaseWindowsGame.ini" offset: 93115, size: 75 bytes, sha1: C352293C9A021A7694283A8C919C77438403C88C, compression: None.
LogPakFile: Display: "Engine/Config/Windows/BaseWindowsInput.ini" offset: 93243, size: 111 bytes, sha1: 63B94F988AADC0AAEB3CFF7B9427F3727F62F15E, compression: None.
LogPakFile: Display: "Engine/Config/Windows/DataDrivenPlatformInfo.ini" offset: 94208, size: 1839 bytes, sha1: 98CBDC784140B2F06122D967FEA7FF08B9CE715F, compression: Oodle.
LogPakFile: Display: "Engine/Config/Windows/WindowsGame.ini" offset: 96120, size: 14 bytes, sha1: D3AF8B9ACE9DE96073A67C864CEB40AD6D309261, compression: None.
LogPakFile: Display: "Engine/Config/Windows/WindowsInput.ini" offset: 96256, size: 204 bytes, sha1: A64699A6C80AD1582E7220EEF178087AD5B613B8, compression: None.
LogPakFile: Display: "Engine/Content/EngineFonts/Faces/DroidSansFallback.ufont" offset: 98304, size: 1708240 bytes, sha1: E5EC608B1FA9839EBBE3D9F78D50965CC0BDCBAB, compression: Oodle.
LogPakFile: Display: "Engine/Content/EngineFonts/Faces/RobotoBold.ufont" offset: 1808384, size: 72207 bytes, sha1: 318C808D2E96098FB71BE2D3DDD1FE53C587ABF9, compression: Oodle.
LogPakFile: Display: "Engine/Content/EngineFonts/Faces/RobotoBoldItalic.ufont" offset: 1882112, size: 75796 bytes, sha1: D3F0B2D264A057C0C3CEF5CC6AEF03533788A6C5, compression: Oodle.
LogPakFile: Display: "Engine/Content/EngineFonts/Faces/RobotoItalic.ufont" offset: 1959936, size: 73122 bytes, sha1: A9D1B95E0CDEA4FBBA84BC985ED9EE4BDD674765, compression: Oodle.
LogPakFile: Display: "Engine/Content/EngineFonts/Faces/RobotoLight.ufont" offset: 2033664, size: 89383 bytes, sha1: 1E12DDC52BFD4CD840DD40588789206060639A08, compression: Oodle.
LogPakFile: Display: "Engine/Content/EngineFonts/Faces/RobotoRegular.ufont" offset: 2123776, size: 70638 bytes, sha1: DF472D0ABBA24BE7A44463E2A047576F0F1C7427, compression: Oodle.
LogPakFile: Display: "Engine/Content/Internationalization/icudt64l/brkitr/char.brk" offset: 2195456, size: 2814 bytes, sha1: F5B1C18304F54C146FC3377D72685282D05B42A7, compression: Oodle.
LogPakFile: Display: "Engine/Content/Internationalization/icudt64l/brkitr/cjdict.dict" offset: 2199552, size: 1575958 bytes, sha1: F9DEB1BB730FC492F0566F581DA178B12AC88992, compression: Oodle.
LogPakFile: Display: "Engine/Content/Internationalization/icudt64l/brkitr/de.res" offset: 3776512, size: 1538 bytes, sha1: 7B4D6D428723D9E7D69F08ED42BC7FD7E726D4CE, compression: Oodle.
LogPakFile: Display: "Engine/Content/Internationalization/icudt64l/brkitr/en.res" offset: 3778560, size: 943 bytes, sha1: 5E64818FA6AAC951EDA96D645F093BC3A0D92C32, compression: Oodle.
LogPakFile: Display: "Engine/Content/Internationalization/icudt64l/brkitr/en_US.res" offset: 3779576, size: 100 bytes, sha1: 5B59504CCCC2A557A39AB15BFFAC0270D4E4014A, compression: None.
LogPakFile: Display: "Engine/Content/Internationalization/icudt64l/brkitr/en_US_POSIX.res" offset: 3779729, size: 188 bytes, sha1: 03E406D1A215684E8A14C28C4046002F9249E59C, compression: None.
LogPakFile: Display: "Engine/Content/Internationalization/icudt64l/brkitr/es.res" offset: 3780608, size: 1046 bytes, sha1: EED90790EAD468B6E1DDED57E4E59CACC71F43DC, compression: Oodle.
LogPakFile: Display: "Engine/Content/Internationalization/icudt64l/brkitr/fr.res" offset: 3781727, size: 653 bytes, sha1: FD9EF8413FAA978A31D8447D29005E03FDDC889D, compression: Oodle.
LogPakFile: Display: "Engine/Content/Internationalization/icudt64l/brkitr/it.res" offset: 3782656, size: 712 bytes, sha1: 3286BAEB9407AEA5FD5DB4BAF1523F2CB78BC686, compression: None.
LogPakFile: Display: "Engine/Content/Internationalization/icudt64l/brkitr/ja.res" offset: 3783421, size: 336 bytes, sha1: E14E6433F2389A953F9D18D2F7BF817D4E10400A, compression: None.
LogPakFile: Display: "Engine/Content/Internationalization/icudt64l/brkitr/line.brk" offset: 3784704, size: 6368 bytes, sha1: 96751A15E152D34EEADFCBA45A70A55A81C225D4, compression: Oodle.
LogPakFile: Display: "Engine/Content/Internationalization/icudt64l/brkitr/line_cj.brk" offset: 3792896, size: 6405 bytes, sha1: 53B28273066F6AFE85403DD68819E394FAC18DD8, compression: Oodle.
LogPakFile: Display: "Engine/Content/Internationalization/icudt64l/brkitr/line_loose.brk" offset: 3801088, size: 6394 bytes, sha1: 1F83C1F3982A8707BA7BD3ABDA3C512244CE2D57, compression: Oodle.
LogPakFile: Display: "Engine/Content/Internationalization/icudt64l/brkitr/line_loose_cj.brk" offset: 3809280, size: 6644 bytes, sha1: 8F99FCCF84EA161B678DC1B0957824D6502766A9, compression: Oodle.
LogPakFile: Display: "Engine/Content/Internationalization/icudt64l/brkitr/line_normal.brk" offset: 3817472, size: 6332 bytes, sha1: D9145119BD5236C5E69808E7E49D11455AA9E1C4, compression: Oodle.
LogPakFile: Display: "Engine/Content/Internationalization/icudt64l/brkitr/line_normal_cj.brk" offset: 3825664, size: 6497 bytes, sha1: BC348BEEF2CF8F5157F138EBE83728E75C264195, compression: Oodle.
LogPakFile: Display: "Engine/Content/Internationalization/icudt64l/brkitr/root.res" offset: 3832234, size: 660 bytes, sha1: DF18DBC09EE192D46D05CA4989156AC598FC12D7, compression: None.
LogPakFile: Display: "Engine/Content/Internationalization/icudt64l/brkitr/sent.brk" offset: 3833856, size: 4848 bytes, sha1: 46587DF8FF888C6E442F5A1B7C5C860B79977872, compression: Oodle.
LogPakFile: Display: "Engine/Content/Internationalization/icudt64l/brkitr/sent_el.brk" offset: 3840000, size: 4884 bytes, sha1: B9E4E1621CFF8471901E2DF9D9EFACD76EF42CC0, compression: Oodle.
LogPakFile: Display: "Engine/Content/Internationalization/icudt64l/brkitr/title.brk" offset: 3846144, size: 2463 bytes, sha1: 16F4BC9E0B5F0D3BB31A9BB49929FCB2C1DC405A, compression: Oodle.
LogPakFile: Display: "Engine/Content/Internationalization/icudt64l/brkitr/word.brk" offset: 3850240, size: 5592 bytes, sha1: 359AB6EA65CCE041ACE964412D7E792DEB619672, compression: Oodle.
LogPakFile: Display: "Engine/Content/Internationalization/icudt64l/brkitr/word_POSIX.brk" offset: 3856384, size: 5634 bytes, sha1: 3A413029AB8C001E4D00C9AB0F6C751C446888B4, compression: Oodle.
LogPakFile: Display: "Engine/Content/Internationalization/icudt64l/brkitr/zh.res" offset: 3862091, size: 304 bytes, sha1: F588A4754B7145DB8307DF9FD9E2233E6D61FDEC, compression: None.
LogPakFile: Display: "Engine/Content/Internationalization/icudt64l/brkitr/zh_Hant.res" offset: 3862528, size: 304 bytes, sha1: B0A05BFB176FA5A2DF5CAC10E92D9E912344321B, compression: None.
LogPakFile: Display: "Engine/Content/Internationalization/icudt64l/cnvalias.icu" offset: 3864576, size: 27465 bytes, sha1: B8B7C0716F1929AB5632329F8DE2FD740073FFF5, compression: Oodle.
LogPakFile: Display: "Engine/Content/Internationalization/icudt64l/coll/de.res" offset: 3893248, size: 3250 bytes, sha1: 6CD070B9AE7F33B6ED7DFFA8BE1ECF9434907889, compression: Oodle.
LogPakFile: Display: "Engine/Content/Internationalization/icudt64l/coll/de_.res" offset: 3896571, size: 76 bytes, sha1: 73A290ECC02BE29B6E9DEDD1DDE7B0633CB5D5A8, compression: None.
LogPakFile: Display: "Engine/Content/Internationalization/icudt64l/coll/de__PHONEBOOK.res" offset: 3896700, size: 120 bytes, sha1: F9D6E19FC47130AA984B7D33C92C220D739453F0, compression: None.
LogPakFile: Display: "Engine/Content/Internationalization/icudt64l/coll/de_AT.res" offset: 3897344, size: 2187 bytes, sha1: D682D049518BAE51D3D5F0218B1FD313BD278272, compression: Oodle.
LogPakFile: Display: "Engine/Content/Internationalization/icudt64l/coll/en.res" offset: 3899604, size: 100 bytes, sha1: 5B59504CCCC2A557A39AB15BFFAC0270D4E4014A, compression: None.
LogPakFile: Display: "Engine/Content/Internationalization/icudt64l/coll/en_US.res" offset: 3899757, size: 100 bytes, sha1: 5B59504CCCC2A557A39AB15BFFAC0270D4E4014A, compression: None.
LogPakFile: Display: "Engine/Content/Internationalization/icudt64l/coll/en_US_POSIX.res" offset: 3901440, size: 2901 bytes, sha1: F29C5D15CC7C41BC57C015BD9674558D0580D65C, compression: Oodle.
LogPakFile: Display: "Engine/Content/Internationalization/icudt64l/coll/es.res" offset: 3905536, size: 3716 bytes, sha1: C697B484603105587166B77407E4159C765ACDAE, compression: Oodle.
LogPakFile: Display: "Engine/Content/Internationalization/icudt64l/coll/es_.res" offset: 3909325, size: 76 bytes, sha1: 73A290ECC02BE29B6E9DEDD1DDE7B0633CB5D5A8, compression: None.
LogPakFile: Display: "Engine/Content/Internationalization/icudt64l/coll/es__TRADITIONAL.res" offset: 3909454, size: 124 bytes, sha1: 76C38125FEF3552CF2928475259AA0CD35AF10C1, compression: None.
LogPakFile: Display: "Engine/Content/Internationalization/icudt64l/coll/fr.res" offset: 3909632, size: 100 bytes, sha1: 5B59504CCCC2A557A39AB15BFFAC0270D4E4014A, compression: None.
LogPakFile: Display: "Engine/Content/Internationalization/icudt64l/coll/fr_CA.res" offset: 3909785, size: 252 bytes, sha1: 7156D4D3C55372EF3765D290A098EE994DF34FFE, compression: None.
LogPakFile: Display: "Engine/Content/Internationalization/icudt64l/coll/it.res" offset: 3910090, size: 100 bytes, sha1: 5B59504CCCC2A557A39AB15BFFAC0270D4E4014A, compression: None.
LogPakFile: Display: "Engine/Content/Internationalization/icudt64l/coll/ja.res" offset: 3911680, size: 47545 bytes, sha1: F41FA5BDCB21CBD2D7D9E846D69C54E73527E60F, compression: Oodle.
LogPakFile: Display: "Engine/Content/Internationalization/icudt64l/coll/ko.res" offset: 3960832, size: 83617 bytes, sha1: B1B2FA30D82FA818BE61977708BC130B2F83F601, compression: Oodle.
LogPakFile: Display: "Engine/Content/Internationalization/icudt64l/coll/root.res" offset: 4044800, size: 46549 bytes, sha1: 4B8C0088EB239504C93CF82BC5C1E42804D3590C, compression: Oodle.
LogPakFile: Display: "Engine/Content/Internationalization/icudt64l/coll/ucadata.icu" offset: 4091904, size: 123831 bytes, sha1: F6FE7CE55A183F9B1EBD447FAC9D5A6E1E128D38, compression: Oodle.
LogPakFile: Display: "Engine/Content/Internationalization/icudt64l/coll/zh.res" offset: 4216832, size: 397214 bytes, sha1: EE9E4DA2F0D00C4B63FDF9CD7B4F58DB4755B71F, compression: Oodle.
LogPakFile: Display: "Engine/Content/Internationalization/icudt64l/coll/zh_CN.res" offset: 4614343, size: 104 bytes, sha1: 5FB5162923AD2141AA9687E05D4F4CB79993D33C, compression: None.
LogPakFile: Display: "Engine/Content/Internationalization/icudt64l/coll/zh_Hans.res" offset: 4614500, size: 76 bytes, sha1: 73A290ECC02BE29B6E9DEDD1DDE7B0633CB5D5A8, compression: None.
LogPakFile: Display: "Engine/Content/Internationalization/icudt64l/coll/zh_Hans_CN.res" offset: 4614629, size: 76 bytes, sha1: 73A290ECC02BE29B6E9DEDD1DDE7B0633CB5D5A8, compression: None.
LogPakFile: Display: "Engine/Content/Internationalization/icudt64l/coll/zh_Hans_SG.res" offset: 4614758, size: 76 bytes, sha1: 73A290ECC02BE29B6E9DEDD1DDE7B0633CB5D5A8, compression: None.
LogPakFile: Display: "Engine/Content/Internationalization/icudt64l/coll/zh_Hant.res" offset: 4614887, size: 152 bytes, sha1: CE436DE298C460153DB8C4D009FED9B6C28B9EDE, compression: None.
LogPakFile: Display: "Engine/Content/Internationalization/icudt64l/coll/zh_Hant_HK.res" offset: 4615092, size: 76 bytes, sha1: 73A290ECC02BE29B6E9DEDD1DDE7B0633CB5D5A8, compression: None.
LogPakFile: Display: "Engine/Content/Internationalization/icudt64l/coll/zh_Hant_MO.res" offset: 4615221, size: 76 bytes, sha1: 73A290ECC02BE29B6E9DEDD1DDE7B0633CB5D5A8, compression: None.
LogPakFile: Display: "Engine/Content/Internationalization/icudt64l/coll/zh_Hant_TW.res" offset: 4615350, size: 76 bytes, sha1: 73A290ECC02BE29B6E9DEDD1DDE7B0633CB5D5A8, compression: None.
LogPakFile: Display: "Engine/Content/Internationalization/icudt64l/coll/zh_HK.res" offset: 4615479, size: 104 bytes, sha1: 412A1B4BDCD5038F986B3FEF3ABE047BF02987D1, compression: None.
LogPakFile: Display: "Engine/Content/Internationalization/icudt64l/coll/zh_MO.res" offset: 4615636, size: 104 bytes, sha1: 84BE0E9B27DF7283CDEE0312C0990F5F5B9758A3, compression: None.
LogPakFile: Display: "Engine/Content/Internationalization/icudt64l/coll/zh_SG.res" offset: 4615793, size: 104 bytes, sha1: 80DADE2F7AE52289CF346A3B1DE99504E082D4CA, compression: None.
LogPakFile: Display: "Engine/Content/Internationalization/icudt64l/coll/zh_TW.res" offset: 4615950, size: 104 bytes, sha1: E5E64AE29C2C12298FDB3AB2935432F0F60631DE, compression: None.
LogPakFile: Display: "Engine/Content/Internationalization/icudt64l/confusables.cfu" offset: 4616192, size: 18737 bytes, sha1: BE2E84B1E8AA7BE9851BA3EF240984956F58602C, compression: Oodle.
LogPakFile: Display: "Engine/Content/Internationalization/icudt64l/curr/de.res" offset: 4636672, size: 9297 bytes, sha1: E14EEDE188619476F2CBBFC3B1AE4573E40355C4, compression: Oodle.
LogPakFile: Display: "Engine/Content/Internationalization/icudt64l/curr/de_CH.res" offset: 4646042, size: 548 bytes, sha1: FAFF3D3CCEC0ABAB624C33E581828C2BF9A3EDB1, compression: None.
LogPakFile: Display: "Engine/Content/Internationalization/icudt64l/curr/de_LI.res" offset: 4646643, size: 100 bytes, sha1: A44AC8CBB601622D4CCA167052A6F2DC178AE01B, compression: None.
LogPakFile: Display: "Engine/Content/Internationalization/icudt64l/curr/de_LU.res" offset: 4646912, size: 124 bytes, sha1: 4B01EB5971B70787ECA5B50EE43A85FF88434185, compression: None.
LogPakFile: Display: "Engine/Content/Internationalization/icudt64l/curr/en.res" offset: 4648960, size: 9968 bytes, sha1: 12231EA74A04D83C433323C41946FD5D2C3F3423, compression: Oodle.
LogPakFile: Display: "Engine/Content/Internationalization/icudt64l/curr/en_001.res" offset: 4659200, size: 492 bytes, sha1: 24CB8645185A7769FABE930A6025B1DC5FF76E73, compression: Oodle.
LogPakFile: Display: "Engine/Content/Internationalization/icudt64l/curr/en_150.res" offset: 4659765, size: 148 bytes, sha1: 5B6FB5E218D87704EAC5174567EB0B066933DFBB, compression: None.
LogPakFile: Display: "Engine/Content/Internationalization/icudt64l/curr/en_AE.res" offset: 4659966, size: 120 bytes, sha1: 2CA5535C5427901987AB3E3ED57FEED4B62A7E83, compression: None.
LogPakFile: Display: "Engine/Content/Internationalization/icudt64l/curr/en_AG.res" offset: 4660139, size: 104 bytes, sha1: 651788EA602D660FBFAE65A6FE33501AFA1246B8, compression: None.
LogPakFile: Display: "Engine/Content/Internationalization/icudt64l/curr/en_AI.res" offset: 4660296, size: 104 bytes, sha1: 651788EA602D660FBFAE65A6FE33501AFA1246B8, compression: None.
LogPakFile: Display: "Engine/Content/Internationalization/icudt64l/curr/en_AT.res" offset: 4660453, size: 80 bytes, sha1: F82255759C05FC63BE056521739AC61C93C2CEAA, compression: None.
LogPakFile: Display: "Engine/Content/Internationalization/icudt64l/curr/en_AU.res" offset: 4661248, size: 964 bytes, sha1: 3AF519121FF9AE1A0900BBC8DFC4522D79D7420A, compression: Oodle.
LogPakFile: Display: "Engine/Content/Internationalization/icudt64l/curr/en_BB.res" offset: 4662285, size: 104 bytes, sha1: BFD0B770D058F7DE27CC1778DA16A2745A2ACBB7, compression: None.
LogPakFile: Display: "Engine/Content/Internationalization/icudt64l/curr/en_BE.res" offset: 4662442, size: 80 bytes, sha1: 84F1D8FE8167AD4B5FACD891411F13F121F48090, compression: None.
LogPakFile: Display: "Engine/Content/Internationalization/icudt64l/curr/en_BI.res" offset: 4662575, size: 108 bytes, sha1: AE5AA000A0637B83BF970D1DE3388CBCCEA4FF11, compression: None.
LogPakFile: Display: "Engine/Content/Internationalization/icudt64l/curr/en_BM.res" offset: 4662736, size: 104 bytes, sha1: 18CC3391BB4193052C42F412FFF4575DFC685674, compression: None.
LogPakFile: Display: "Engine/Content/Internationalization/icudt64l/curr/en_BS.res" offset: 4662893, size: 104 bytes, sha1: 3100B3EB74415E09A8534C0960E15ED1FA9B7891, compression: None.
LogPakFile: Display: "Engine/Content/Internationalization/icudt64l/curr/en_BW.res" offset: 4663050, size: 104 bytes, sha1: A642DF71561057643061552F38457BF6357A6A2F, compression: None.
LogPakFile: Display: "Engine/Content/Internationalization/icudt64l/curr/en_BZ.res" offset: 4663296, size: 104 bytes, sha1: FC459C393785691B176BFBF0AEA0E1B3DDB050B2, compression: None.
LogPakFile: Display: "Engine/Content/Internationalization/icudt64l/curr/en_CA.res" offset: 4663453, size: 208 bytes, sha1: 2C1BD8DAE101AD74E3CC1F84965972F9EF682DFF, compression: None.
LogPakFile: Display: "Engine/Content/Internationalization/icudt64l/curr/en_CC.res" offset: 4663714, size: 104 bytes, sha1: 07A9ED1B4A9D55DEF89D282E7E6087733D629C86, compression: None.
LogPakFile: Display: "Engine/Content/Internationalization/icudt64l/curr/en_CH.res" offset: 4663871, size: 100 bytes, sha1: F79EA21A378421D83230C7F451B419470519B6BE, compression: None.
LogPakFile: Display: "Engine/Content/Internationalization/icudt64l/curr/en_CK.res" offset: 4664024, size: 104 bytes, sha1: C35B78C394D9E898E1BD8DA4481E69D6339E3F08, compression: None.
LogPakFile: Display: "Engine/Content/Internationalization/icudt64l/curr/en_CM.res" offset: 4664181, size: 80 bytes, sha1: 2CD109381D7B8A46A0A909790350F3D056095231, compression: None.
LogPakFile: Display: "Engine/Content/Internationalization/icudt64l/curr/en_CX.res" offset: 4664314, size: 104 bytes, sha1: 07A9ED1B4A9D55DEF89D282E7E6087733D629C86, compression: None.
LogPakFile: Display: "Engine/Content/Internationalization/icudt64l/curr/en_CY.res" offset: 4664471, size: 80 bytes, sha1: 2CD109381D7B8A46A0A909790350F3D056095231, compression: None.
LogPakFile: Display: "Engine/Content/Internationalization/icudt64l/curr/en_DE.res" offset: 4664604, size: 80 bytes, sha1: F82255759C05FC63BE056521739AC61C93C2CEAA, compression: None.
LogPakFile: Display: "Engine/Content/Internationalization/icudt64l/curr/en_DG.res" offset: 4664737, size: 80 bytes, sha1: 2CD109381D7B8A46A0A909790350F3D056095231, compression: None.
LogPakFile: Display: "Engine/Content/Internationalization/icudt64l/curr/en_DK.res" offset: 4664870, size: 112 bytes, sha1: 71ED457A540DA897F9FD388BFA23B6C6FAA4B81E, compression: None.
LogPakFile: Display: "Engine/Content/Internationalization/icudt64l/curr/en_DM.res" offset: 4665035, size: 104 bytes, sha1: 651788EA602D660FBFAE65A6FE33501AFA1246B8, compression: None.
LogPakFile: Display: "Engine/Content/Internationalization/icudt64l/curr/en_ER.res" offset: 4665344, size: 112 bytes, sha1: B9905F3A0C88752642F2C4CFB56B12FB21769CA0, compression: None.
LogPakFile: Display: "Engine/Content/Internationalization/icudt64l/curr/en_FI.res" offset: 4665509, size: 80 bytes, sha1: F82255759C05FC63BE056521739AC61C93C2CEAA, compression: None.
LogPakFile: Display: "Engine/Content/Internationalization/icudt64l/curr/en_FJ.res" offset: 4665642, size: 104 bytes, sha1: 4FECFD812F89E35C1317BD28180033F4025E6BAA, compression: None.
LogPakFile: Display: "Engine/Content/Internationalization/icudt64l/curr/en_FK.res" offset: 4665799, size: 120 bytes, sha1: 52BE642BD3415A8581067BF50BD21D71B59E3421, compression: None.
LogPakFile: Display: "Engine/Content/Internationalization/icudt64l/curr/en_FM.res" offset: 4665972, size: 80 bytes, sha1: 2CD109381D7B8A46A0A909790350F3D056095231, compression: None.
LogPakFile: Display: "Engine/Content/Internationalization/icudt64l/curr/en_GB.res" offset: 4666105, size: 244 bytes, sha1: 7FA7DDB0863E8FCB9F7D5599DCA3D034874FE05C, compression: None.
LogPakFile: Display: "Engine/Content/Internationalization/icudt64l/curr/en_GD.res" offset: 4666402, size: 104 bytes, sha1: 651788EA602D660FBFAE65A6FE33501AFA1246B8, compression: None.
LogPakFile: Display: "Engine/Content/Internationalization/icudt64l/curr/en_GG.res" offset: 4666559, size: 132 bytes, sha1: B53B85835C390B093090A91D63526C3E6227723F, compression: None.
LogPakFile: Display: "Engine/Content/Internationalization/icudt64l/curr/en_GH.res" offset: 4666744, size: 112 bytes, sha1: 2A5BBBE855D25AD091950E883FC956331C1F12BA, compression: None.
LogPakFile: Display: "Engine/Content/Internationalization/icudt64l/curr/en_GI.res" offset: 4666909, size: 120 bytes, sha1: A769784B0A078BD27042BBB5CF37AAECF3D7BC21, compression: None.
LogPakFile: Display: "Engine/Content/Internationalization/icudt64l/curr/en_GM.res" offset: 4667082, size: 104 bytes, sha1: D97A96AFC95FF6E3379BE83D12B42840F73C5679, compression: None.
LogPakFile: Display: "Engine/Content/Internationalization/icudt64l/curr/en_GY.res" offset: 4667392, size: 104 bytes, sha1: 8A9C5BA9B567C688005F2887CF58841187CA446C, compression: None.
LogPakFile: Display: "Engine/Content/Internationalization/icudt64l/curr/en_HK.res" offset: 4667549, size: 80 bytes, sha1: 59096368ED85C658E24F2FB91BF9CB1C990E1B2F, compression: None.
LogPakFile: Display: "Engine/Content/Internationalization/icudt64l/curr/en_IE.res" offset: 4667682, size: 80 bytes, sha1: 2CD109381D7B8A46A0A909790350F3D056095231, compression: None.
LogPakFile: Display: "Engine/Content/Internationalization/icudt64l/curr/en_IL.res" offset: 4667815, size: 80 bytes, sha1: 2CD109381D7B8A46A0A909790350F3D056095231, compression: None.
LogPakFile: Display: "Engine/Content/Internationalization/icudt64l/curr/en_IM.res" offset: 4667948, size: 132 bytes, sha1: B53B85835C390B093090A91D63526C3E6227723F, compression: None.
LogPakFile: Display: "Engine/Content/Internationalization/icudt64l/curr/en_IN.res" offset: 4668133, size: 184 bytes, sha1: A206DB3754227E7AF81CFC1E1DA1C068DDC3367A, compression: None.
LogPakFile: Display: "Engine/Content/Internationalization/icudt64l/curr/en_IO.res" offset: 4668370, size: 80 bytes, sha1: 2CD109381D7B8A46A0A909790350F3D056095231, compression: None.
LogPakFile: Display: "Engine/Content/Internationalization/icudt64l/curr/en_JE.res" offset: 4668503, size: 132 bytes, sha1: B53B85835C390B093090A91D63526C3E6227723F, compression: None.
LogPakFile: Display: "Engine/Content/Internationalization/icudt64l/curr/en_JM.res" offset: 4668688, size: 104 bytes, sha1: 2FF25E373D4FEB4CE54DE10147C55A1FA01870F7, compression: None.
LogPakFile: Display: "Engine/Content/Internationalization/icudt64l/curr/en_KE.res" offset: 4668845, size: 112 bytes, sha1: AF8796B7478231115D3535B7965A69DE26832D40, compression: None.
LogPakFile: Display: "Engine/Content/Internationalization/icudt64l/curr/en_KI.res" offset: 4669010, size: 104 bytes, sha1: 07A9ED1B4A9D55DEF89D282E7E6087733D629C86, compression: None.
LogPakFile: Display: "Engine/Content/Internationalization/icudt64l/curr/en_KN.res" offset: 4669167, size: 104 bytes, sha1: 651788EA602D660FBFAE65A6FE33501AFA1246B8, compression: None.
LogPakFile: Display: "Engine/Content/Internationalization/icudt64l/curr/en_KY.res" offset: 4669440, size: 104 bytes, sha1: 70FFA20BA5361F35A3DC891DEECF2F2CC0FD99EF, compression: None.
LogPakFile: Display: "Engine/Content/Internationalization/icudt64l/curr/en_LC.res" offset: 4669597, size: 104 bytes, sha1: 651788EA602D660FBFAE65A6FE33501AFA1246B8, compression: None.
LogPakFile: Display: "Engine/Content/Internationalization/icudt64l/curr/en_LR.res" offset: 4669754, size: 104 bytes, sha1: 9CCDECFD31DFC5086D0EF356213CBD4F8C836BA3, compression: None.
LogPakFile: Display: "Engine/Content/Internationalization/icudt64l/curr/en_LS.res" offset: 4669911, size: 104 bytes, sha1: 97B63EFBC7EB2609AB818049C76952C0435D2AFE, compression: None.
LogPakFile: Display: "Engine/Content/Internationalization/icudt64l/curr/en_MG.res" offset: 4670068, size: 104 bytes, sha1: D8DCEB5220ACB7263854C07A26DF342151B16D4B, compression: None.
LogPakFile: Display: "Engine/Content/Internationalization/icudt64l/curr/en_MO.res" offset: 4670225, size: 104 bytes, sha1: E12A685E881658F18EA7488933FBD6A8F9F8FB2C, compression: None.
LogPakFile: Display: "Engine/Content/Internationalization/icudt64l/curr/en_MS.res" offset: 4670382, size: 104 bytes, sha1: 651788EA602D660FBFAE65A6FE33501AFA1246B8, compression: None.
LogPakFile: Display: "Engine/Content/Internationalization/icudt64l/curr/en_MT.res" offset: 4670539, size: 104 bytes, sha1: AEEB9AA9D179862B9529DC8A332351BBF4B224EF, compression: None.
LogPakFile: Display: "Engine/Content/Internationalization/icudt64l/curr/en_MU.res" offset: 4670696, size: 104 bytes, sha1: 8A91155AE54543AE15B359A2724A49EDAF57B463, compression: None.
LogPakFile: Display: "Engine/Content/Internationalization/icudt64l/curr/en_MW.res" offset: 4670853, size: 104 bytes, sha1: 5698300B0A00F8A44E6C9C102E28E71B6DA7BC95, compression: None.
LogPakFile: Display: "Engine/Content/Internationalization/icudt64l/curr/en_MY.res" offset: 4671010, size: 104 bytes, sha1: A7144B614EADB393260ADD5D7C3BD607693F997E, compression: None.
LogPakFile: Display: "Engine/Content/Internationalization/icudt64l/curr/en_NA.res" offset: 4671167, size: 104 bytes, sha1: 6C70CEF3714EC288CE701386A517A3D244075896, compression: None.
LogPakFile: Display: "Engine/Content/Internationalization/icudt64l/curr/en_NF.res" offset: 4671324, size: 104 bytes, sha1: 7E70395BAB0B65482E578BA80B4CDCD73927E07A, compression: None.
LogPakFile: Display: "Engine/Content/Internationalization/icudt64l/curr/en_NG.res" offset: 4671488, size: 104 bytes, sha1: 0C5553F5053380081E398D4D40ECE49BDC9C730B, compression: None.
LogPakFile: Display: "Engine/Content/Internationalization/icudt64l/curr/en_NH.res" offset: 4671645, size: 88 bytes, sha1: D01A19167B3DB93EA851E9DEC839EB2BBD5E87D1, compression: None.
LogPakFile: Display: "Engine/Content/Internationalization/icudt64l/curr/en_NL.res" offset: 4671786, size: 80 bytes, sha1: C255B456C01409C247418327979A1E20C99E2C79, compression: None.
LogPakFile: Display: "Engine/Content/Internationalization/icudt64l/curr/en_NR.res" offset: 4671919, size: 104 bytes, sha1: 7E70395BAB0B65482E578BA80B4CDCD73927E07A, compression: None.
LogPakFile: Display: "Engine/Content/Internationalization/icudt64l/curr/en_NU.res" offset: 4672076, size: 104 bytes, sha1: 7686783AD8BED069FCDABF827AC7D86F2336940B, compression: None.
LogPakFile: Display: "Engine/Content/Internationalization/icudt64l/curr/en_NZ.res" offset: 4672233, size: 104 bytes, sha1: DC5087DE9DCFE824350082033D7AC0DCB4D322F0, compression: None.
LogPakFile: Display: "Engine/Content/Internationalization/icudt64l/curr/en_PG.res" offset: 4672390, size: 104 bytes, sha1: 6EF42CE8EE57A695414B9D68BD44F86A01679D7F, compression: None.
LogPakFile: Display: "Engine/Content/Internationalization/icudt64l/curr/en_PH.res" offset: 4672547, size: 104 bytes, sha1: 331D69CC829349942C3D345E6D484E67D8F6C50F, compression: None.
LogPakFile: Display: "Engine/Content/Internationalization/icudt64l/curr/en_PK.res" offset: 4672704, size: 104 bytes, sha1: 782154FC3CF00BD1D7079916EB0239CA38C03F72, compression: None.
LogPakFile: Display: "Engine/Content/Internationalization/icudt64l/curr/en_PN.res" offset: 4672861, size: 104 bytes, sha1: 7686783AD8BED069FCDABF827AC7D86F2336940B, compression: None.
LogPakFile: Display: "Engine/Content/Internationalization/icudt64l/curr/en_PW.res" offset: 4673018, size: 80 bytes, sha1: AB3779EE247216EAC712F158535BFF4724B5A32D, compression: None.
LogPakFile: Display: "Engine/Content/Internationalization/icudt64l/curr/en_RH.res" offset: 4673151, size: 88 bytes, sha1: D1A4DAA26C58A2E23EE630F19A3F31CA12CBAE0C, compression: None.
LogPakFile: Display: "Engine/Content/Internationalization/icudt64l/curr/en_RW.res" offset: 4673292, size: 104 bytes, sha1: 0EDB9E498752B2001D4FF247D73CB2A091E906CE, compression: None.
LogPakFile: Display: "Engine/Content/Internationalization/icudt64l/curr/en_SB.res" offset: 4673536, size: 104 bytes, sha1: F9B36C04C98AF196EABCF909A95FC6D6C2FC456A, compression: None.
LogPakFile: Display: "Engine/Content/Internationalization/icudt64l/curr/en_SC.res" offset: 4673693, size: 112 bytes, sha1: 5614A81C143CA0A55693DD3BF0DF7298E0FA0EB6, compression: None.
LogPakFile: Display: "Engine/Content/Internationalization/icudt64l/curr/en_SD.res" offset: 4673858, size: 80 bytes, sha1: AB3779EE247216EAC712F158535BFF4724B5A32D, compression: None.
LogPakFile: Display: "Engine/Content/Internationalization/icudt64l/curr/en_SE.res" offset: 4673991, size: 104 bytes, sha1: E903442CDB5367DD532A8C0F59FA85BBB825AF1C, compression: None.
LogPakFile: Display: "Engine/Content/Internationalization/icudt64l/curr/en_SG.res" offset: 4674148, size: 104 bytes, sha1: A09A064894D4F4D2DB36E5B9C1D3D4BE506A8C56, compression: None.
LogPakFile: Display: "Engine/Content/Internationalization/icudt64l/curr/en_SH.res" offset: 4674305, size: 120 bytes, sha1: 69F4518A22D794F878DF2E03523887D325AEBBDA, compression: None.
LogPakFile: Display: "Engine/Content/Internationalization/icudt64l/curr/en_SI.res" offset: 4674478, size: 80 bytes, sha1: C255B456C01409C247418327979A1E20C99E2C79, compression: None.
LogPakFile: Display: "Engine/Content/Internationalization/icudt64l/curr/en_SL.res" offset: 4674611, size: 112 bytes, sha1: E47A034C08268A69FF73203633768CF65D422EF4, compression: None.
LogPakFile: Display: "Engine/Content/Internationalization/icudt64l/curr/en_SS.res" offset: 4674776, size: 120 bytes, sha1: 47276E115446AE1F20374D497BED0FCA5756EEF4, compression: None.
LogPakFile: Display: "Engine/Content/Internationalization/icudt64l/curr/en_SX.res" offset: 4674949, size: 116 bytes, sha1: 6A0314558CDBA4FDE916B22643EE05C32E01DE37, compression: None.
LogPakFile: Display: "Engine/Content/Internationalization/icudt64l/curr/en_SZ.res" offset: 4675118, size: 104 bytes, sha1: BAC7930BEFD64C45CE1F09177977D930F764049E, compression: None.
LogPakFile: Display: "Engine/Content/Internationalization/icudt64l/curr/en_TC.res" offset: 4675275, size: 80 bytes, sha1: AB3779EE247216EAC712F158535BFF4724B5A32D, compression: None.
LogPakFile: Display: "Engine/Content/Internationalization/icudt64l/curr/en_TK.res" offset: 4675408, size: 104 bytes, sha1: 7686783AD8BED069FCDABF827AC7D86F2336940B, compression: None.
LogPakFile: Display: "Engine/Content/Internationalization/icudt64l/curr/en_TO.res" offset: 4675584, size: 104 bytes, sha1: FD4E385817FACD16E460A5F3FC73C13C888297F1, compression: None.
LogPakFile: Display: "Engine/Content/Internationalization/icudt64l/curr/en_TT.res" offset: 4675741, size: 104 bytes, sha1: 40A7A87582145F8F832A4C8B99100A972572D508, compression: None.
LogPakFile: Display: "Engine/Content/Internationalization/icudt64l/curr/en_TV.res" offset: 4675898, size: 104 bytes, sha1: 7E70395BAB0B65482E578BA80B4CDCD73927E07A, compression: None.
LogPakFile: Display: "Engine/Content/Internationalization/icudt64l/curr/en_TZ.res" offset: 4676055, size: 112 bytes, sha1: 0DCDFD59F6D0580514FD1BB0ADE66D8F7147AF02, compression: None.
LogPakFile: Display: "Engine/Content/Internationalization/icudt64l/curr/en_UG.res" offset: 4676220, size: 112 bytes, sha1: DBFE08ACBEAF33FDF3A3397CA3A9CBF2D5456BFF, compression: None.
LogPakFile: Display: "Engine/Content/Internationalization/icudt64l/curr/en_VC.res" offset: 4676385, size: 104 bytes, sha1: 15772E56E1CE6DAC862508337D4EF8DC8D079CC7, compression: None.
LogPakFile: Display: "Engine/Content/Internationalization/icudt64l/curr/en_VG.res" offset: 4676542, size: 80 bytes, sha1: AB3779EE247216EAC712F158535BFF4724B5A32D, compression: None.
LogPakFile: Display: "Engine/Content/Internationalization/icudt64l/curr/en_VU.res" offset: 4676675, size: 112 bytes, sha1: 3FA7990165088AC03C43495D86DD90C8BCBD5F93, compression: None.
LogPakFile: Display: "Engine/Content/Internationalization/icudt64l/curr/en_WS.res" offset: 4676840, size: 112 bytes, sha1: 8E40FB0595B8C0ABC223B275D6860379672B2F6C, compression: None.
LogPakFile: Display: "Engine/Content/Internationalization/icudt64l/curr/en_ZA.res" offset: 4677005, size: 104 bytes, sha1: 8F412A2B6A36AFDBB9A97AFE9407E8450A27ACAB, compression: None.
LogPakFile: Display: "Engine/Content/Internationalization/icudt64l/curr/en_ZM.res" offset: 4677162, size: 104 bytes, sha1: 01F4CB0DD5AD0620765E805F8EFB868FF5C95976, compression: None.
LogPakFile: Display: "Engine/Content/Internationalization/icudt64l/curr/en_ZW.res" offset: 4677319, size: 80 bytes, sha1: AB3779EE247216EAC712F158535BFF4724B5A32D, compression: None.
LogPakFile: Display: "Engine/Content/Internationalization/icudt64l/curr/es.res" offset: 4677632, size: 7924 bytes, sha1: E68063D579EDA5C63D6E37A8D6AE9B1C14D3D756, compression: Oodle.
LogPakFile: Display: "Engine/Content/Internationalization/icudt64l/curr/es_419.res" offset: 4685824, size: 1668 bytes, sha1: 1BD69AACB5D1152CC03F94B2A54A03D5E119EC22, compression: Oodle.
LogPakFile: Display: "Engine/Content/Internationalization/icudt64l/curr/es_AR.res" offset: 4687565, size: 132 bytes, sha1: 48C61BCD73A57CF54533162D0CA7A4B7D6E581A2, compression: None.
LogPakFile: Display: "Engine/Content/Internationalization/icudt64l/curr/es_BO.res" offset: 4687872, size: 104 bytes, sha1: B3C3F3F0D9AC0BF1B73A1AA5A4663A19C415CA40, compression: None.
LogPakFile: Display: "Engine/Content/Internationalization/icudt64l/curr/es_BR.res" offset: 4688029, size: 104 bytes, sha1: 58F9E10EB35E5734A275D37CF8573F13F5E7F66F, compression: None.
LogPakFile: Display: "Engine/Content/Internationalization/icudt64l/curr/es_BZ.res" offset: 4688186, size: 104 bytes, sha1: F51E4A5B7290A10CDEE167B4440ECDE5EF66788C, compression: None.
LogPakFile: Display: "Engine/Content/Internationalization/icudt64l/curr/es_CL.res" offset: 4688343, size: 144 bytes, sha1: BAF87CCD3397341054A1DC878533D8A080FB438A, compression: None.
LogPakFile: Display: "Engine/Content/Internationalization/icudt64l/curr/es_CO.res" offset: 4688540, size: 120 bytes, sha1: 9969DC037D4A8C352614A685A7574E3F71462409, compression: None.
LogPakFile: Display: "Engine/Content/Internationalization/icudt64l/curr/es_CR.res" offset: 4688713, size: 104 bytes, sha1: AC28F6B839A7B250C5A364866F362721ECE39E48, compression: None.
LogPakFile: Display: "Engine/Content/Internationalization/icudt64l/curr/es_CU.res" offset: 4688870, size: 120 bytes, sha1: 87E92D38AFA865FFBB0C221178D9EFCD1F5AB068, compression: None.
LogPakFile: Display: "Engine/Content/Internationalization/icudt64l/curr/es_DO.res" offset: 4689043, size: 128 bytes, sha1: 6B379AEE0D8C5FC192E552EE97AF3913C8B7F68C, compression: None.
LogPakFile: Display: "Engine/Content/Internationalization/icudt64l/curr/es_EC.res" offset: 4689224, size: 104 bytes, sha1: AA8ED9F21D2BB85935149D0DD5B2468A992C9814, compression: None.
LogPakFile: Display: "Engine/Content/Internationalization/icudt64l/curr/es_GQ.res" offset: 4689381, size: 100 bytes, sha1: 179A0CB9891296A87A6032F8655E97DF2CE58890, compression: None.
LogPakFile: Display: "Engine/Content/Internationalization/icudt64l/curr/es_GT.res" offset: 4689534, size: 196 bytes, sha1: C1B9312B8F117084FBFB0B59F656D144A351F5F8, compression: None.
LogPakFile: Display: "Engine/Content/Internationalization/icudt64l/curr/es_HN.res" offset: 4689920, size: 104 bytes, sha1: 516C781906F6EF451E63033B5B29A37025067F35, compression: None.
LogPakFile: Display: "Engine/Content/Internationalization/icudt64l/curr/es_MX.res" offset: 4690077, size: 849 bytes, sha1: 8AAD3D78633D21B09864A64FE49DB4C13D6E5EEF, compression: Oodle.
LogPakFile: Display: "Engine/Content/Internationalization/icudt64l/curr/es_NI.res" offset: 4690999, size: 104 bytes, sha1: 1C0A187BB9B2DCC56D57457F669B135497BE518B, compression: None.
LogPakFile: Display: "Engine/Content/Internationalization/icudt64l/curr/es_PA.res" offset: 4691156, size: 112 bytes, sha1: 708D9196EF2671D14631F76BE0AC351229BF27CD, compression: None.
LogPakFile: Display: "Engine/Content/Internationalization/icudt64l/curr/es_PE.res" offset: 4691321, size: 132 bytes, sha1: DB96BF8E1B6B8FD5DE90300DDD75DEE0ED3B707F, compression: None.
LogPakFile: Display: "Engine/Content/Internationalization/icudt64l/curr/es_PH.res" offset: 4691506, size: 100 bytes, sha1: E7D67435F41A61B5DACACFF5A83AB41C830452A0, compression: None.
LogPakFile: Display: "Engine/Content/Internationalization/icudt64l/curr/es_PR.res" offset: 4691659, size: 104 bytes, sha1: AA8ED9F21D2BB85935149D0DD5B2468A992C9814, compression: None.
LogPakFile: Display: "Engine/Content/Internationalization/icudt64l/curr/es_PY.res" offset: 4691968, size: 112 bytes, sha1: CF41CCDAEB6C545DC0AC89C97DBA12457484BD1A, compression: None.
LogPakFile: Display: "Engine/Content/Internationalization/icudt64l/curr/es_SV.res" offset: 4692133, size: 104 bytes, sha1: AA8ED9F21D2BB85935149D0DD5B2468A992C9814, compression: None.
LogPakFile: Display: "Engine/Content/Internationalization/icudt64l/curr/es_US.res" offset: 4692290, size: 504 bytes, sha1: 7EEA0423C456DC9688D782448CB6F06E38F27D67, compression: None.
LogPakFile: Display: "Engine/Content/Internationalization/icudt64l/curr/es_UY.res" offset: 4692847, size: 128 bytes, sha1: 19CDBD64E165AF7FB8E6FDEB9A2EDC75DA7C0423, compression: None.
LogPakFile: Display: "Engine/Content/Internationalization/icudt64l/curr/es_VE.res" offset: 4693028, size: 252 bytes, sha1: 3628B00409751C933A9EF7D40C4FD12F65DFEB6A, compression: None.
LogPakFile: Display: "Engine/Content/Internationalization/icudt64l/curr/fr.res" offset: 4694016, size: 9094 bytes, sha1: 9F63A62420DA07AA9D7FF944342C650EE7AFFB45, compression: Oodle.
LogPakFile: Display: "Engine/Content/Internationalization/icudt64l/curr/fr_BI.res" offset: 4703183, size: 108 bytes, sha1: 0DA12D0372D8C125C69AE73D023817FFE017E3B3, compression: None.
LogPakFile: Display: "Engine/Content/Internationalization/icudt64l/curr/fr_CA.res" offset: 4704256, size: 1416 bytes, sha1: 113A623F2B4F52F48447BC3C1D52446E773D9726, compression: Oodle.
LogPakFile: Display: "Engine/Content/Internationalization/icudt64l/curr/fr_CD.res" offset: 4705745, size: 108 bytes, sha1: B79B9378CB135EA68087740D2239D8FEE5637460, compression: None.
LogPakFile: Display: "Engine/Content/Internationalization/icudt64l/curr/fr_DJ.res" offset: 4705906, size: 108 bytes, sha1: F48A47EEB7B94AFD29FFA7006FE589FB4BF3AA7A, compression: None.
LogPakFile: Display: "Engine/Content/Internationalization/icudt64l/curr/fr_DZ.res" offset: 4706067, size: 108 bytes, sha1: 4C235441B4A2A39C50209E04C4277ABFD561ECB6, compression: None.
LogPakFile: Display: "Engine/Content/Internationalization/icudt64l/curr/fr_GN.res" offset: 4706304, size: 100 bytes, sha1: 7DEC9BEEF11F4C42F5C248D497427E817BDBB536, compression: None.
LogPakFile: Display: "Engine/Content/Internationalization/icudt64l/curr/fr_HT.res" offset: 4706457, size: 100 bytes, sha1: 0235EEAF7CF847B510281EBF20114DF363151A29, compression: None.
LogPakFile: Display: "Engine/Content/Internationalization/icudt64l/curr/fr_KM.res" offset: 4706610, size: 100 bytes, sha1: C3CE93367EC273597C3288F4219364ABAA1849BF, compression: None.
LogPakFile: Display: "Engine/Content/Internationalization/icudt64l/curr/fr_LU.res" offset: 4706763, size: 116 bytes, sha1: 9E41CD62ADA7938B36421E8E44079FE7827D2AFC, compression: None.
LogPakFile: Display: "Engine/Content/Internationalization/icudt64l/curr/fr_MG.res" offset: 4706932, size: 100 bytes, sha1: CB3A43EBBCBF0864520F40592484A02319ABAB9C, compression: None.
LogPakFile: Display: "Engine/Content/Internationalization/icudt64l/curr/fr_MR.res" offset: 4707085, size: 100 bytes, sha1: 7334C2CC610E161FD635078902D8807A16DCC628, compression: None.
LogPakFile: Display: "Engine/Content/Internationalization/icudt64l/curr/fr_MU.res" offset: 4707238, size: 100 bytes, sha1: E770C134C80F8EEBDF5702F5E30D22B3F9B7C06F, compression: None.
LogPakFile: Display: "Engine/Content/Internationalization/icudt64l/curr/fr_RW.res" offset: 4707391, size: 100 bytes, sha1: BC28E546B7FDFB06C56044A647148E22CA343286, compression: None.
LogPakFile: Display: "Engine/Content/Internationalization/icudt64l/curr/fr_SC.res" offset: 4707544, size: 108 bytes, sha1: 635DCDAE6B0FBC832EE868AABDC7A64FFAF6153C, compression: None.
LogPakFile: Display: "Engine/Content/Internationalization/icudt64l/curr/fr_SY.res" offset: 4707705, size: 100 bytes, sha1: E6C04C8542A2F4E1AEFB4E94DE6A9A05DC3D3DA2, compression: None.
LogPakFile: Display: "Engine/Content/Internationalization/icudt64l/curr/fr_TN.res" offset: 4707858, size: 100 bytes, sha1: 067EEABCCFE3527AC42DEA4081414A698B3307FB, compression: None.
LogPakFile: Display: "Engine/Content/Internationalization/icudt64l/curr/fr_VU.res" offset: 4708011, size: 108 bytes, sha1: 0AF42E9ABAA054D0997769B582C4120C83C9DB13, compression: None.
LogPakFile: Display: "Engine/Content/Internationalization/icudt64l/curr/it.res" offset: 4708352, size: 7526 bytes, sha1: 4134899B0144C018C68D23E83BAC3BA1E10AE970, compression: Oodle.
LogPakFile: Display: "Engine/Content/Internationalization/icudt64l/curr/ja.res" offset: 4716544, size: 7182 bytes, sha1: F523281989BF4A2FCEC1E0CCE9D2DD4648B52DEA, compression: Oodle.
LogPakFile: Display: "Engine/Content/Internationalization/icudt64l/curr/ja_JP.res" offset: 4723799, size: 76 bytes, sha1: D8279FC5C9BF6A9327E605F91472B0D9536CCEB4, compression: None.
LogPakFile: Display: "Engine/Content/Internationalization/icudt64l/curr/ja_JP_TRADITIONAL.res" offset: 4723928, size: 104 bytes, sha1: DC30A2F9DE4DAEDA2FF63F4542B6D0777CD59E51, compression: None.
LogPakFile: Display: "Engine/Content/Internationalization/icudt64l/curr/ko.res" offset: 4724736, size: 5772 bytes, sha1: D17B6F197B2DCB7EB4BDADB8C715EABD3D766E80, compression: Oodle.
LogPakFile: Display: "Engine/Content/Internationalization/icudt64l/curr/pool.res" offset: 4730880, size: 4957 bytes, sha1: 442089DB1B5299EA2D9C091F7B9E6B3E7EAE6BA0, compression: Oodle.
LogPakFile: Display: "Engine/Content/Internationalization/icudt64l/curr/root.res" offset: 4735910, size: 920 bytes, sha1: D27B6303D5630E7C8FDB0980EDBB6E768D8810D1, compression: None.
LogPakFile: Display: "Engine/Content/Internationalization/icudt64l/curr/supplementalData.res" offset: 4737024, size: 10003 bytes, sha1: E3D876EEBA9A900879C8B92D8131A7B4DBF42299, compression: Oodle.
LogPakFile: Display: "Engine/Content/Internationalization/icudt64l/curr/zh.res" offset: 4747264, size: 7085 bytes, sha1: 2A00FE98F47C910A17CDDA1B4A3EE7AA95B6C2C5, compression: Oodle.
LogPakFile: Display: "Engine/Content/Internationalization/icudt64l/curr/zh_CN.res" offset: 4754422, size: 100 bytes, sha1: DD55A5CD423D91CAAB5497F2FE51E4DD9DDB7E97, compression: None.
LogPakFile: Display: "Engine/Content/Internationalization/icudt64l/curr/zh_Hans.res" offset: 4754575, size: 76 bytes, sha1: 0D108A33CD9D083E0B64D386189E320A8688C379, compression: None.
LogPakFile: Display: "Engine/Content/Internationalization/icudt64l/curr/zh_Hans_CN.res" offset: 4754704, size: 76 bytes, sha1: D8279FC5C9BF6A9327E605F91472B0D9536CCEB4, compression: None.
LogPakFile: Display: "Engine/Content/Internationalization/icudt64l/curr/zh_Hans_HK.res" offset: 4754833, size: 188 bytes, sha1: FE4FCB83A650F5B7B8AEDBCCF901435ECD65A885, compression: None.
LogPakFile: Display: "Engine/Content/Internationalization/icudt64l/curr/zh_Hans_MO.res" offset: 4755074, size: 200 bytes, sha1: 6AF241F2286C7C2E8B13E41CBE991B0C6E9934D0, compression: None.
LogPakFile: Display: "Engine/Content/Internationalization/icudt64l/curr/zh_Hans_SG.res" offset: 4755456, size: 192 bytes, sha1: 038052FBDE249F4EE7BE794F122DD427054DF4EE, compression: None.
LogPakFile: Display: "Engine/Content/Internationalization/icudt64l/curr/zh_Hant.res" offset: 4757504, size: 7075 bytes, sha1: 3A232BDA64F3F7DF893DDFCE2D66C37012C22BAE, compression: Oodle.
LogPakFile: Display: "Engine/Content/Internationalization/icudt64l/curr/zh_Hant_HK.res" offset: 4765696, size: 1779 bytes, sha1: 84E5CADCAB591BFE060A532B65A3BE46DC65ADC1, compression: Oodle.
LogPakFile: Display: "Engine/Content/Internationalization/icudt64l/curr/zh_Hant_MO.res" offset: 4767548, size: 112 bytes, sha1: B98C909CD45FABE7AA82BC5FD4758ED429606E36, compression: None.
LogPakFile: Display: "Engine/Content/Internationalization/icudt64l/curr/zh_Hant_TW.res" offset: 4767744, size: 76 bytes, sha1: D8279FC5C9BF6A9327E605F91472B0D9536CCEB4, compression: None.
LogPakFile: Display: "Engine/Content/Internationalization/icudt64l/curr/zh_HK.res" offset: 4767873, size: 76 bytes, sha1: E878B493D4FB2B0B4258A14886FF6286E0C13D42, compression: None.
LogPakFile: Display: "Engine/Content/Internationalization/icudt64l/curr/zh_MO.res" offset: 4768002, size: 100 bytes, sha1: 71D421DFD89803148A2BABE8481531024093A94D, compression: None.
LogPakFile: Display: "Engine/Content/Internationalization/icudt64l/curr/zh_SG.res" offset: 4768155, size: 100 bytes, sha1: 752E03C10E9456F2601AAB8ADE5704F46E39C488, compression: None.
LogPakFile: Display: "Engine/Content/Internationalization/icudt64l/curr/zh_TW.res" offset: 4768308, size: 100 bytes, sha1: 3833FDCF682E82DA5F93C222312E879FD975FAE7, compression: None.
LogPakFile: Display: "Engine/Content/Internationalization/icudt64l/currencyNumericCodes.res" offset: 4769792, size: 1261 bytes, sha1: CA982A8BF1EB242999841C7417564B3014AABA29, compression: Oodle.
LogPakFile: Display: "Engine/Content/Internationalization/icudt64l/dayPeriods.res" offset: 4771840, size: 4317 bytes, sha1: EA835E0276E04C4990ABA26E7D07F6F62099DF94, compression: Oodle.
LogPakFile: Display: "Engine/Content/Internationalization/icudt64l/de.res" offset: 4777984, size: 7331 bytes, sha1: 0184159AC239B8C7AF5D01CA72F4D3D76F6BADDE, compression: Oodle.
LogPakFile: Display: "Engine/Content/Internationalization/icudt64l/de_AT.res" offset: 4785388, size: 732 bytes, sha1: 71617C05BDA1D3E91D138A6A3750A8162A1FFEC0, compression: None.
LogPakFile: Display: "Engine/Content/Internationalization/icudt64l/de_BE.res" offset: 4786176, size: 76 bytes, sha1: B77C478D8ADAC8CF0282CC9229C4A3D99B76D03E, compression: None.
LogPakFile: Display: "Engine/Content/Internationalization/icudt64l/de_CH.res" offset: 4786305, size: 752 bytes, sha1: C60C2CF66ACF30C914E01924AE467FA306403A5D, compression: None.
LogPakFile: Display: "Engine/Content/Internationalization/icudt64l/de_DE.res" offset: 4787110, size: 76 bytes, sha1: B77C478D8ADAC8CF0282CC9229C4A3D99B76D03E, compression: None.
LogPakFile: Display: "Engine/Content/Internationalization/icudt64l/de_IT.res" offset: 4787239, size: 320 bytes, sha1: 5967C9C79B60C7C5D01DA8DB582D3005E493AAEE, compression: None.
LogPakFile: Display: "Engine/Content/Internationalization/icudt64l/de_LI.res" offset: 4787612, size: 200 bytes, sha1: F77BE52229FF303CE298770679D4529FDE204770, compression: None.
LogPakFile: Display: "Engine/Content/Internationalization/icudt64l/de_LU.res" offset: 4787865, size: 148 bytes, sha1: 34F6D85E36C4061D2180FAA10E83184A937264BD, compression: None.
LogPakFile: Display: "Engine/Content/Internationalization/icudt64l/en.res" offset: 4788224, size: 5557 bytes, sha1: 56D3875FB54FA461C08BC10F4FDB1DF37C7CAA86, compression: Oodle.
LogPakFile: Display: "Engine/Content/Internationalization/icudt64l/en_001.res" offset: 4794368, size: 1621 bytes, sha1: CD494519CF20B699C01E7B95FA95703371EF7BE4, compression: Oodle.
LogPakFile: Display: "Engine/Content/Internationalization/icudt64l/en_150.res" offset: 4796062, size: 168 bytes, sha1: A1AB3176155314F17C8AEC5DA5DCED7794A722F1, compression: None.
LogPakFile: Display: "Engine/Content/Internationalization/icudt64l/en_AE.res" offset: 4796416, size: 996 bytes, sha1: 35AF9F3AD0C1D9A3F3CE31936A3C03EF49C8158C, compression: None.
LogPakFile: Display: "Engine/Content/Internationalization/icudt64l/en_AG.res" offset: 4797465, size: 80 bytes, sha1: 69C718C7C1CD352F0D8D08E204E801FF65686FD4, compression: None.
LogPakFile: Display: "Engine/Content/Internationalization/icudt64l/en_AI.res" offset: 4797598, size: 136 bytes, sha1: 4186DC76A4B3A96A8279FFBC0CF666670AAA0304, compression: None.
LogPakFile: Display: "Engine/Content/Internationalization/icudt64l/en_AS.res" offset: 4797787, size: 76 bytes, sha1: B77C478D8ADAC8CF0282CC9229C4A3D99B76D03E, compression: None.
LogPakFile: Display: "Engine/Content/Internationalization/icudt64l/en_AT.res" offset: 4797916, size: 148 bytes, sha1: 4638BCB52DEB480FE5697EC4B37377E46A375734, compression: None.
LogPakFile: Display: "Engine/Content/Internationalization/icudt64l/en_AU.res" offset: 4798464, size: 1468 bytes, sha1: DDCCA5856AF7E4919E185B3C0B54082519088D6E, compression: Oodle.
LogPakFile: Display: "Engine/Content/Internationalization/icudt64l/en_BB.res" offset: 4800005, size: 80 bytes, sha1: 69C718C7C1CD352F0D8D08E204E801FF65686FD4, compression: None.
LogPakFile: Display: "Engine/Content/Internationalization/icudt64l/en_BE.res" offset: 4800138, size: 260 bytes, sha1: 5B9ACBA46C3667B0B6869DBB4035A9557C0349FA, compression: None.
LogPakFile: Display: "Engine/Content/Internationalization/icudt64l/en_BI.res" offset: 4800512, size: 144 bytes, sha1: F4FC5BD8C34D418CFBB9271C921470BBF9094325, compression: None.
LogPakFile: Display: "Engine/Content/Internationalization/icudt64l/en_BM.res" offset: 4800709, size: 80 bytes, sha1: 69C718C7C1CD352F0D8D08E204E801FF65686FD4, compression: None.
LogPakFile: Display: "Engine/Content/Internationalization/icudt64l/en_BS.res" offset: 4800842, size: 80 bytes, sha1: 69C718C7C1CD352F0D8D08E204E801FF65686FD4, compression: None.
LogPakFile: Display: "Engine/Content/Internationalization/icudt64l/en_BW.res" offset: 4800975, size: 260 bytes, sha1: 48BD7885C1AFD5D9B6493FE81E2157EDCDDDBD39, compression: None.
LogPakFile: Display: "Engine/Content/Internationalization/icudt64l/en_BZ.res" offset: 4801288, size: 244 bytes, sha1: 32C0C775766C976FF0408072C327FABF37E9F954, compression: None.
LogPakFile: Display: "Engine/Content/Internationalization/icudt64l/en_CA.res" offset: 4802560, size: 1821 bytes, sha1: 6AA1D4BF9BE829D0956C4129C6951EA8A50BFD76, compression: Oodle.
LogPakFile: Display: "Engine/Content/Internationalization/icudt64l/en_CC.res" offset: 4804608, size: 136 bytes, sha1: 4186DC76A4B3A96A8279FFBC0CF666670AAA0304, compression: None.
LogPakFile: Display: "Engine/Content/Internationalization/icudt64l/en_CH.res" offset: 4804797, size: 160 bytes, sha1: 77162554DA30441DFA4107E299915DF46BD7C6DD, compression: None.
LogPakFile: Display: "Engine/Content/Internationalization/icudt64l/en_CK.res" offset: 4805010, size: 136 bytes, sha1: 4186DC76A4B3A96A8279FFBC0CF666670AAA0304, compression: None.
LogPakFile: Display: "Engine/Content/Internationalization/icudt64l/en_CM.res" offset: 4805199, size: 136 bytes, sha1: 4186DC76A4B3A96A8279FFBC0CF666670AAA0304, compression: None.
LogPakFile: Display: "Engine/Content/Internationalization/icudt64l/en_CX.res" offset: 4805388, size: 136 bytes, sha1: 4186DC76A4B3A96A8279FFBC0CF666670AAA0304, compression: None.
LogPakFile: Display: "Engine/Content/Internationalization/icudt64l/en_CY.res" offset: 4805577, size: 80 bytes, sha1: 69C718C7C1CD352F0D8D08E204E801FF65686FD4, compression: None.
LogPakFile: Display: "Engine/Content/Internationalization/icudt64l/en_DE.res" offset: 4805710, size: 140 bytes, sha1: 2BF287C233F36F8FA18B9D809B3713AC76B11544, compression: None.
LogPakFile: Display: "Engine/Content/Internationalization/icudt64l/en_DG.res" offset: 4805903, size: 136 bytes, sha1: 4186DC76A4B3A96A8279FFBC0CF666670AAA0304, compression: None.
LogPakFile: Display: "Engine/Content/Internationalization/icudt64l/en_DK.res" offset: 4806092, size: 416 bytes, sha1: 1E37F69933FC1A2DD4F359EF98095CD194CD7C2E, compression: None.
LogPakFile: Display: "Engine/Content/Internationalization/icudt64l/en_DM.res" offset: 4806656, size: 80 bytes, sha1: 69C718C7C1CD352F0D8D08E204E801FF65686FD4, compression: None.
LogPakFile: Display: "Engine/Content/Internationalization/icudt64l/en_ER.res" offset: 4806789, size: 80 bytes, sha1: 69C718C7C1CD352F0D8D08E204E801FF65686FD4, compression: None.
LogPakFile: Display: "Engine/Content/Internationalization/icudt64l/en_FI.res" offset: 4806922, size: 408 bytes, sha1: A34C53B580E5F3C177F5842341E1B0BDDB8F916A, compression: None.
LogPakFile: Display: "Engine/Content/Internationalization/icudt64l/en_FJ.res" offset: 4807383, size: 80 bytes, sha1: 69C718C7C1CD352F0D8D08E204E801FF65686FD4, compression: None.
LogPakFile: Display: "Engine/Content/Internationalization/icudt64l/en_FK.res" offset: 4807516, size: 136 bytes, sha1: 4186DC76A4B3A96A8279FFBC0CF666670AAA0304, compression: None.
LogPakFile: Display: "Engine/Content/Internationalization/icudt64l/en_FM.res" offset: 4807705, size: 80 bytes, sha1: 69C718C7C1CD352F0D8D08E204E801FF65686FD4, compression: None.
LogPakFile: Display: "Engine/Content/Internationalization/icudt64l/en_GB.res" offset: 4807838, size: 700 bytes, sha1: E2DFDA8DFC37EB0369E451DCBD7900B867B0241E, compression: None.
LogPakFile: Display: "Engine/Content/Internationalization/icudt64l/en_GD.res" offset: 4808704, size: 80 bytes, sha1: 69C718C7C1CD352F0D8D08E204E801FF65686FD4, compression: None.
LogPakFile: Display: "Engine/Content/Internationalization/icudt64l/en_GG.res" offset: 4808837, size: 136 bytes, sha1: 4186DC76A4B3A96A8279FFBC0CF666670AAA0304, compression: None.
LogPakFile: Display: "Engine/Content/Internationalization/icudt64l/en_GH.res" offset: 4809026, size: 80 bytes, sha1: 69C718C7C1CD352F0D8D08E204E801FF65686FD4, compression: None.
LogPakFile: Display: "Engine/Content/Internationalization/icudt64l/en_GI.res" offset: 4809159, size: 136 bytes, sha1: 4186DC76A4B3A96A8279FFBC0CF666670AAA0304, compression: None.
LogPakFile: Display: "Engine/Content/Internationalization/icudt64l/en_GM.res" offset: 4809348, size: 80 bytes, sha1: 69C718C7C1CD352F0D8D08E204E801FF65686FD4, compression: None.
LogPakFile: Display: "Engine/Content/Internationalization/icudt64l/en_GU.res" offset: 4809481, size: 76 bytes, sha1: B77C478D8ADAC8CF0282CC9229C4A3D99B76D03E, compression: None.
LogPakFile: Display: "Engine/Content/Internationalization/icudt64l/en_GY.res" offset: 4809610, size: 80 bytes, sha1: 69C718C7C1CD352F0D8D08E204E801FF65686FD4, compression: None.
LogPakFile: Display: "Engine/Content/Internationalization/icudt64l/en_HK.res" offset: 4809743, size: 648 bytes, sha1: 567A8F44CDADD673E6F9793BC102AA7DB2E9B04C, compression: None.
LogPakFile: Display: "Engine/Content/Internationalization/icudt64l/en_IE.res" offset: 4810752, size: 380 bytes, sha1: D370C71D154AC7F93A011B2D5CC12CF6515C6320, compression: None.
LogPakFile: Display: "Engine/Content/Internationalization/icudt64l/en_IL.res" offset: 4811185, size: 236 bytes, sha1: CD3DB346FE4775F2444A65F3425C27EE09E2D8EA, compression: None.
LogPakFile: Display: "Engine/Content/Internationalization/icudt64l/en_IM.res" offset: 4811474, size: 136 bytes, sha1: 4186DC76A4B3A96A8279FFBC0CF666670AAA0304, compression: None.
LogPakFile: Display: "Engine/Content/Internationalization/icudt64l/en_IN.res" offset: 4811663, size: 743 bytes, sha1: 12E745DDE33C1ADBD87330DB45469E3E72059051, compression: Oodle.
LogPakFile: Display: "Engine/Content/Internationalization/icudt64l/en_IO.res" offset: 4812479, size: 136 bytes, sha1: 4186DC76A4B3A96A8279FFBC0CF666670AAA0304, compression: None.
LogPakFile: Display: "Engine/Content/Internationalization/icudt64l/en_JE.res" offset: 4812800, size: 136 bytes, sha1: 4186DC76A4B3A96A8279FFBC0CF666670AAA0304, compression: None.
LogPakFile: Display: "Engine/Content/Internationalization/icudt64l/en_JM.res" offset: 4812989, size: 80 bytes, sha1: 69C718C7C1CD352F0D8D08E204E801FF65686FD4, compression: None.
LogPakFile: Display: "Engine/Content/Internationalization/icudt64l/en_KE.res" offset: 4813122, size: 136 bytes, sha1: 4186DC76A4B3A96A8279FFBC0CF666670AAA0304, compression: None.
LogPakFile: Display: "Engine/Content/Internationalization/icudt64l/en_KI.res" offset: 4813311, size: 80 bytes, sha1: 69C718C7C1CD352F0D8D08E204E801FF65686FD4, compression: None.
LogPakFile: Display: "Engine/Content/Internationalization/icudt64l/en_KN.res" offset: 4813444, size: 80 bytes, sha1: 69C718C7C1CD352F0D8D08E204E801FF65686FD4, compression: None.
LogPakFile: Display: "Engine/Content/Internationalization/icudt64l/en_KY.res" offset: 4813577, size: 80 bytes, sha1: 69C718C7C1CD352F0D8D08E204E801FF65686FD4, compression: None.
LogPakFile: Display: "Engine/Content/Internationalization/icudt64l/en_LC.res" offset: 4813710, size: 80 bytes, sha1: 69C718C7C1CD352F0D8D08E204E801FF65686FD4, compression: None.
LogPakFile: Display: "Engine/Content/Internationalization/icudt64l/en_LR.res" offset: 4813843, size: 80 bytes, sha1: 69C718C7C1CD352F0D8D08E204E801FF65686FD4, compression: None.
LogPakFile: Display: "Engine/Content/Internationalization/icudt64l/en_LS.res" offset: 4813976, size: 80 bytes, sha1: 69C718C7C1CD352F0D8D08E204E801FF65686FD4, compression: None.
LogPakFile: Display: "Engine/Content/Internationalization/icudt64l/en_MG.res" offset: 4814109, size: 136 bytes, sha1: 4186DC76A4B3A96A8279FFBC0CF666670AAA0304, compression: None.
LogPakFile: Display: "Engine/Content/Internationalization/icudt64l/en_MH.res" offset: 4814298, size: 76 bytes, sha1: B77C478D8ADAC8CF0282CC9229C4A3D99B76D03E, compression: None.
LogPakFile: Display: "Engine/Content/Internationalization/icudt64l/en_MO.res" offset: 4814427, size: 80 bytes, sha1: 69C718C7C1CD352F0D8D08E204E801FF65686FD4, compression: None.
LogPakFile: Display: "Engine/Content/Internationalization/icudt64l/en_MP.res" offset: 4814560, size: 76 bytes, sha1: B77C478D8ADAC8CF0282CC9229C4A3D99B76D03E, compression: None.
LogPakFile: Display: "Engine/Content/Internationalization/icudt64l/en_MS.res" offset: 4814848, size: 136 bytes, sha1: 4186DC76A4B3A96A8279FFBC0CF666670AAA0304, compression: None.
LogPakFile: Display: "Engine/Content/Internationalization/icudt64l/en_MT.res" offset: 4815037, size: 224 bytes, sha1: ED6906D879AD06473AB788BEF018C058528CFBD2, compression: None.
LogPakFile: Display: "Engine/Content/Internationalization/icudt64l/en_MU.res" offset: 4815314, size: 136 bytes, sha1: 4186DC76A4B3A96A8279FFBC0CF666670AAA0304, compression: None.
LogPakFile: Display: "Engine/Content/Internationalization/icudt64l/en_MW.res" offset: 4815503, size: 80 bytes, sha1: 69C718C7C1CD352F0D8D08E204E801FF65686FD4, compression: None.
LogPakFile: Display: "Engine/Content/Internationalization/icudt64l/en_MY.res" offset: 4815636, size: 80 bytes, sha1: BEBFB5297B7DF57C3F4AE01CEB08DA9CA40C54AB, compression: None.
LogPakFile: Display: "Engine/Content/Internationalization/icudt64l/en_NA.res" offset: 4815769, size: 80 bytes, sha1: BEBFB5297B7DF57C3F4AE01CEB08DA9CA40C54AB, compression: None.
LogPakFile: Display: "Engine/Content/Internationalization/icudt64l/en_NF.res" offset: 4815902, size: 136 bytes, sha1: 559E8AE04A60BDC468DA1E2362291D728F105F04, compression: None.
LogPakFile: Display: "Engine/Content/Internationalization/icudt64l/en_NG.res" offset: 4816091, size: 136 bytes, sha1: 56DA94DA766748D445BD49DCDCACA38891457D16, compression: None.
LogPakFile: Display: "Engine/Content/Internationalization/icudt64l/en_NH.res" offset: 4816280, size: 88 bytes, sha1: A3B5CF52DACE205BDF8E0D709A90ED8FEC8A5CBC, compression: None.
LogPakFile: Display: "Engine/Content/Internationalization/icudt64l/en_NL.res" offset: 4816421, size: 136 bytes, sha1: A19382C5F732E68AD0A231C11AEF948DE6A7DF01, compression: None.
LogPakFile: Display: "Engine/Content/Internationalization/icudt64l/en_NR.res" offset: 4816610, size: 136 bytes, sha1: 559E8AE04A60BDC468DA1E2362291D728F105F04, compression: None.
LogPakFile: Display: "Engine/Content/Internationalization/icudt64l/en_NU.res" offset: 4816896, size: 136 bytes, sha1: 559E8AE04A60BDC468DA1E2362291D728F105F04, compression: None.
LogPakFile: Display: "Engine/Content/Internationalization/icudt64l/en_NZ.res" offset: 4817085, size: 584 bytes, sha1: F162C881634D71597C8D7E6F99FE6C2BD962E061, compression: None.
LogPakFile: Display: "Engine/Content/Internationalization/icudt64l/en_PG.res" offset: 4817722, size: 80 bytes, sha1: BEBFB5297B7DF57C3F4AE01CEB08DA9CA40C54AB, compression: None.
LogPakFile: Display: "Engine/Content/Internationalization/icudt64l/en_PH.res" offset: 4817855, size: 80 bytes, sha1: BEBFB5297B7DF57C3F4AE01CEB08DA9CA40C54AB, compression: None.
LogPakFile: Display: "Engine/Content/Internationalization/icudt64l/en_PK.res" offset: 4817988, size: 180 bytes, sha1: A984D8FA0E7F60A3BF02B731B52A98F9F2A056DE, compression: None.
LogPakFile: Display: "Engine/Content/Internationalization/icudt64l/en_PN.res" offset: 4818221, size: 136 bytes, sha1: 559E8AE04A60BDC468DA1E2362291D728F105F04, compression: None.
LogPakFile: Display: "Engine/Content/Internationalization/icudt64l/en_PR.res" offset: 4818410, size: 76 bytes, sha1: 670D1C2737B2E7D1B6B307F838B6C17738667AC5, compression: None.
LogPakFile: Display: "Engine/Content/Internationalization/icudt64l/en_PW.res" offset: 4818539, size: 80 bytes, sha1: BEBFB5297B7DF57C3F4AE01CEB08DA9CA40C54AB, compression: None.
LogPakFile: Display: "Engine/Content/Internationalization/icudt64l/en_RH.res" offset: 4818672, size: 88 bytes, sha1: A26284E82F0B88CA7FB7E03EEF775BB9CB7597D8, compression: None.
LogPakFile: Display: "Engine/Content/Internationalization/icudt64l/en_RW.res" offset: 4818944, size: 136 bytes, sha1: 559E8AE04A60BDC468DA1E2362291D728F105F04, compression: None.
LogPakFile: Display: "Engine/Content/Internationalization/icudt64l/en_SB.res" offset: 4819133, size: 80 bytes, sha1: BEBFB5297B7DF57C3F4AE01CEB08DA9CA40C54AB, compression: None.
LogPakFile: Display: "Engine/Content/Internationalization/icudt64l/en_SC.res" offset: 4819266, size: 136 bytes, sha1: 559E8AE04A60BDC468DA1E2362291D728F105F04, compression: None.
LogPakFile: Display: "Engine/Content/Internationalization/icudt64l/en_SD.res" offset: 4819455, size: 80 bytes, sha1: BEBFB5297B7DF57C3F4AE01CEB08DA9CA40C54AB, compression: None.
LogPakFile: Display: "Engine/Content/Internationalization/icudt64l/en_SE.res" offset: 4819588, size: 304 bytes, sha1: 508D5B1AA346390968D462E3561AF3C93AA0B61B, compression: None.
LogPakFile: Display: "Engine/Content/Internationalization/icudt64l/en_SG.res" offset: 4819945, size: 844 bytes, sha1: 20DBD0F86E02252F30B8BBDBDB1264FA58C4F7C6, compression: None.
LogPakFile: Display: "Engine/Content/Internationalization/icudt64l/en_SH.res" offset: 4820992, size: 136 bytes, sha1: 559E8AE04A60BDC468DA1E2362291D728F105F04, compression: None.
LogPakFile: Display: "Engine/Content/Internationalization/icudt64l/en_SI.res" offset: 4821181, size: 136 bytes, sha1: 44703F0E8F7E4FC5F83CEE5C8A8F50C4D14EADF2, compression: None.
LogPakFile: Display: "Engine/Content/Internationalization/icudt64l/en_SL.res" offset: 4821370, size: 80 bytes, sha1: BEBFB5297B7DF57C3F4AE01CEB08DA9CA40C54AB, compression: None.
LogPakFile: Display: "Engine/Content/Internationalization/icudt64l/en_SS.res" offset: 4821503, size: 80 bytes, sha1: BEBFB5297B7DF57C3F4AE01CEB08DA9CA40C54AB, compression: None.
LogPakFile: Display: "Engine/Content/Internationalization/icudt64l/en_SX.res" offset: 4821636, size: 136 bytes, sha1: 559E8AE04A60BDC468DA1E2362291D728F105F04, compression: None.
LogPakFile: Display: "Engine/Content/Internationalization/icudt64l/en_SZ.res" offset: 4821825, size: 80 bytes, sha1: BEBFB5297B7DF57C3F4AE01CEB08DA9CA40C54AB, compression: None.
LogPakFile: Display: "Engine/Content/Internationalization/icudt64l/en_TC.res" offset: 4821958, size: 80 bytes, sha1: BEBFB5297B7DF57C3F4AE01CEB08DA9CA40C54AB, compression: None.
LogPakFile: Display: "Engine/Content/Internationalization/icudt64l/en_TK.res" offset: 4822091, size: 136 bytes, sha1: 559E8AE04A60BDC468DA1E2362291D728F105F04, compression: None.
LogPakFile: Display: "Engine/Content/Internationalization/icudt64l/en_TO.res" offset: 4822280, size: 80 bytes, sha1: BEBFB5297B7DF57C3F4AE01CEB08DA9CA40C54AB, compression: None.
LogPakFile: Display: "Engine/Content/Internationalization/icudt64l/en_TT.res" offset: 4822413, size: 80 bytes, sha1: BEBFB5297B7DF57C3F4AE01CEB08DA9CA40C54AB, compression: None.
LogPakFile: Display: "Engine/Content/Internationalization/icudt64l/en_TV.res" offset: 4822546, size: 136 bytes, sha1: 559E8AE04A60BDC468DA1E2362291D728F105F04, compression: None.
LogPakFile: Display: "Engine/Content/Internationalization/icudt64l/en_TZ.res" offset: 4822735, size: 136 bytes, sha1: 559E8AE04A60BDC468DA1E2362291D728F105F04, compression: None.
LogPakFile: Display: "Engine/Content/Internationalization/icudt64l/en_UG.res" offset: 4823040, size: 136 bytes, sha1: 559E8AE04A60BDC468DA1E2362291D728F105F04, compression: None.
LogPakFile: Display: "Engine/Content/Internationalization/icudt64l/en_UM.res" offset: 4823229, size: 76 bytes, sha1: 670D1C2737B2E7D1B6B307F838B6C17738667AC5, compression: None.
LogPakFile: Display: "Engine/Content/Internationalization/icudt64l/en_US.res" offset: 4823358, size: 76 bytes, sha1: 670D1C2737B2E7D1B6B307F838B6C17738667AC5, compression: None.
LogPakFile: Display: "Engine/Content/Internationalization/icudt64l/en_US_POSIX.res" offset: 4823487, size: 284 bytes, sha1: 79151858EA384A44ACE15294D338A617CAD90D3B, compression: None.
LogPakFile: Display: "Engine/Content/Internationalization/icudt64l/en_VC.res" offset: 4823824, size: 80 bytes, sha1: BEBFB5297B7DF57C3F4AE01CEB08DA9CA40C54AB, compression: None.
LogPakFile: Display: "Engine/Content/Internationalization/icudt64l/en_VG.res" offset: 4823957, size: 80 bytes, sha1: BEBFB5297B7DF57C3F4AE01CEB08DA9CA40C54AB, compression: None.
LogPakFile: Display: "Engine/Content/Internationalization/icudt64l/en_VI.res" offset: 4824090, size: 76 bytes, sha1: 670D1C2737B2E7D1B6B307F838B6C17738667AC5, compression: None.
LogPakFile: Display: "Engine/Content/Internationalization/icudt64l/en_VU.res" offset: 4824219, size: 80 bytes, sha1: BEBFB5297B7DF57C3F4AE01CEB08DA9CA40C54AB, compression: None.
LogPakFile: Display: "Engine/Content/Internationalization/icudt64l/en_WS.res" offset: 4824352, size: 80 bytes, sha1: BEBFB5297B7DF57C3F4AE01CEB08DA9CA40C54AB, compression: None.
LogPakFile: Display: "Engine/Content/Internationalization/icudt64l/en_ZA.res" offset: 4825088, size: 564 bytes, sha1: 1FE29E2444214DF2B1187C2044FA120B1758D669, compression: None.
LogPakFile: Display: "Engine/Content/Internationalization/icudt64l/en_ZM.res" offset: 4825705, size: 80 bytes, sha1: BEBFB5297B7DF57C3F4AE01CEB08DA9CA40C54AB, compression: None.
LogPakFile: Display: "Engine/Content/Internationalization/icudt64l/en_ZW.res" offset: 4825838, size: 324 bytes, sha1: 7A472E9171F0F07D8115A7CD0D66FF6509C4F616, compression: None.
LogPakFile: Display: "Engine/Content/Internationalization/icudt64l/es.res" offset: 4827136, size: 7019 bytes, sha1: A04E8A366A3C950301D28ECFBBDF9A113D473CE7, compression: Oodle.
LogPakFile: Display: "Engine/Content/Internationalization/icudt64l/es_419.res" offset: 4835328, size: 3341 bytes, sha1: D4E85D359C8B754571710F4403345E4EB66D9FA2, compression: Oodle.
LogPakFile: Display: "Engine/Content/Internationalization/icudt64l/es_AR.res" offset: 4839424, size: 904 bytes, sha1: FCDA63F69CDED1A43A1B6D21AEEF4FB3C9E19299, compression: Oodle.
LogPakFile: Display: "Engine/Content/Internationalization/icudt64l/es_BO.res" offset: 4840401, size: 276 bytes, sha1: 3E3953F890032528E7C1AD121952D87B571FAB4B, compression: None.
LogPakFile: Display: "Engine/Content/Internationalization/icudt64l/es_BR.res" offset: 4840730, size: 80 bytes, sha1: 8F1E2721F2B3544ED23BA54633D4F41F7FA3118C, compression: None.
LogPakFile: Display: "Engine/Content/Internationalization/icudt64l/es_BZ.res" offset: 4840863, size: 80 bytes, sha1: 8F1E2721F2B3544ED23BA54633D4F41F7FA3118C, compression: None.
LogPakFile: Display: "Engine/Content/Internationalization/icudt64l/es_CL.res" offset: 4841472, size: 926 bytes, sha1: 0DED99B20F6FFD43466065FA955EDFFBCFBC4C43, compression: Oodle.
LogPakFile: Display: "Engine/Content/Internationalization/icudt64l/es_CO.res" offset: 4843520, size: 1226 bytes, sha1: 10ADDC944938B949868AA45A1B74E04417ACF6A5, compression: Oodle.
LogPakFile: Display: "Engine/Content/Internationalization/icudt64l/es_CR.res" offset: 4844819, size: 288 bytes, sha1: 5212C7F31ED094A8595688583FF2E4BECC43F7EA, compression: None.
LogPakFile: Display: "Engine/Content/Internationalization/icudt64l/es_CU.res" offset: 4845160, size: 80 bytes, sha1: 8F1E2721F2B3544ED23BA54633D4F41F7FA3118C, compression: None.
LogPakFile: Display: "Engine/Content/Internationalization/icudt64l/es_DO.res" offset: 4845568, size: 808 bytes, sha1: 599627630498DAD63B3A442E3E88D4FFE226E647, compression: None.
LogPakFile: Display: "Engine/Content/Internationalization/icudt64l/es_EA.res" offset: 4846429, size: 76 bytes, sha1: 670D1C2737B2E7D1B6B307F838B6C17738667AC5, compression: None.
LogPakFile: Display: "Engine/Content/Internationalization/icudt64l/es_EC.res" offset: 4846558, size: 256 bytes, sha1: 5CED29295DA89E6894E4B9C83C9C6090FFF8C3B4, compression: None.
LogPakFile: Display: "Engine/Content/Internationalization/icudt64l/es_ES.res" offset: 4846867, size: 76 bytes, sha1: 670D1C2737B2E7D1B6B307F838B6C17738667AC5, compression: None.
LogPakFile: Display: "Engine/Content/Internationalization/icudt64l/es_GQ.res" offset: 4846996, size: 108 bytes, sha1: FB247A11A78D10C49FC25ED9D88B9939A2FA6923, compression: None.
LogPakFile: Display: "Engine/Content/Internationalization/icudt64l/es_GT.res" offset: 4847616, size: 730 bytes, sha1: 2A129D60AADCC0288581B4B7F55B2610145C54CD, compression: Oodle.
LogPakFile: Display: "Engine/Content/Internationalization/icudt64l/es_HN.res" offset: 4848419, size: 420 bytes, sha1: 8508744A563AC7593B456A12C719619521468809, compression: None.
LogPakFile: Display: "Engine/Content/Internationalization/icudt64l/es_IC.res" offset: 4848892, size: 76 bytes, sha1: 670D1C2737B2E7D1B6B307F838B6C17738667AC5, compression: None.
LogPakFile: Display: "Engine/Content/Internationalization/icudt64l/es_MX.res" offset: 4849664, size: 2365 bytes, sha1: 575C1B25F6C96AF8140062AD488A1C00E5392CCA, compression: Oodle.
LogPakFile: Display: "Engine/Content/Internationalization/icudt64l/es_NI.res" offset: 4852102, size: 236 bytes, sha1: EB9393ADF22FDB938B2756C935ABFC2F5C2E21DD, compression: None.
LogPakFile: Display: "Engine/Content/Internationalization/icudt64l/es_PA.res" offset: 4852391, size: 824 bytes, sha1: AF771A1FF83D9395DCF8211BCAE7E41BB3595B20, compression: None.
LogPakFile: Display: "Engine/Content/Internationalization/icudt64l/es_PE.res" offset: 4853760, size: 736 bytes, sha1: 0DC1B3CCAA5DDC65F9008CEC89AD93DCFE6D02E1, compression: Oodle.
LogPakFile: Display: "Engine/Content/Internationalization/icudt64l/es_PH.res" offset: 4854569, size: 132 bytes, sha1: DCB562862B7452DF47FB5D7AF30D26D58AC95D8F, compression: None.
LogPakFile: Display: "Engine/Content/Internationalization/icudt64l/es_PR.res" offset: 4854754, size: 344 bytes, sha1: CB4DFAABCCB8929C432D7E79E1AD8ACCAF505719, compression: None.
LogPakFile: Display: "Engine/Content/Internationalization/icudt64l/es_PY.res" offset: 4855808, size: 944 bytes, sha1: B0D03045926893617D5B29038B3DD05DA7608155, compression: None.
LogPakFile: Display: "Engine/Content/Internationalization/icudt64l/es_SV.res" offset: 4856805, size: 264 bytes, sha1: D2A6B06C6EC75C88400DEFF629DA358CD9534E0E, compression: None.
LogPakFile: Display: "Engine/Content/Internationalization/icudt64l/es_US.res" offset: 4857856, size: 1696 bytes, sha1: B18208BF4A5F2703886E6AFA9433C047AAC0C098, compression: Oodle.
LogPakFile: Display: "Engine/Content/Internationalization/icudt64l/es_UY.res" offset: 4859904, size: 588 bytes, sha1: 6E96ECEA8815670F6483A9ADD3FC6F4409B2CD15, compression: None.
LogPakFile: Display: "Engine/Content/Internationalization/icudt64l/es_VE.res" offset: 4860545, size: 700 bytes, sha1: 559D64385759B5C0C801E9DA5D05DCAE77BC69F0, compression: Oodle.
LogPakFile: Display: "Engine/Content/Internationalization/icudt64l/fr.res" offset: 4861952, size: 8001 bytes, sha1: E6EC72AB2618C2E5FDBB0C8F7351616A90658E01, compression: Oodle.
LogPakFile: Display: "Engine/Content/Internationalization/icudt64l/fr_BE.res" offset: 4870144, size: 176 bytes, sha1: BFE2534A469DC9B4CEC2D1EE35314EA0574B61AB, compression: None.
LogPakFile: Display: "Engine/Content/Internationalization/icudt64l/fr_BF.res" offset: 4870373, size: 76 bytes, sha1: 670D1C2737B2E7D1B6B307F838B6C17738667AC5, compression: None.
LogPakFile: Display: "Engine/Content/Internationalization/icudt64l/fr_BI.res" offset: 4870502, size: 76 bytes, sha1: 670D1C2737B2E7D1B6B307F838B6C17738667AC5, compression: None.
LogPakFile: Display: "Engine/Content/Internationalization/icudt64l/fr_BJ.res" offset: 4870631, size: 76 bytes, sha1: 670D1C2737B2E7D1B6B307F838B6C17738667AC5, compression: None.
LogPakFile: Display: "Engine/Content/Internationalization/icudt64l/fr_BL.res" offset: 4870760, size: 76 bytes, sha1: 670D1C2737B2E7D1B6B307F838B6C17738667AC5, compression: None.
LogPakFile: Display: "Engine/Content/Internationalization/icudt64l/fr_CA.res" offset: 4872192, size: 3073 bytes, sha1: 4E0D047BCE2E9DAC5787884C5B1BD2E18297033B, compression: Oodle.
LogPakFile: Display: "Engine/Content/Internationalization/icudt64l/fr_CD.res" offset: 4875338, size: 216 bytes, sha1: 5DDEE439FADAE33FB5D5A507F57E995EB0BC8FD7, compression: None.
LogPakFile: Display: "Engine/Content/Internationalization/icudt64l/fr_CF.res" offset: 4875607, size: 76 bytes, sha1: 670D1C2737B2E7D1B6B307F838B6C17738667AC5, compression: None.
LogPakFile: Display: "Engine/Content/Internationalization/icudt64l/fr_CG.res" offset: 4875736, size: 76 bytes, sha1: 670D1C2737B2E7D1B6B307F838B6C17738667AC5, compression: None.
LogPakFile: Display: "Engine/Content/Internationalization/icudt64l/fr_CH.res" offset: 4876288, size: 702 bytes, sha1: 36F674B525EF7CD733947FDF0AF0D84BCF12E695, compression: Oodle.
LogPakFile: Display: "Engine/Content/Internationalization/icudt64l/fr_CI.res" offset: 4877063, size: 108 bytes, sha1: 67E358D3DC1C00F992D490A70069D292BBCAFA6A, compression: None.
LogPakFile: Display: "Engine/Content/Internationalization/icudt64l/fr_CM.res" offset: 4877224, size: 432 bytes, sha1: 58ED7239394AF20CC50D3BB8ADE0632CB1AEB956, compression: None.
LogPakFile: Display: "Engine/Content/Internationalization/icudt64l/fr_DJ.res" offset: 4877709, size: 132 bytes, sha1: 694BEB52121D9066BDD34DEDFABA291187853DF9, compression: None.
LogPakFile: Display: "Engine/Content/Internationalization/icudt64l/fr_DZ.res" offset: 4877894, size: 132 bytes, sha1: 694BEB52121D9066BDD34DEDFABA291187853DF9, compression: None.
LogPakFile: Display: "Engine/Content/Internationalization/icudt64l/fr_FR.res" offset: 4878079, size: 76 bytes, sha1: 670D1C2737B2E7D1B6B307F838B6C17738667AC5, compression: None.
LogPakFile: Display: "Engine/Content/Internationalization/icudt64l/fr_GA.res" offset: 4878336, size: 76 bytes, sha1: 670D1C2737B2E7D1B6B307F838B6C17738667AC5, compression: None.
LogPakFile: Display: "Engine/Content/Internationalization/icudt64l/fr_GF.res" offset: 4878465, size: 76 bytes, sha1: 670D1C2737B2E7D1B6B307F838B6C17738667AC5, compression: None.
LogPakFile: Display: "Engine/Content/Internationalization/icudt64l/fr_GN.res" offset: 4878594, size: 76 bytes, sha1: 670D1C2737B2E7D1B6B307F838B6C17738667AC5, compression: None.
LogPakFile: Display: "Engine/Content/Internationalization/icudt64l/fr_GP.res" offset: 4878723, size: 76 bytes, sha1: 670D1C2737B2E7D1B6B307F838B6C17738667AC5, compression: None.
LogPakFile: Display: "Engine/Content/Internationalization/icudt64l/fr_GQ.res" offset: 4878852, size: 76 bytes, sha1: 670D1C2737B2E7D1B6B307F838B6C17738667AC5, compression: None.
LogPakFile: Display: "Engine/Content/Internationalization/icudt64l/fr_HT.res" offset: 4878981, size: 912 bytes, sha1: 509BFBB829BA956839D4DECEF380BB1E8F938EA7, compression: None.
LogPakFile: Display: "Engine/Content/Internationalization/icudt64l/fr_KM.res" offset: 4879946, size: 76 bytes, sha1: 670D1C2737B2E7D1B6B307F838B6C17738667AC5, compression: None.
LogPakFile: Display: "Engine/Content/Internationalization/icudt64l/fr_LU.res" offset: 4880075, size: 112 bytes, sha1: 30C347802472C02B7E5408D091E5AD0355D16E44, compression: None.
LogPakFile: Display: "Engine/Content/Internationalization/icudt64l/fr_MA.res" offset: 4880384, size: 284 bytes, sha1: F03CFABBF352B1164FCE40BC5D689D9D893FC217, compression: None.
LogPakFile: Display: "Engine/Content/Internationalization/icudt64l/fr_MC.res" offset: 4880721, size: 76 bytes, sha1: 670D1C2737B2E7D1B6B307F838B6C17738667AC5, compression: None.
LogPakFile: Display: "Engine/Content/Internationalization/icudt64l/fr_MF.res" offset: 4880850, size: 76 bytes, sha1: 670D1C2737B2E7D1B6B307F838B6C17738667AC5, compression: None.
LogPakFile: Display: "Engine/Content/Internationalization/icudt64l/fr_MG.res" offset: 4880979, size: 76 bytes, sha1: 670D1C2737B2E7D1B6B307F838B6C17738667AC5, compression: None.
LogPakFile: Display: "Engine/Content/Internationalization/icudt64l/fr_ML.res" offset: 4881108, size: 324 bytes, sha1: ECF54913E6521EAC09FEB0EACC8410A9D7B5C396, compression: None.
LogPakFile: Display: "Engine/Content/Internationalization/icudt64l/fr_MQ.res" offset: 4881485, size: 76 bytes, sha1: 670D1C2737B2E7D1B6B307F838B6C17738667AC5, compression: None.
LogPakFile: Display: "Engine/Content/Internationalization/icudt64l/fr_MR.res" offset: 4881614, size: 132 bytes, sha1: 694BEB52121D9066BDD34DEDFABA291187853DF9, compression: None.
LogPakFile: Display: "Engine/Content/Internationalization/icudt64l/fr_MU.res" offset: 4881799, size: 76 bytes, sha1: 670D1C2737B2E7D1B6B307F838B6C17738667AC5, compression: None.
LogPakFile: Display: "Engine/Content/Internationalization/icudt64l/fr_NC.res" offset: 4881928, size: 76 bytes, sha1: 670D1C2737B2E7D1B6B307F838B6C17738667AC5, compression: None.
LogPakFile: Display: "Engine/Content/Internationalization/icudt64l/fr_NE.res" offset: 4882057, size: 76 bytes, sha1: 670D1C2737B2E7D1B6B307F838B6C17738667AC5, compression: None.
LogPakFile: Display: "Engine/Content/Internationalization/icudt64l/fr_PF.res" offset: 4882186, size: 76 bytes, sha1: 670D1C2737B2E7D1B6B307F838B6C17738667AC5, compression: None.
LogPakFile: Display: "Engine/Content/Internationalization/icudt64l/fr_PM.res" offset: 4882432, size: 76 bytes, sha1: 670D1C2737B2E7D1B6B307F838B6C17738667AC5, compression: None.
LogPakFile: Display: "Engine/Content/Internationalization/icudt64l/fr_RE.res" offset: 4882561, size: 208 bytes, sha1: 08E2A32E17A29A83EBAD93CCE32D7E9E3DD93DA8, compression: None.
LogPakFile: Display: "Engine/Content/Internationalization/icudt64l/fr_RW.res" offset: 4882822, size: 76 bytes, sha1: 670D1C2737B2E7D1B6B307F838B6C17738667AC5, compression: None.
LogPakFile: Display: "Engine/Content/Internationalization/icudt64l/fr_SC.res" offset: 4882951, size: 76 bytes, sha1: 670D1C2737B2E7D1B6B307F838B6C17738667AC5, compression: None.
LogPakFile: Display: "Engine/Content/Internationalization/icudt64l/fr_SN.res" offset: 4883080, size: 216 bytes, sha1: F97C9B852CA00A3A1D820E7D276A8345CEA4A3D7, compression: None.
LogPakFile: Display: "Engine/Content/Internationalization/icudt64l/fr_SY.res" offset: 4883349, size: 132 bytes, sha1: 694BEB52121D9066BDD34DEDFABA291187853DF9, compression: None.
LogPakFile: Display: "Engine/Content/Internationalization/icudt64l/fr_TD.res" offset: 4883534, size: 132 bytes, sha1: 694BEB52121D9066BDD34DEDFABA291187853DF9, compression: None.
LogPakFile: Display: "Engine/Content/Internationalization/icudt64l/fr_TG.res" offset: 4883719, size: 76 bytes, sha1: 670D1C2737B2E7D1B6B307F838B6C17738667AC5, compression: None.
LogPakFile: Display: "Engine/Content/Internationalization/icudt64l/fr_TN.res" offset: 4883848, size: 132 bytes, sha1: 694BEB52121D9066BDD34DEDFABA291187853DF9, compression: None.
LogPakFile: Display: "Engine/Content/Internationalization/icudt64l/fr_VU.res" offset: 4884033, size: 132 bytes, sha1: 694BEB52121D9066BDD34DEDFABA291187853DF9, compression: None.
LogPakFile: Display: "Engine/Content/Internationalization/icudt64l/fr_WF.res" offset: 4884218, size: 76 bytes, sha1: 670D1C2737B2E7D1B6B307F838B6C17738667AC5, compression: None.
LogPakFile: Display: "Engine/Content/Internationalization/icudt64l/fr_YT.res" offset: 4884347, size: 76 bytes, sha1: 670D1C2737B2E7D1B6B307F838B6C17738667AC5, compression: None.
LogPakFile: Display: "Engine/Content/Internationalization/icudt64l/genderList.res" offset: 4884480, size: 536 bytes, sha1: ACEEA31958CE39C3CDE0D03104B1E4524A1E4FBF, compression: None.
LogPakFile: Display: "Engine/Content/Internationalization/icudt64l/icustd.res" offset: 4885069, size: 88 bytes, sha1: 0F936501FBC01CF480104043F59F5629C3B226A0, compression: None.
LogPakFile: Display: "Engine/Content/Internationalization/icudt64l/icuver.res" offset: 4885210, size: 120 bytes, sha1: 634550B9125BD522ED39AE13B0A010400609DEB8, compression: None.
LogPakFile: Display: "Engine/Content/Internationalization/icudt64l/it.res" offset: 4886528, size: 6084 bytes, sha1: F0BDA957EC8A91CE34D0B85A0070ECF9B52B490F, compression: Oodle.
LogPakFile: Display: "Engine/Content/Internationalization/icudt64l/it_CH.res" offset: 4892685, size: 228 bytes, sha1: 247C3705D2C7EA109F6E1CB129161A75B182DE82, compression: None.
LogPakFile: Display: "Engine/Content/Internationalization/icudt64l/it_IT.res" offset: 4892966, size: 76 bytes, sha1: 8800D9D5D9E48B03B65DFDA961146DD4660E30F4, compression: None.
LogPakFile: Display: "Engine/Content/Internationalization/icudt64l/it_SM.res" offset: 4893095, size: 76 bytes, sha1: 8800D9D5D9E48B03B65DFDA961146DD4660E30F4, compression: None.
LogPakFile: Display: "Engine/Content/Internationalization/icudt64l/it_VA.res" offset: 4893224, size: 76 bytes, sha1: 8800D9D5D9E48B03B65DFDA961146DD4660E30F4, compression: None.
LogPakFile: Display: "Engine/Content/Internationalization/icudt64l/ja.res" offset: 4894720, size: 12887 bytes, sha1: BC68ED1DF70292E94F2F4542BBF348CCB6BC6B16, compression: Oodle.
LogPakFile: Display: "Engine/Content/Internationalization/icudt64l/ja_JP.res" offset: 4907680, size: 76 bytes, sha1: 8800D9D5D9E48B03B65DFDA961146DD4660E30F4, compression: None.
LogPakFile: Display: "Engine/Content/Internationalization/icudt64l/ja_JP_TRADITIONAL.res" offset: 4907809, size: 104 bytes, sha1: 9D7356CBF550A4E9D797A89911D44D941B7352C6, compression: None.
LogPakFile: Display: "Engine/Content/Internationalization/icudt64l/keyTypeData.res" offset: 4909056, size: 3913 bytes, sha1: 9F15677353066B128B013B88AB574591CF814BCD, compression: Oodle.
LogPakFile: Display: "Engine/Content/Internationalization/icudt64l/ko.res" offset: 4913152, size: 11252 bytes, sha1: CC7BFE0E45231A03EE3513674F2DF5B652FC0F3D, compression: Oodle.
LogPakFile: Display: "Engine/Content/Internationalization/icudt64l/ko_KP.res" offset: 4924477, size: 76 bytes, sha1: 8800D9D5D9E48B03B65DFDA961146DD4660E30F4, compression: None.
LogPakFile: Display: "Engine/Content/Internationalization/icudt64l/ko_KR.res" offset: 4924606, size: 76 bytes, sha1: 8800D9D5D9E48B03B65DFDA961146DD4660E30F4, compression: None.
LogPakFile: Display: "Engine/Content/Internationalization/icudt64l/lang/de.res" offset: 4925440, size: 9559 bytes, sha1: B31D39D6339D972F4F20E422594E3AF0D8CFE3DF, compression: Oodle.
LogPakFile: Display: "Engine/Content/Internationalization/icudt64l/lang/de_AT.res" offset: 4935072, size: 440 bytes, sha1: CAC392B445BFCFF33D900C09FA5860086B2D3149, compression: None.
LogPakFile: Display: "Engine/Content/Internationalization/icudt64l/lang/de_CH.res" offset: 4935680, size: 526 bytes, sha1: A5B6EBB04565B39E4794DB346880C7E34BC78651, compression: Oodle.
LogPakFile: Display: "Engine/Content/Internationalization/icudt64l/lang/de_LU.res" offset: 4936279, size: 120 bytes, sha1: D748BD0F08A132D26B0AAAAF8998CCA2BF39919E, compression: None.
LogPakFile: Display: "Engine/Content/Internationalization/icudt64l/lang/en.res" offset: 4937728, size: 12140 bytes, sha1: E386D7E637A1455453526E5186CE76782E5F16AD, compression: Oodle.
LogPakFile: Display: "Engine/Content/Internationalization/icudt64l/lang/en_001.res" offset: 4950016, size: 792 bytes, sha1: A25C4F4FB920568815C9F486AED0C36F31AFC66C, compression: None.
LogPakFile: Display: "Engine/Content/Internationalization/icudt64l/lang/en_150.res" offset: 4950861, size: 80 bytes, sha1: D008FC7E83A9992FF03DE9E9BC0563F3F73FE30A, compression: None.
LogPakFile: Display: "Engine/Content/Internationalization/icudt64l/lang/en_AG.res" offset: 4950994, size: 80 bytes, sha1: D008FC7E83A9992FF03DE9E9BC0563F3F73FE30A, compression: None.
LogPakFile: Display: "Engine/Content/Internationalization/icudt64l/lang/en_AI.res" offset: 4951127, size: 80 bytes, sha1: D008FC7E83A9992FF03DE9E9BC0563F3F73FE30A, compression: None.
LogPakFile: Display: "Engine/Content/Internationalization/icudt64l/lang/en_AT.res" offset: 4951260, size: 80 bytes, sha1: 92AEC5D5A45BC9614CF2577562B55B0D3896A23E, compression: None.
LogPakFile: Display: "Engine/Content/Internationalization/icudt64l/lang/en_AU.res" offset: 4951393, size: 232 bytes, sha1: F347D860D6CEBC5C6A7A9B410A1E5771003E7A5B, compression: None.
LogPakFile: Display: "Engine/Content/Internationalization/icudt64l/lang/en_BB.res" offset: 4951678, size: 80 bytes, sha1: D008FC7E83A9992FF03DE9E9BC0563F3F73FE30A, compression: None.
LogPakFile: Display: "Engine/Content/Internationalization/icudt64l/lang/en_BE.res" offset: 4951811, size: 80 bytes, sha1: 12D79247028209D8C3601658D65C9415FD39C7B1, compression: None.
LogPakFile: Display: "Engine/Content/Internationalization/icudt64l/lang/en_BM.res" offset: 4952064, size: 80 bytes, sha1: D008FC7E83A9992FF03DE9E9BC0563F3F73FE30A, compression: None.
LogPakFile: Display: "Engine/Content/Internationalization/icudt64l/lang/en_BS.res" offset: 4952197, size: 80 bytes, sha1: D008FC7E83A9992FF03DE9E9BC0563F3F73FE30A, compression: None.
LogPakFile: Display: "Engine/Content/Internationalization/icudt64l/lang/en_BW.res" offset: 4952330, size: 80 bytes, sha1: D008FC7E83A9992FF03DE9E9BC0563F3F73FE30A, compression: None.
LogPakFile: Display: "Engine/Content/Internationalization/icudt64l/lang/en_BZ.res" offset: 4952463, size: 80 bytes, sha1: D008FC7E83A9992FF03DE9E9BC0563F3F73FE30A, compression: None.
LogPakFile: Display: "Engine/Content/Internationalization/icudt64l/lang/en_CA.res" offset: 4952596, size: 360 bytes, sha1: FF9408332F48B3A338EFF4BD751DAEE198E420B4, compression: None.
LogPakFile: Display: "Engine/Content/Internationalization/icudt64l/lang/en_CC.res" offset: 4953009, size: 80 bytes, sha1: D008FC7E83A9992FF03DE9E9BC0563F3F73FE30A, compression: None.
LogPakFile: Display: "Engine/Content/Internationalization/icudt64l/lang/en_CH.res" offset: 4953142, size: 100 bytes, sha1: 7290D56E2A5A0CF9E80FD6E9F7FC97421187613A, compression: None.
LogPakFile: Display: "Engine/Content/Internationalization/icudt64l/lang/en_CK.res" offset: 4953295, size: 80 bytes, sha1: D008FC7E83A9992FF03DE9E9BC0563F3F73FE30A, compression: None.
LogPakFile: Display: "Engine/Content/Internationalization/icudt64l/lang/en_CM.res" offset: 4953428, size: 80 bytes, sha1: D008FC7E83A9992FF03DE9E9BC0563F3F73FE30A, compression: None.
LogPakFile: Display: "Engine/Content/Internationalization/icudt64l/lang/en_CX.res" offset: 4953561, size: 80 bytes, sha1: D008FC7E83A9992FF03DE9E9BC0563F3F73FE30A, compression: None.
LogPakFile: Display: "Engine/Content/Internationalization/icudt64l/lang/en_CY.res" offset: 4953694, size: 80 bytes, sha1: D008FC7E83A9992FF03DE9E9BC0563F3F73FE30A, compression: None.
LogPakFile: Display: "Engine/Content/Internationalization/icudt64l/lang/en_DE.res" offset: 4953827, size: 80 bytes, sha1: 92AEC5D5A45BC9614CF2577562B55B0D3896A23E, compression: None.
LogPakFile: Display: "Engine/Content/Internationalization/icudt64l/lang/en_DG.res" offset: 4953960, size: 80 bytes, sha1: D008FC7E83A9992FF03DE9E9BC0563F3F73FE30A, compression: None.
LogPakFile: Display: "Engine/Content/Internationalization/icudt64l/lang/en_DK.res" offset: 4954112, size: 80 bytes, sha1: 92AEC5D5A45BC9614CF2577562B55B0D3896A23E, compression: None.
LogPakFile: Display: "Engine/Content/Internationalization/icudt64l/lang/en_DM.res" offset: 4954245, size: 80 bytes, sha1: D008FC7E83A9992FF03DE9E9BC0563F3F73FE30A, compression: None.
LogPakFile: Display: "Engine/Content/Internationalization/icudt64l/lang/en_ER.res" offset: 4954378, size: 80 bytes, sha1: D008FC7E83A9992FF03DE9E9BC0563F3F73FE30A, compression: None.
LogPakFile: Display: "Engine/Content/Internationalization/icudt64l/lang/en_FI.res" offset: 4954511, size: 80 bytes, sha1: 92AEC5D5A45BC9614CF2577562B55B0D3896A23E, compression: None.
LogPakFile: Display: "Engine/Content/Internationalization/icudt64l/lang/en_FJ.res" offset: 4954644, size: 80 bytes, sha1: D008FC7E83A9992FF03DE9E9BC0563F3F73FE30A, compression: None.
LogPakFile: Display: "Engine/Content/Internationalization/icudt64l/lang/en_FK.res" offset: 4954777, size: 80 bytes, sha1: D008FC7E83A9992FF03DE9E9BC0563F3F73FE30A, compression: None.
LogPakFile: Display: "Engine/Content/Internationalization/icudt64l/lang/en_FM.res" offset: 4954910, size: 80 bytes, sha1: D008FC7E83A9992FF03DE9E9BC0563F3F73FE30A, compression: None.
LogPakFile: Display: "Engine/Content/Internationalization/icudt64l/lang/en_GB.res" offset: 4955043, size: 112 bytes, sha1: 67D1637ABCC57D44549BB3654E0A815B729F5DB0, compression: None.
LogPakFile: Display: "Engine/Content/Internationalization/icudt64l/lang/en_GD.res" offset: 4955208, size: 80 bytes, sha1: D008FC7E83A9992FF03DE9E9BC0563F3F73FE30A, compression: None.
LogPakFile: Display: "Engine/Content/Internationalization/icudt64l/lang/en_GG.res" offset: 4955341, size: 80 bytes, sha1: D008FC7E83A9992FF03DE9E9BC0563F3F73FE30A, compression: None.
LogPakFile: Display: "Engine/Content/Internationalization/icudt64l/lang/en_GH.res" offset: 4955474, size: 80 bytes, sha1: D008FC7E83A9992FF03DE9E9BC0563F3F73FE30A, compression: None.
LogPakFile: Display: "Engine/Content/Internationalization/icudt64l/lang/en_GI.res" offset: 4955607, size: 80 bytes, sha1: D008FC7E83A9992FF03DE9E9BC0563F3F73FE30A, compression: None.
LogPakFile: Display: "Engine/Content/Internationalization/icudt64l/lang/en_GM.res" offset: 4955740, size: 80 bytes, sha1: D008FC7E83A9992FF03DE9E9BC0563F3F73FE30A, compression: None.
LogPakFile: Display: "Engine/Content/Internationalization/icudt64l/lang/en_GY.res" offset: 4955873, size: 80 bytes, sha1: D008FC7E83A9992FF03DE9E9BC0563F3F73FE30A, compression: None.
LogPakFile: Display: "Engine/Content/Internationalization/icudt64l/lang/en_HK.res" offset: 4956006, size: 80 bytes, sha1: D3B90C3FBBF9E317526396C3F2ED47678C592923, compression: None.
LogPakFile: Display: "Engine/Content/Internationalization/icudt64l/lang/en_IE.res" offset: 4956160, size: 80 bytes, sha1: D008FC7E83A9992FF03DE9E9BC0563F3F73FE30A, compression: None.
LogPakFile: Display: "Engine/Content/Internationalization/icudt64l/lang/en_IL.res" offset: 4956293, size: 80 bytes, sha1: D008FC7E83A9992FF03DE9E9BC0563F3F73FE30A, compression: None.
LogPakFile: Display: "Engine/Content/Internationalization/icudt64l/lang/en_IM.res" offset: 4956426, size: 80 bytes, sha1: D008FC7E83A9992FF03DE9E9BC0563F3F73FE30A, compression: None.
LogPakFile: Display: "Engine/Content/Internationalization/icudt64l/lang/en_IN.res" offset: 4956559, size: 224 bytes, sha1: E368AF2E726ADC50E00BF120FC393249B9492F9B, compression: None.
LogPakFile: Display: "Engine/Content/Internationalization/icudt64l/lang/en_IO.res" offset: 4956836, size: 80 bytes, sha1: D008FC7E83A9992FF03DE9E9BC0563F3F73FE30A, compression: None.
LogPakFile: Display: "Engine/Content/Internationalization/icudt64l/lang/en_JE.res" offset: 4956969, size: 80 bytes, sha1: D008FC7E83A9992FF03DE9E9BC0563F3F73FE30A, compression: None.
LogPakFile: Display: "Engine/Content/Internationalization/icudt64l/lang/en_JM.res" offset: 4957102, size: 80 bytes, sha1: D008FC7E83A9992FF03DE9E9BC0563F3F73FE30A, compression: None.
LogPakFile: Display: "Engine/Content/Internationalization/icudt64l/lang/en_KE.res" offset: 4957235, size: 80 bytes, sha1: D008FC7E83A9992FF03DE9E9BC0563F3F73FE30A, compression: None.
LogPakFile: Display: "Engine/Content/Internationalization/icudt64l/lang/en_KI.res" offset: 4957368, size: 80 bytes, sha1: D008FC7E83A9992FF03DE9E9BC0563F3F73FE30A, compression: None.
LogPakFile: Display: "Engine/Content/Internationalization/icudt64l/lang/en_KN.res" offset: 4957501, size: 80 bytes, sha1: D008FC7E83A9992FF03DE9E9BC0563F3F73FE30A, compression: None.
LogPakFile: Display: "Engine/Content/Internationalization/icudt64l/lang/en_KY.res" offset: 4957634, size: 80 bytes, sha1: D008FC7E83A9992FF03DE9E9BC0563F3F73FE30A, compression: None.
LogPakFile: Display: "Engine/Content/Internationalization/icudt64l/lang/en_LC.res" offset: 4957767, size: 80 bytes, sha1: D008FC7E83A9992FF03DE9E9BC0563F3F73FE30A, compression: None.
LogPakFile: Display: "Engine/Content/Internationalization/icudt64l/lang/en_LR.res" offset: 4957900, size: 80 bytes, sha1: D008FC7E83A9992FF03DE9E9BC0563F3F73FE30A, compression: None.
LogPakFile: Display: "Engine/Content/Internationalization/icudt64l/lang/en_LS.res" offset: 4958033, size: 80 bytes, sha1: D008FC7E83A9992FF03DE9E9BC0563F3F73FE30A, compression: None.
LogPakFile: Display: "Engine/Content/Internationalization/icudt64l/lang/en_MG.res" offset: 4958208, size: 80 bytes, sha1: D008FC7E83A9992FF03DE9E9BC0563F3F73FE30A, compression: None.
LogPakFile: Display: "Engine/Content/Internationalization/icudt64l/lang/en_MO.res" offset: 4958341, size: 80 bytes, sha1: D008FC7E83A9992FF03DE9E9BC0563F3F73FE30A, compression: None.
LogPakFile: Display: "Engine/Content/Internationalization/icudt64l/lang/en_MS.res" offset: 4958474, size: 80 bytes, sha1: D008FC7E83A9992FF03DE9E9BC0563F3F73FE30A, compression: None.
LogPakFile: Display: "Engine/Content/Internationalization/icudt64l/lang/en_MT.res" offset: 4958607, size: 80 bytes, sha1: D008FC7E83A9992FF03DE9E9BC0563F3F73FE30A, compression: None.
LogPakFile: Display: "Engine/Content/Internationalization/icudt64l/lang/en_MU.res" offset: 4958740, size: 80 bytes, sha1: D008FC7E83A9992FF03DE9E9BC0563F3F73FE30A, compression: None.
LogPakFile: Display: "Engine/Content/Internationalization/icudt64l/lang/en_MW.res" offset: 4958873, size: 80 bytes, sha1: D008FC7E83A9992FF03DE9E9BC0563F3F73FE30A, compression: None.
LogPakFile: Display: "Engine/Content/Internationalization/icudt64l/lang/en_MY.res" offset: 4959006, size: 80 bytes, sha1: 53751B67C4A2777106E04AAD3C8D467F9131CC9F, compression: None.
LogPakFile: Display: "Engine/Content/Internationalization/icudt64l/lang/en_NA.res" offset: 4959139, size: 80 bytes, sha1: 53751B67C4A2777106E04AAD3C8D467F9131CC9F, compression: None.
LogPakFile: Display: "Engine/Content/Internationalization/icudt64l/lang/en_NF.res" offset: 4959272, size: 80 bytes, sha1: 53751B67C4A2777106E04AAD3C8D467F9131CC9F, compression: None.
LogPakFile: Display: "Engine/Content/Internationalization/icudt64l/lang/en_NG.res" offset: 4959405, size: 100 bytes, sha1: 4B2199009526C176577D054671E647FCD4881D12, compression: None.
LogPakFile: Display: "Engine/Content/Internationalization/icudt64l/lang/en_NH.res" offset: 4959558, size: 88 bytes, sha1: D0BB37CF79747F081818527C2F1A86F6CD95CB25, compression: None.
LogPakFile: Display: "Engine/Content/Internationalization/icudt64l/lang/en_NL.res" offset: 4959699, size: 80 bytes, sha1: 70105932A824372BE087D135C83D22029E1EA6E0, compression: None.
LogPakFile: Display: "Engine/Content/Internationalization/icudt64l/lang/en_NR.res" offset: 4959832, size: 80 bytes, sha1: 53751B67C4A2777106E04AAD3C8D467F9131CC9F, compression: None.
LogPakFile: Display: "Engine/Content/Internationalization/icudt64l/lang/en_NU.res" offset: 4959965, size: 80 bytes, sha1: 53751B67C4A2777106E04AAD3C8D467F9131CC9F, compression: None.
LogPakFile: Display: "Engine/Content/Internationalization/icudt64l/lang/en_NZ.res" offset: 4960256, size: 108 bytes, sha1: D22B85DB58A722A08DD61B501951A530C1B9E44D, compression: None.
LogPakFile: Display: "Engine/Content/Internationalization/icudt64l/lang/en_PG.res" offset: 4960417, size: 80 bytes, sha1: 53751B67C4A2777106E04AAD3C8D467F9131CC9F, compression: None.
LogPakFile: Display: "Engine/Content/Internationalization/icudt64l/lang/en_PH.res" offset: 4960550, size: 80 bytes, sha1: 53751B67C4A2777106E04AAD3C8D467F9131CC9F, compression: None.
LogPakFile: Display: "Engine/Content/Internationalization/icudt64l/lang/en_PK.res" offset: 4960683, size: 80 bytes, sha1: 53751B67C4A2777106E04AAD3C8D467F9131CC9F, compression: None.
LogPakFile: Display: "Engine/Content/Internationalization/icudt64l/lang/en_PN.res" offset: 4960816, size: 80 bytes, sha1: 53751B67C4A2777106E04AAD3C8D467F9131CC9F, compression: None.
LogPakFile: Display: "Engine/Content/Internationalization/icudt64l/lang/en_PW.res" offset: 4960949, size: 80 bytes, sha1: 53751B67C4A2777106E04AAD3C8D467F9131CC9F, compression: None.
LogPakFile: Display: "Engine/Content/Internationalization/icudt64l/lang/en_RH.res" offset: 4961082, size: 88 bytes, sha1: D9703910E34200832EA5DEFA93E7C77E3879D6CD, compression: None.
LogPakFile: Display: "Engine/Content/Internationalization/icudt64l/lang/en_RW.res" offset: 4961223, size: 80 bytes, sha1: 53751B67C4A2777106E04AAD3C8D467F9131CC9F, compression: None.
LogPakFile: Display: "Engine/Content/Internationalization/icudt64l/lang/en_SB.res" offset: 4961356, size: 80 bytes, sha1: 53751B67C4A2777106E04AAD3C8D467F9131CC9F, compression: None.
LogPakFile: Display: "Engine/Content/Internationalization/icudt64l/lang/en_SC.res" offset: 4961489, size: 80 bytes, sha1: 53751B67C4A2777106E04AAD3C8D467F9131CC9F, compression: None.
LogPakFile: Display: "Engine/Content/Internationalization/icudt64l/lang/en_SD.res" offset: 4961622, size: 80 bytes, sha1: 53751B67C4A2777106E04AAD3C8D467F9131CC9F, compression: None.
LogPakFile: Display: "Engine/Content/Internationalization/icudt64l/lang/en_SE.res" offset: 4961755, size: 80 bytes, sha1: 70105932A824372BE087D135C83D22029E1EA6E0, compression: None.
LogPakFile: Display: "Engine/Content/Internationalization/icudt64l/lang/en_SG.res" offset: 4961888, size: 80 bytes, sha1: 53751B67C4A2777106E04AAD3C8D467F9131CC9F, compression: None.
LogPakFile: Display: "Engine/Content/Internationalization/icudt64l/lang/en_SH.res" offset: 4962021, size: 80 bytes, sha1: 53751B67C4A2777106E04AAD3C8D467F9131CC9F, compression: None.
LogPakFile: Display: "Engine/Content/Internationalization/icudt64l/lang/en_SI.res" offset: 4962154, size: 80 bytes, sha1: 70105932A824372BE087D135C83D22029E1EA6E0, compression: None.
LogPakFile: Display: "Engine/Content/Internationalization/icudt64l/lang/en_SL.res" offset: 4962304, size: 80 bytes, sha1: 53751B67C4A2777106E04AAD3C8D467F9131CC9F, compression: None.
LogPakFile: Display: "Engine/Content/Internationalization/icudt64l/lang/en_SS.res" offset: 4962437, size: 80 bytes, sha1: 53751B67C4A2777106E04AAD3C8D467F9131CC9F, compression: None.
LogPakFile: Display: "Engine/Content/Internationalization/icudt64l/lang/en_SX.res" offset: 4962570, size: 80 bytes, sha1: 53751B67C4A2777106E04AAD3C8D467F9131CC9F, compression: None.
LogPakFile: Display: "Engine/Content/Internationalization/icudt64l/lang/en_SZ.res" offset: 4962703, size: 80 bytes, sha1: 53751B67C4A2777106E04AAD3C8D467F9131CC9F, compression: None.
LogPakFile: Display: "Engine/Content/Internationalization/icudt64l/lang/en_TC.res" offset: 4962836, size: 80 bytes, sha1: 53751B67C4A2777106E04AAD3C8D467F9131CC9F, compression: None.
LogPakFile: Display: "Engine/Content/Internationalization/icudt64l/lang/en_TK.res" offset: 4962969, size: 80 bytes, sha1: 53751B67C4A2777106E04AAD3C8D467F9131CC9F, compression: None.
LogPakFile: Display: "Engine/Content/Internationalization/icudt64l/lang/en_TO.res" offset: 4963102, size: 80 bytes, sha1: 53751B67C4A2777106E04AAD3C8D467F9131CC9F, compression: None.
LogPakFile: Display: "Engine/Content/Internationalization/icudt64l/lang/en_TT.res" offset: 4963235, size: 80 bytes, sha1: 53751B67C4A2777106E04AAD3C8D467F9131CC9F, compression: None.
LogPakFile: Display: "Engine/Content/Internationalization/icudt64l/lang/en_TV.res" offset: 4963368, size: 80 bytes, sha1: 53751B67C4A2777106E04AAD3C8D467F9131CC9F, compression: None.
LogPakFile: Display: "Engine/Content/Internationalization/icudt64l/lang/en_TZ.res" offset: 4963501, size: 80 bytes, sha1: 53751B67C4A2777106E04AAD3C8D467F9131CC9F, compression: None.
LogPakFile: Display: "Engine/Content/Internationalization/icudt64l/lang/en_UG.res" offset: 4963634, size: 80 bytes, sha1: 53751B67C4A2777106E04AAD3C8D467F9131CC9F, compression: None.
LogPakFile: Display: "Engine/Content/Internationalization/icudt64l/lang/en_VC.res" offset: 4963767, size: 80 bytes, sha1: 53751B67C4A2777106E04AAD3C8D467F9131CC9F, compression: None.
LogPakFile: Display: "Engine/Content/Internationalization/icudt64l/lang/en_VG.res" offset: 4963900, size: 80 bytes, sha1: 53751B67C4A2777106E04AAD3C8D467F9131CC9F, compression: None.
LogPakFile: Display: "Engine/Content/Internationalization/icudt64l/lang/en_VU.res" offset: 4964033, size: 80 bytes, sha1: 53751B67C4A2777106E04AAD3C8D467F9131CC9F, compression: None.
LogPakFile: Display: "Engine/Content/Internationalization/icudt64l/lang/en_WS.res" offset: 4964166, size: 80 bytes, sha1: 53751B67C4A2777106E04AAD3C8D467F9131CC9F, compression: None.
LogPakFile: Display: "Engine/Content/Internationalization/icudt64l/lang/en_ZA.res" offset: 4964352, size: 80 bytes, sha1: 53751B67C4A2777106E04AAD3C8D467F9131CC9F, compression: None.
LogPakFile: Display: "Engine/Content/Internationalization/icudt64l/lang/en_ZM.res" offset: 4964485, size: 80 bytes, sha1: 53751B67C4A2777106E04AAD3C8D467F9131CC9F, compression: None.
LogPakFile: Display: "Engine/Content/Internationalization/icudt64l/lang/en_ZW.res" offset: 4964618, size: 80 bytes, sha1: 53751B67C4A2777106E04AAD3C8D467F9131CC9F, compression: None.
LogPakFile: Display: "Engine/Content/Internationalization/icudt64l/lang/es.res" offset: 4966400, size: 6841 bytes, sha1: FD1DE8CF5CB86AF93F15082F655CC65AD81419BE, compression: Oodle.
LogPakFile: Display: "Engine/Content/Internationalization/icudt64l/lang/es_419.res" offset: 4974592, size: 1307 bytes, sha1: A9637973B89AFDD17E577039BAF7AD548B818BB8, compression: Oodle.
LogPakFile: Display: "Engine/Content/Internationalization/icudt64l/lang/es_AR.res" offset: 4975972, size: 148 bytes, sha1: 51CF1B75E62601B5CD0E023EFE78F1326551DF32, compression: None.
LogPakFile: Display: "Engine/Content/Internationalization/icudt64l/lang/es_BO.res" offset: 4976173, size: 148 bytes, sha1: 51CF1B75E62601B5CD0E023EFE78F1326551DF32, compression: None.
LogPakFile: Display: "Engine/Content/Internationalization/icudt64l/lang/es_BR.res" offset: 4976374, size: 80 bytes, sha1: D7FFA4CC348ADB9233C7F315F9BC69F08F2C9EAA, compression: None.
LogPakFile: Display: "Engine/Content/Internationalization/icudt64l/lang/es_BZ.res" offset: 4976507, size: 80 bytes, sha1: D7FFA4CC348ADB9233C7F315F9BC69F08F2C9EAA, compression: None.
LogPakFile: Display: "Engine/Content/Internationalization/icudt64l/lang/es_CL.res" offset: 4976640, size: 232 bytes, sha1: 4C5CDED74AA8CC45ADFFBED952962005476337B1, compression: None.
LogPakFile: Display: "Engine/Content/Internationalization/icudt64l/lang/es_CO.res" offset: 4976925, size: 148 bytes, sha1: 51CF1B75E62601B5CD0E023EFE78F1326551DF32, compression: None.
LogPakFile: Display: "Engine/Content/Internationalization/icudt64l/lang/es_CR.res" offset: 4977126, size: 148 bytes, sha1: 51CF1B75E62601B5CD0E023EFE78F1326551DF32, compression: None.
LogPakFile: Display: "Engine/Content/Internationalization/icudt64l/lang/es_CU.res" offset: 4977327, size: 80 bytes, sha1: D7FFA4CC348ADB9233C7F315F9BC69F08F2C9EAA, compression: None.
LogPakFile: Display: "Engine/Content/Internationalization/icudt64l/lang/es_DO.res" offset: 4977460, size: 148 bytes, sha1: 51CF1B75E62601B5CD0E023EFE78F1326551DF32, compression: None.
LogPakFile: Display: "Engine/Content/Internationalization/icudt64l/lang/es_EC.res" offset: 4977661, size: 148 bytes, sha1: 51CF1B75E62601B5CD0E023EFE78F1326551DF32, compression: None.
LogPakFile: Display: "Engine/Content/Internationalization/icudt64l/lang/es_GT.res" offset: 4977862, size: 148 bytes, sha1: 51CF1B75E62601B5CD0E023EFE78F1326551DF32, compression: None.
LogPakFile: Display: "Engine/Content/Internationalization/icudt64l/lang/es_HN.res" offset: 4978063, size: 148 bytes, sha1: 51CF1B75E62601B5CD0E023EFE78F1326551DF32, compression: None.
LogPakFile: Display: "Engine/Content/Internationalization/icudt64l/lang/es_MX.res" offset: 4978688, size: 1118 bytes, sha1: 2EDCCD93CA2C5B5D49B0C89AEB20FE2891E42F25, compression: Oodle.
LogPakFile: Display: "Engine/Content/Internationalization/icudt64l/lang/es_NI.res" offset: 4979879, size: 148 bytes, sha1: 51CF1B75E62601B5CD0E023EFE78F1326551DF32, compression: None.
LogPakFile: Display: "Engine/Content/Internationalization/icudt64l/lang/es_PA.res" offset: 4980080, size: 148 bytes, sha1: 51CF1B75E62601B5CD0E023EFE78F1326551DF32, compression: None.
LogPakFile: Display: "Engine/Content/Internationalization/icudt64l/lang/es_PE.res" offset: 4980281, size: 168 bytes, sha1: 97D70EA7D341CEA5C5138CC67E1CE755D00A322A, compression: None.
LogPakFile: Display: "Engine/Content/Internationalization/icudt64l/lang/es_PR.res" offset: 4980502, size: 120 bytes, sha1: 704D477E7AC1C18D0870BC55BA0E9E63F4EDA810, compression: None.
LogPakFile: Display: "Engine/Content/Internationalization/icudt64l/lang/es_PY.res" offset: 4980736, size: 148 bytes, sha1: 51CF1B75E62601B5CD0E023EFE78F1326551DF32, compression: None.
LogPakFile: Display: "Engine/Content/Internationalization/icudt64l/lang/es_SV.res" offset: 4980937, size: 120 bytes, sha1: 704D477E7AC1C18D0870BC55BA0E9E63F4EDA810, compression: None.
LogPakFile: Display: "Engine/Content/Internationalization/icudt64l/lang/es_US.res" offset: 4981110, size: 468 bytes, sha1: 601583C96080FE8ACB9244D9D5694B2099DE2378, compression: None.
LogPakFile: Display: "Engine/Content/Internationalization/icudt64l/lang/es_UY.res" offset: 4981631, size: 80 bytes, sha1: D7FFA4CC348ADB9233C7F315F9BC69F08F2C9EAA, compression: None.
LogPakFile: Display: "Engine/Content/Internationalization/icudt64l/lang/es_VE.res" offset: 4981764, size: 148 bytes, sha1: 51CF1B75E62601B5CD0E023EFE78F1326551DF32, compression: None.
LogPakFile: Display: "Engine/Content/Internationalization/icudt64l/lang/fr.res" offset: 4982784, size: 8530 bytes, sha1: 91F72B462102825C6483715B4A1165016FFA9DBB, compression: Oodle.
LogPakFile: Display: "Engine/Content/Internationalization/icudt64l/lang/fr_BE.res" offset: 4991387, size: 180 bytes, sha1: 3680D7DBC5A6033223DA222D065B761B0FDB718A, compression: None.
LogPakFile: Display: "Engine/Content/Internationalization/icudt64l/lang/fr_CA.res" offset: 4993024, size: 1336 bytes, sha1: D2B639C268152BD357CFC29EB1AE696F94567841, compression: Oodle.
LogPakFile: Display: "Engine/Content/Internationalization/icudt64l/lang/fr_CH.res" offset: 4994433, size: 140 bytes, sha1: 8974819315EA5762664E20965009A4141BBBEB90, compression: None.
LogPakFile: Display: "Engine/Content/Internationalization/icudt64l/lang/it.res" offset: 4995072, size: 8737 bytes, sha1: 03A9B3E22DE87C784A7444E43C8EAE8FB3B139D7, compression: Oodle.
LogPakFile: Display: "Engine/Content/Internationalization/icudt64l/lang/ja.res" offset: 5005312, size: 9594 bytes, sha1: EAE6168BA6055886096F699C7E8EB8CFF8F4A6BF, compression: Oodle.
LogPakFile: Display: "Engine/Content/Internationalization/icudt64l/lang/ja_JP.res" offset: 5014979, size: 76 bytes, sha1: 0479B64323BF4058C55A0F955331C1C65C8540B3, compression: None.
LogPakFile: Display: "Engine/Content/Internationalization/icudt64l/lang/ja_JP_TRADITIONAL.res" offset: 5015108, size: 104 bytes, sha1: FA9A9357995B8BC522F053D94DA1231B219CFACC, compression: None.
LogPakFile: Display: "Engine/Content/Internationalization/icudt64l/lang/ko.res" offset: 5015552, size: 8706 bytes, sha1: BA3F9F5EE960074650023FBD6BCDA6498568C9CC, compression: Oodle.
LogPakFile: Display: "Engine/Content/Internationalization/icudt64l/lang/pool.res" offset: 5025792, size: 5614 bytes, sha1: 81AADB52FA153210F162ACADF85D140108EB71DC, compression: Oodle.
LogPakFile: Display: "Engine/Content/Internationalization/icudt64l/lang/root.res" offset: 5031479, size: 216 bytes, sha1: A436DD6BBEEB14206E691FE6DFB0583C5541F4C6, compression: None.
LogPakFile: Display: "Engine/Content/Internationalization/icudt64l/lang/zh.res" offset: 5031936, size: 9507 bytes, sha1: 8FD17ED8DC546DC88D0CDE2C19F2D745CC895F10, compression: Oodle.
LogPakFile: Display: "Engine/Content/Internationalization/icudt64l/lang/zh_CN.res" offset: 5041516, size: 100 bytes, sha1: 755CAC2B90CE3D1ACCB27CF81ACA728700007BFD, compression: None.
LogPakFile: Display: "Engine/Content/Internationalization/icudt64l/lang/zh_Hans.res" offset: 5041669, size: 96 bytes, sha1: CBD89DF9BB93738C28DBA1875A858C320B4BB19A, compression: None.
LogPakFile: Display: "Engine/Content/Internationalization/icudt64l/lang/zh_Hans_CN.res" offset: 5041818, size: 76 bytes, sha1: 0479B64323BF4058C55A0F955331C1C65C8540B3, compression: None.
LogPakFile: Display: "Engine/Content/Internationalization/icudt64l/lang/zh_Hans_SG.res" offset: 5041947, size: 76 bytes, sha1: 0479B64323BF4058C55A0F955331C1C65C8540B3, compression: None.
LogPakFile: Display: "Engine/Content/Internationalization/icudt64l/lang/zh_Hant.res" offset: 5042176, size: 10186 bytes, sha1: F46C48152BD5715BA7129083E681CA5F2EBBF4FE, compression: Oodle.
LogPakFile: Display: "Engine/Content/Internationalization/icudt64l/lang/zh_Hant_HK.res" offset: 5052435, size: 1574 bytes, sha1: E604994D291A414A73BDD3571CA452CE13D3B1EE, compression: Oodle.
LogPakFile: Display: "Engine/Content/Internationalization/icudt64l/lang/zh_Hant_MO.res" offset: 5054082, size: 80 bytes, sha1: 89D8419BE899018D2A7C8015971567D71C1D6EF5, compression: None.
LogPakFile: Display: "Engine/Content/Internationalization/icudt64l/lang/zh_Hant_TW.res" offset: 5054215, size: 76 bytes, sha1: 0479B64323BF4058C55A0F955331C1C65C8540B3, compression: None.
LogPakFile: Display: "Engine/Content/Internationalization/icudt64l/lang/zh_HK.res" offset: 5054464, size: 76 bytes, sha1: A8002E70230BA87CAA04B5A7E26D63854CB6F90F, compression: None.
LogPakFile: Display: "Engine/Content/Internationalization/icudt64l/lang/zh_MO.res" offset: 5054593, size: 100 bytes, sha1: 39B8582035114135CFA7BB6C4CF3329DCAB1E1E9, compression: None.
LogPakFile: Display: "Engine/Content/Internationalization/icudt64l/lang/zh_SG.res" offset: 5054746, size: 100 bytes, sha1: 24D5C03867D31E7760F2E7006C1DB52C55755BA4, compression: None.
LogPakFile: Display: "Engine/Content/Internationalization/icudt64l/lang/zh_TW.res" offset: 5054899, size: 100 bytes, sha1: CC04B540C1BB80438207E0B16EDCDD3A99D218C3, compression: None.
LogPakFile: Display: "Engine/Content/Internationalization/icudt64l/likelySubtags.res" offset: 5056512, size: 16567 bytes, sha1: 1049D1E4C5AA7988233402D92E8456C66B368724, compression: Oodle.
LogPakFile: Display: "Engine/Content/Internationalization/icudt64l/metadata.res" offset: 5074944, size: 13641 bytes, sha1: 44E79336F697913545A5566EAA0629501EBED7DC, compression: Oodle.
LogPakFile: Display: "Engine/Content/Internationalization/icudt64l/metaZones.res" offset: 5089280, size: 14074 bytes, sha1: B1EC24B9B7B3EFD3E2E85A86910124A466E8ABD6, compression: Oodle.
LogPakFile: Display: "Engine/Content/Internationalization/icudt64l/nfkc.nrm" offset: 5103616, size: 23466 bytes, sha1: 03405ED178D11AD18D8B9C2BCD802CD0478409D7, compression: Oodle.
LogPakFile: Display: "Engine/Content/Internationalization/icudt64l/nfkc_cf.nrm" offset: 5128192, size: 20775 bytes, sha1: 60B0FEE02035B5258CAF275DE7DD2FCCAE54EABF, compression: Oodle.
LogPakFile: Display: "Engine/Content/Internationalization/icudt64l/numberingSystems.res" offset: 5150720, size: 2417 bytes, sha1: BB9F40EBF4BAB1C48CC5907DF087A2A562B242D8, compression: Oodle.
LogPakFile: Display: "Engine/Content/Internationalization/icudt64l/pluralRanges.res" offset: 5153210, size: 1396 bytes, sha1: 450CA9A3706DBA84CA2E2F5620045088F7C77ACF, compression: Oodle.
LogPakFile: Display: "Engine/Content/Internationalization/icudt64l/plurals.res" offset: 5154816, size: 5451 bytes, sha1: 5372E6C40E5A90EAA07B44E8E3051EFBA7083FF9, compression: Oodle.
LogPakFile: Display: "Engine/Content/Internationalization/icudt64l/pool.res" offset: 5160960, size: 8224 bytes, sha1: 0140538C49E3CE0A6D8A717524B85C0620D6C6EC, compression: Oodle.
LogPakFile: Display: "Engine/Content/Internationalization/icudt64l/rbnf/de.res" offset: 5169257, size: 1254 bytes, sha1: DC00838EFEF789A22F1E166054339DCAD3C33FB7, compression: Oodle.
LogPakFile: Display: "Engine/Content/Internationalization/icudt64l/rbnf/de_CH.res" offset: 5171200, size: 1161 bytes, sha1: 1F1E90F719C98D146DD7C379AEC76BE5E9A6E2A0, compression: Oodle.
LogPakFile: Display: "Engine/Content/Internationalization/icudt64l/rbnf/en.res" offset: 5173248, size: 1894 bytes, sha1: 248577CFE857CB666F2BDFB44B25C7A618360F71, compression: Oodle.
LogPakFile: Display: "Engine/Content/Internationalization/icudt64l/rbnf/en_001.res" offset: 5175296, size: 100 bytes, sha1: B9E6062652B05144A3FA9DCDBB254385D493F43E, compression: None.
LogPakFile: Display: "Engine/Content/Internationalization/icudt64l/rbnf/en_IN.res" offset: 5175449, size: 1623 bytes, sha1: 4CFDB1F58F736284E7002A5D0403DFE001EB0102, compression: Oodle.
LogPakFile: Display: "Engine/Content/Internationalization/icudt64l/rbnf/es.res" offset: 5177344, size: 1802 bytes, sha1: 673E670F3150864359665090217D3CFC0781993E, compression: Oodle.
LogPakFile: Display: "Engine/Content/Internationalization/icudt64l/rbnf/es_419.res" offset: 5179392, size: 736 bytes, sha1: 3BC2571352397DE540467F1664729604920CBDD2, compression: None.
LogPakFile: Display: "Engine/Content/Internationalization/icudt64l/rbnf/es_DO.res" offset: 5180181, size: 96 bytes, sha1: E12801ED14CB0B7BB6252A3666C9C97820F15EE9, compression: None.
LogPakFile: Display: "Engine/Content/Internationalization/icudt64l/rbnf/es_GT.res" offset: 5180330, size: 96 bytes, sha1: E12801ED14CB0B7BB6252A3666C9C97820F15EE9, compression: None.
LogPakFile: Display: "Engine/Content/Internationalization/icudt64l/rbnf/es_HN.res" offset: 5180479, size: 96 bytes, sha1: E12801ED14CB0B7BB6252A3666C9C97820F15EE9, compression: None.
LogPakFile: Display: "Engine/Content/Internationalization/icudt64l/rbnf/es_MX.res" offset: 5180628, size: 96 bytes, sha1: E12801ED14CB0B7BB6252A3666C9C97820F15EE9, compression: None.
LogPakFile: Display: "Engine/Content/Internationalization/icudt64l/rbnf/es_NI.res" offset: 5180777, size: 96 bytes, sha1: E12801ED14CB0B7BB6252A3666C9C97820F15EE9, compression: None.
LogPakFile: Display: "Engine/Content/Internationalization/icudt64l/rbnf/es_PA.res" offset: 5180926, size: 96 bytes, sha1: E12801ED14CB0B7BB6252A3666C9C97820F15EE9, compression: None.
LogPakFile: Display: "Engine/Content/Internationalization/icudt64l/rbnf/es_PR.res" offset: 5181075, size: 96 bytes, sha1: E12801ED14CB0B7BB6252A3666C9C97820F15EE9, compression: None.
LogPakFile: Display: "Engine/Content/Internationalization/icudt64l/rbnf/es_SV.res" offset: 5181224, size: 96 bytes, sha1: E12801ED14CB0B7BB6252A3666C9C97820F15EE9, compression: None.
LogPakFile: Display: "Engine/Content/Internationalization/icudt64l/rbnf/es_US.res" offset: 5181440, size: 96 bytes, sha1: E12801ED14CB0B7BB6252A3666C9C97820F15EE9, compression: None.
LogPakFile: Display: "Engine/Content/Internationalization/icudt64l/rbnf/fr.res" offset: 5181589, size: 1667 bytes, sha1: 7B2045655F3B47078B8216F08D5D79C6F17898DA, compression: Oodle.
LogPakFile: Display: "Engine/Content/Internationalization/icudt64l/rbnf/fr_BE.res" offset: 5183488, size: 1517 bytes, sha1: EEC3D6E53724C77AB557CD1BF0A4BB9D6D0C4C23, compression: Oodle.
LogPakFile: Display: "Engine/Content/Internationalization/icudt64l/rbnf/fr_CH.res" offset: 5185536, size: 1518 bytes, sha1: 3F017BE6492D83638050C1D2FA1AAD89DFB1581A, compression: Oodle.
LogPakFile: Display: "Engine/Content/Internationalization/icudt64l/rbnf/it.res" offset: 5187584, size: 2550 bytes, sha1: 1329E71093EAEFD8C8FA9B291194E78EC6CA8287, compression: Oodle.
LogPakFile: Display: "Engine/Content/Internationalization/icudt64l/rbnf/ja.res" offset: 5190207, size: 790 bytes, sha1: 845981F56823BFC8CB51E087B221CA555FB83706, compression: Oodle.
LogPakFile: Display: "Engine/Content/Internationalization/icudt64l/rbnf/ko.res" offset: 5191680, size: 1576 bytes, sha1: 873111C56D5EC2C4390494BA3E2C948221EF04C1, compression: Oodle.
LogPakFile: Display: "Engine/Content/Internationalization/icudt64l/rbnf/root.res" offset: 5193728, size: 4012 bytes, sha1: 3133F81BCCE68634F680264A0D65960654CA5A80, compression: Oodle.
LogPakFile: Display: "Engine/Content/Internationalization/icudt64l/rbnf/zh.res" offset: 5197824, size: 1484 bytes, sha1: B8184FC791455A0DFF731A226E54C1BD77A19F97, compression: Oodle.
LogPakFile: Display: "Engine/Content/Internationalization/icudt64l/rbnf/zh_Hant.res" offset: 5199872, size: 1502 bytes, sha1: DB3B9CA2257F4D22A3070285BEBB9723870BD19D, compression: Oodle.
LogPakFile: Display: "Engine/Content/Internationalization/icudt64l/rbnf/zh_Hant_HK.res" offset: 5201447, size: 88 bytes, sha1: 7B56EF405386E67AD77E890927ACF9CE8EBA77C4, compression: None.
LogPakFile: Display: "Engine/Content/Internationalization/icudt64l/rbnf/zh_HK.res" offset: 5201588, size: 88 bytes, sha1: 7B56EF405386E67AD77E890927ACF9CE8EBA77C4, compression: None.
LogPakFile: Display: "Engine/Content/Internationalization/icudt64l/rbnf/zh_MO.res" offset: 5201729, size: 88 bytes, sha1: 7B56EF405386E67AD77E890927ACF9CE8EBA77C4, compression: None.
LogPakFile: Display: "Engine/Content/Internationalization/icudt64l/rbnf/zh_TW.res" offset: 5201920, size: 96 bytes, sha1: 0FFEE54D754C18D881CCCDE4E3E62F1D510C4A6B, compression: None.
LogPakFile: Display: "Engine/Content/Internationalization/icudt64l/region/de.res" offset: 5203968, size: 2817 bytes, sha1: E0F51ED4DE0022E9B4E0E669BDA10FBB6F6B996D, compression: Oodle.
LogPakFile: Display: "Engine/Content/Internationalization/icudt64l/region/de_AT.res" offset: 5206858, size: 140 bytes, sha1: DCA48CEF17C16CB159E5F3D35A99792C55286386, compression: None.
LogPakFile: Display: "Engine/Content/Internationalization/icudt64l/region/de_CH.res" offset: 5207051, size: 288 bytes, sha1: 55674EE5E2D1806B40DF83F806FCCFDD0FB3A91D, compression: None.
LogPakFile: Display: "Engine/Content/Internationalization/icudt64l/region/en.res" offset: 5208064, size: 2476 bytes, sha1: 4277D09D5E622C4BC6A3953D859D3E3477B6EB3B, compression: Oodle.
LogPakFile: Display: "Engine/Content/Internationalization/icudt64l/region/en_150.res" offset: 5210613, size: 80 bytes, sha1: 6C7893FE531F0CAD1794BBE341FB44FB04EDAD3C, compression: None.
LogPakFile: Display: "Engine/Content/Internationalization/icudt64l/region/en_AG.res" offset: 5210746, size: 80 bytes, sha1: 6C7893FE531F0CAD1794BBE341FB44FB04EDAD3C, compression: None.
LogPakFile: Display: "Engine/Content/Internationalization/icudt64l/region/en_AI.res" offset: 5210879, size: 80 bytes, sha1: 6C7893FE531F0CAD1794BBE341FB44FB04EDAD3C, compression: None.
LogPakFile: Display: "Engine/Content/Internationalization/icudt64l/region/en_AT.res" offset: 5211012, size: 80 bytes, sha1: C24CB273556631E20F2ABF472B039434927C81B2, compression: None.
LogPakFile: Display: "Engine/Content/Internationalization/icudt64l/region/en_AU.res" offset: 5211145, size: 80 bytes, sha1: 81D314B013799111D57B4A0CFE5B776B750CEC2E, compression: None.
LogPakFile: Display: "Engine/Content/Internationalization/icudt64l/region/en_BB.res" offset: 5211278, size: 80 bytes, sha1: 6C7893FE531F0CAD1794BBE341FB44FB04EDAD3C, compression: None.
LogPakFile: Display: "Engine/Content/Internationalization/icudt64l/region/en_BE.res" offset: 5211411, size: 80 bytes, sha1: 8B230F0DACDFB92374230738E1B4DC1AA8ED37B8, compression: None.
LogPakFile: Display: "Engine/Content/Internationalization/icudt64l/region/en_BM.res" offset: 5211544, size: 80 bytes, sha1: 6C7893FE531F0CAD1794BBE341FB44FB04EDAD3C, compression: None.
LogPakFile: Display: "Engine/Content/Internationalization/icudt64l/region/en_BS.res" offset: 5211677, size: 80 bytes, sha1: 6C7893FE531F0CAD1794BBE341FB44FB04EDAD3C, compression: None.
LogPakFile: Display: "Engine/Content/Internationalization/icudt64l/region/en_BW.res" offset: 5211810, size: 80 bytes, sha1: 6C7893FE531F0CAD1794BBE341FB44FB04EDAD3C, compression: None.
LogPakFile: Display: "Engine/Content/Internationalization/icudt64l/region/en_BZ.res" offset: 5211943, size: 80 bytes, sha1: 6C7893FE531F0CAD1794BBE341FB44FB04EDAD3C, compression: None.
LogPakFile: Display: "Engine/Content/Internationalization/icudt64l/region/en_CA.res" offset: 5212160, size: 80 bytes, sha1: 44DA4ED9AB16B1D0779F014DE0587C42C7F3082D, compression: None.
LogPakFile: Display: "Engine/Content/Internationalization/icudt64l/region/en_CC.res" offset: 5212293, size: 80 bytes, sha1: 6C7893FE531F0CAD1794BBE341FB44FB04EDAD3C, compression: None.
LogPakFile: Display: "Engine/Content/Internationalization/icudt64l/region/en_CH.res" offset: 5212426, size: 100 bytes, sha1: 13744D89D0CEA178EB4D1E9DDFEC9137AD3C3AB4, compression: None.
LogPakFile: Display: "Engine/Content/Internationalization/icudt64l/region/en_CK.res" offset: 5212579, size: 80 bytes, sha1: 6C7893FE531F0CAD1794BBE341FB44FB04EDAD3C, compression: None.
LogPakFile: Display: "Engine/Content/Internationalization/icudt64l/region/en_CM.res" offset: 5212712, size: 80 bytes, sha1: 6C7893FE531F0CAD1794BBE341FB44FB04EDAD3C, compression: None.
LogPakFile: Display: "Engine/Content/Internationalization/icudt64l/region/en_CX.res" offset: 5212845, size: 80 bytes, sha1: 6C7893FE531F0CAD1794BBE341FB44FB04EDAD3C, compression: None.
LogPakFile: Display: "Engine/Content/Internationalization/icudt64l/region/en_CY.res" offset: 5212978, size: 80 bytes, sha1: 6C7893FE531F0CAD1794BBE341FB44FB04EDAD3C, compression: None.
LogPakFile: Display: "Engine/Content/Internationalization/icudt64l/region/en_DE.res" offset: 5213111, size: 80 bytes, sha1: C24CB273556631E20F2ABF472B039434927C81B2, compression: None.
LogPakFile: Display: "Engine/Content/Internationalization/icudt64l/region/en_DG.res" offset: 5213244, size: 80 bytes, sha1: 6C7893FE531F0CAD1794BBE341FB44FB04EDAD3C, compression: None.
LogPakFile: Display: "Engine/Content/Internationalization/icudt64l/region/en_DK.res" offset: 5213377, size: 80 bytes, sha1: C24CB273556631E20F2ABF472B039434927C81B2, compression: None.
LogPakFile: Display: "Engine/Content/Internationalization/icudt64l/region/en_DM.res" offset: 5213510, size: 80 bytes, sha1: 6C7893FE531F0CAD1794BBE341FB44FB04EDAD3C, compression: None.
LogPakFile: Display: "Engine/Content/Internationalization/icudt64l/region/en_ER.res" offset: 5213643, size: 80 bytes, sha1: 6C7893FE531F0CAD1794BBE341FB44FB04EDAD3C, compression: None.
LogPakFile: Display: "Engine/Content/Internationalization/icudt64l/region/en_FI.res" offset: 5213776, size: 80 bytes, sha1: C24CB273556631E20F2ABF472B039434927C81B2, compression: None.
LogPakFile: Display: "Engine/Content/Internationalization/icudt64l/region/en_FJ.res" offset: 5213909, size: 80 bytes, sha1: 6C7893FE531F0CAD1794BBE341FB44FB04EDAD3C, compression: None.
LogPakFile: Display: "Engine/Content/Internationalization/icudt64l/region/en_FK.res" offset: 5214042, size: 80 bytes, sha1: 6C7893FE531F0CAD1794BBE341FB44FB04EDAD3C, compression: None.
LogPakFile: Display: "Engine/Content/Internationalization/icudt64l/region/en_FM.res" offset: 5214208, size: 80 bytes, sha1: 6C7893FE531F0CAD1794BBE341FB44FB04EDAD3C, compression: None.
LogPakFile: Display: "Engine/Content/Internationalization/icudt64l/region/en_GB.res" offset: 5214341, size: 436 bytes, sha1: DC68BBDF5F4FC1544A455EB5B9D4E496E78EF6FC, compression: None.
LogPakFile: Display: "Engine/Content/Internationalization/icudt64l/region/en_GD.res" offset: 5214830, size: 80 bytes, sha1: 6C7893FE531F0CAD1794BBE341FB44FB04EDAD3C, compression: None.
LogPakFile: Display: "Engine/Content/Internationalization/icudt64l/region/en_GG.res" offset: 5214963, size: 80 bytes, sha1: 6C7893FE531F0CAD1794BBE341FB44FB04EDAD3C, compression: None.
LogPakFile: Display: "Engine/Content/Internationalization/icudt64l/region/en_GH.res" offset: 5215096, size: 80 bytes, sha1: 6C7893FE531F0CAD1794BBE341FB44FB04EDAD3C, compression: None.
LogPakFile: Display: "Engine/Content/Internationalization/icudt64l/region/en_GI.res" offset: 5215229, size: 80 bytes, sha1: 6C7893FE531F0CAD1794BBE341FB44FB04EDAD3C, compression: None.
LogPakFile: Display: "Engine/Content/Internationalization/icudt64l/region/en_GM.res" offset: 5215362, size: 80 bytes, sha1: 6C7893FE531F0CAD1794BBE341FB44FB04EDAD3C, compression: None.
LogPakFile: Display: "Engine/Content/Internationalization/icudt64l/region/en_GY.res" offset: 5215495, size: 80 bytes, sha1: 6C7893FE531F0CAD1794BBE341FB44FB04EDAD3C, compression: None.
LogPakFile: Display: "Engine/Content/Internationalization/icudt64l/region/en_HK.res" offset: 5215628, size: 80 bytes, sha1: 44DA4ED9AB16B1D0779F014DE0587C42C7F3082D, compression: None.
LogPakFile: Display: "Engine/Content/Internationalization/icudt64l/region/en_IE.res" offset: 5215761, size: 80 bytes, sha1: 6C7893FE531F0CAD1794BBE341FB44FB04EDAD3C, compression: None.
LogPakFile: Display: "Engine/Content/Internationalization/icudt64l/region/en_IL.res" offset: 5215894, size: 80 bytes, sha1: 6C7893FE531F0CAD1794BBE341FB44FB04EDAD3C, compression: None.
LogPakFile: Display: "Engine/Content/Internationalization/icudt64l/region/en_IM.res" offset: 5216027, size: 80 bytes, sha1: 6C7893FE531F0CAD1794BBE341FB44FB04EDAD3C, compression: None.
LogPakFile: Display: "Engine/Content/Internationalization/icudt64l/region/en_IN.res" offset: 5216256, size: 100 bytes, sha1: C01208906A2833CA5D5C2C908A1E1EDA01C1BCCF, compression: None.
LogPakFile: Display: "Engine/Content/Internationalization/icudt64l/region/en_IO.res" offset: 5216409, size: 80 bytes, sha1: 6C7893FE531F0CAD1794BBE341FB44FB04EDAD3C, compression: None.
LogPakFile: Display: "Engine/Content/Internationalization/icudt64l/region/en_JE.res" offset: 5216542, size: 80 bytes, sha1: 6C7893FE531F0CAD1794BBE341FB44FB04EDAD3C, compression: None.
LogPakFile: Display: "Engine/Content/Internationalization/icudt64l/region/en_JM.res" offset: 5216675, size: 80 bytes, sha1: 6C7893FE531F0CAD1794BBE341FB44FB04EDAD3C, compression: None.
LogPakFile: Display: "Engine/Content/Internationalization/icudt64l/region/en_KE.res" offset: 5216808, size: 80 bytes, sha1: 6C7893FE531F0CAD1794BBE341FB44FB04EDAD3C, compression: None.
LogPakFile: Display: "Engine/Content/Internationalization/icudt64l/region/en_KI.res" offset: 5216941, size: 80 bytes, sha1: 6C7893FE531F0CAD1794BBE341FB44FB04EDAD3C, compression: None.
LogPakFile: Display: "Engine/Content/Internationalization/icudt64l/region/en_KN.res" offset: 5217074, size: 80 bytes, sha1: 6C7893FE531F0CAD1794BBE341FB44FB04EDAD3C, compression: None.
LogPakFile: Display: "Engine/Content/Internationalization/icudt64l/region/en_KY.res" offset: 5217207, size: 80 bytes, sha1: 6C7893FE531F0CAD1794BBE341FB44FB04EDAD3C, compression: None.
LogPakFile: Display: "Engine/Content/Internationalization/icudt64l/region/en_LC.res" offset: 5217340, size: 80 bytes, sha1: 6C7893FE531F0CAD1794BBE341FB44FB04EDAD3C, compression: None.
LogPakFile: Display: "Engine/Content/Internationalization/icudt64l/region/en_LR.res" offset: 5217473, size: 80 bytes, sha1: 6C7893FE531F0CAD1794BBE341FB44FB04EDAD3C, compression: None.
LogPakFile: Display: "Engine/Content/Internationalization/icudt64l/region/en_LS.res" offset: 5217606, size: 80 bytes, sha1: 6C7893FE531F0CAD1794BBE341FB44FB04EDAD3C, compression: None.
LogPakFile: Display: "Engine/Content/Internationalization/icudt64l/region/en_MG.res" offset: 5217739, size: 80 bytes, sha1: 6C7893FE531F0CAD1794BBE341FB44FB04EDAD3C, compression: None.
LogPakFile: Display: "Engine/Content/Internationalization/icudt64l/region/en_MO.res" offset: 5217872, size: 80 bytes, sha1: 6C7893FE531F0CAD1794BBE341FB44FB04EDAD3C, compression: None.
LogPakFile: Display: "Engine/Content/Internationalization/icudt64l/region/en_MS.res" offset: 5218005, size: 80 bytes, sha1: 6C7893FE531F0CAD1794BBE341FB44FB04EDAD3C, compression: None.
LogPakFile: Display: "Engine/Content/Internationalization/icudt64l/region/en_MT.res" offset: 5218138, size: 80 bytes, sha1: 6C7893FE531F0CAD1794BBE341FB44FB04EDAD3C, compression: None.
LogPakFile: Display: "Engine/Content/Internationalization/icudt64l/region/en_MU.res" offset: 5218304, size: 80 bytes, sha1: 6C7893FE531F0CAD1794BBE341FB44FB04EDAD3C, compression: None.
LogPakFile: Display: "Engine/Content/Internationalization/icudt64l/region/en_MW.res" offset: 5218437, size: 80 bytes, sha1: 6C7893FE531F0CAD1794BBE341FB44FB04EDAD3C, compression: None.
LogPakFile: Display: "Engine/Content/Internationalization/icudt64l/region/en_MY.res" offset: 5218570, size: 80 bytes, sha1: 729E0BECB5D8F7C73BBFA17A199C7066FFD3C171, compression: None.
LogPakFile: Display: "Engine/Content/Internationalization/icudt64l/region/en_NA.res" offset: 5218703, size: 80 bytes, sha1: 729E0BECB5D8F7C73BBFA17A199C7066FFD3C171, compression: None.
LogPakFile: Display: "Engine/Content/Internationalization/icudt64l/region/en_NF.res" offset: 5218836, size: 80 bytes, sha1: 729E0BECB5D8F7C73BBFA17A199C7066FFD3C171, compression: None.
LogPakFile: Display: "Engine/Content/Internationalization/icudt64l/region/en_NG.res" offset: 5218969, size: 100 bytes, sha1: 1173095F61D65E39E7140EE281B68A894D0431AC, compression: None.
LogPakFile: Display: "Engine/Content/Internationalization/icudt64l/region/en_NH.res" offset: 5219122, size: 88 bytes, sha1: 99DCA6C178742CE8BDE936E4AE813D5E8762908D, compression: None.
LogPakFile: Display: "Engine/Content/Internationalization/icudt64l/region/en_NL.res" offset: 5219263, size: 80 bytes, sha1: F929487209D5ACA2080B897807B75E85559D5714, compression: None.
LogPakFile: Display: "Engine/Content/Internationalization/icudt64l/region/en_NR.res" offset: 5219396, size: 80 bytes, sha1: 729E0BECB5D8F7C73BBFA17A199C7066FFD3C171, compression: None.
LogPakFile: Display: "Engine/Content/Internationalization/icudt64l/region/en_NU.res" offset: 5219529, size: 80 bytes, sha1: 729E0BECB5D8F7C73BBFA17A199C7066FFD3C171, compression: None.
LogPakFile: Display: "Engine/Content/Internationalization/icudt64l/region/en_NZ.res" offset: 5219662, size: 80 bytes, sha1: 44DA4ED9AB16B1D0779F014DE0587C42C7F3082D, compression: None.
LogPakFile: Display: "Engine/Content/Internationalization/icudt64l/region/en_PG.res" offset: 5219795, size: 80 bytes, sha1: 729E0BECB5D8F7C73BBFA17A199C7066FFD3C171, compression: None.
LogPakFile: Display: "Engine/Content/Internationalization/icudt64l/region/en_PH.res" offset: 5219928, size: 80 bytes, sha1: 729E0BECB5D8F7C73BBFA17A199C7066FFD3C171, compression: None.
LogPakFile: Display: "Engine/Content/Internationalization/icudt64l/region/en_PK.res" offset: 5220061, size: 80 bytes, sha1: 729E0BECB5D8F7C73BBFA17A199C7066FFD3C171, compression: None.
LogPakFile: Display: "Engine/Content/Internationalization/icudt64l/region/en_PN.res" offset: 5220194, size: 80 bytes, sha1: 729E0BECB5D8F7C73BBFA17A199C7066FFD3C171, compression: None.
LogPakFile: Display: "Engine/Content/Internationalization/icudt64l/region/en_PW.res" offset: 5220352, size: 80 bytes, sha1: 729E0BECB5D8F7C73BBFA17A199C7066FFD3C171, compression: None.
LogPakFile: Display: "Engine/Content/Internationalization/icudt64l/region/en_RH.res" offset: 5220485, size: 88 bytes, sha1: 21C78206994CEF76D962C8EAEA9769D3ECA21E1C, compression: None.
LogPakFile: Display: "Engine/Content/Internationalization/icudt64l/region/en_RW.res" offset: 5220626, size: 80 bytes, sha1: 729E0BECB5D8F7C73BBFA17A199C7066FFD3C171, compression: None.
LogPakFile: Display: "Engine/Content/Internationalization/icudt64l/region/en_SB.res" offset: 5220759, size: 80 bytes, sha1: 729E0BECB5D8F7C73BBFA17A199C7066FFD3C171, compression: None.
LogPakFile: Display: "Engine/Content/Internationalization/icudt64l/region/en_SC.res" offset: 5220892, size: 80 bytes, sha1: 729E0BECB5D8F7C73BBFA17A199C7066FFD3C171, compression: None.
LogPakFile: Display: "Engine/Content/Internationalization/icudt64l/region/en_SD.res" offset: 5221025, size: 80 bytes, sha1: 729E0BECB5D8F7C73BBFA17A199C7066FFD3C171, compression: None.
LogPakFile: Display: "Engine/Content/Internationalization/icudt64l/region/en_SE.res" offset: 5221158, size: 80 bytes, sha1: F929487209D5ACA2080B897807B75E85559D5714, compression: None.
LogPakFile: Display: "Engine/Content/Internationalization/icudt64l/region/en_SG.res" offset: 5221291, size: 80 bytes, sha1: 729E0BECB5D8F7C73BBFA17A199C7066FFD3C171, compression: None.
LogPakFile: Display: "Engine/Content/Internationalization/icudt64l/region/en_SH.res" offset: 5221424, size: 80 bytes, sha1: 729E0BECB5D8F7C73BBFA17A199C7066FFD3C171, compression: None.
LogPakFile: Display: "Engine/Content/Internationalization/icudt64l/region/en_SI.res" offset: 5221557, size: 80 bytes, sha1: F929487209D5ACA2080B897807B75E85559D5714, compression: None.
LogPakFile: Display: "Engine/Content/Internationalization/icudt64l/region/en_SL.res" offset: 5221690, size: 80 bytes, sha1: 729E0BECB5D8F7C73BBFA17A199C7066FFD3C171, compression: None.
LogPakFile: Display: "Engine/Content/Internationalization/icudt64l/region/en_SS.res" offset: 5221823, size: 80 bytes, sha1: 729E0BECB5D8F7C73BBFA17A199C7066FFD3C171, compression: None.
LogPakFile: Display: "Engine/Content/Internationalization/icudt64l/region/en_SX.res" offset: 5221956, size: 80 bytes, sha1: 729E0BECB5D8F7C73BBFA17A199C7066FFD3C171, compression: None.
LogPakFile: Display: "Engine/Content/Internationalization/icudt64l/region/en_SZ.res" offset: 5222089, size: 80 bytes, sha1: 729E0BECB5D8F7C73BBFA17A199C7066FFD3C171, compression: None.
LogPakFile: Display: "Engine/Content/Internationalization/icudt64l/region/en_TC.res" offset: 5222222, size: 80 bytes, sha1: 729E0BECB5D8F7C73BBFA17A199C7066FFD3C171, compression: None.
LogPakFile: Display: "Engine/Content/Internationalization/icudt64l/region/en_TK.res" offset: 5222400, size: 80 bytes, sha1: 729E0BECB5D8F7C73BBFA17A199C7066FFD3C171, compression: None.
LogPakFile: Display: "Engine/Content/Internationalization/icudt64l/region/en_TO.res" offset: 5222533, size: 80 bytes, sha1: 729E0BECB5D8F7C73BBFA17A199C7066FFD3C171, compression: None.
LogPakFile: Display: "Engine/Content/Internationalization/icudt64l/region/en_TT.res" offset: 5222666, size: 80 bytes, sha1: 729E0BECB5D8F7C73BBFA17A199C7066FFD3C171, compression: None.
LogPakFile: Display: "Engine/Content/Internationalization/icudt64l/region/en_TV.res" offset: 5222799, size: 80 bytes, sha1: 729E0BECB5D8F7C73BBFA17A199C7066FFD3C171, compression: None.
LogPakFile: Display: "Engine/Content/Internationalization/icudt64l/region/en_TZ.res" offset: 5222932, size: 80 bytes, sha1: 729E0BECB5D8F7C73BBFA17A199C7066FFD3C171, compression: None.
LogPakFile: Display: "Engine/Content/Internationalization/icudt64l/region/en_UG.res" offset: 5223065, size: 80 bytes, sha1: 729E0BECB5D8F7C73BBFA17A199C7066FFD3C171, compression: None.
LogPakFile: Display: "Engine/Content/Internationalization/icudt64l/region/en_VC.res" offset: 5223198, size: 80 bytes, sha1: 729E0BECB5D8F7C73BBFA17A199C7066FFD3C171, compression: None.
LogPakFile: Display: "Engine/Content/Internationalization/icudt64l/region/en_VG.res" offset: 5223331, size: 80 bytes, sha1: 729E0BECB5D8F7C73BBFA17A199C7066FFD3C171, compression: None.
LogPakFile: Display: "Engine/Content/Internationalization/icudt64l/region/en_VU.res" offset: 5223464, size: 80 bytes, sha1: 729E0BECB5D8F7C73BBFA17A199C7066FFD3C171, compression: None.
LogPakFile: Display: "Engine/Content/Internationalization/icudt64l/region/en_WS.res" offset: 5223597, size: 80 bytes, sha1: 729E0BECB5D8F7C73BBFA17A199C7066FFD3C171, compression: None.
LogPakFile: Display: "Engine/Content/Internationalization/icudt64l/region/en_ZA.res" offset: 5223730, size: 80 bytes, sha1: 729E0BECB5D8F7C73BBFA17A199C7066FFD3C171, compression: None.
LogPakFile: Display: "Engine/Content/Internationalization/icudt64l/region/en_ZM.res" offset: 5223863, size: 80 bytes, sha1: 729E0BECB5D8F7C73BBFA17A199C7066FFD3C171, compression: None.
LogPakFile: Display: "Engine/Content/Internationalization/icudt64l/region/en_ZW.res" offset: 5223996, size: 80 bytes, sha1: 729E0BECB5D8F7C73BBFA17A199C7066FFD3C171, compression: None.
LogPakFile: Display: "Engine/Content/Internationalization/icudt64l/region/es.res" offset: 5224448, size: 2591 bytes, sha1: 0125ED17E249E6F07CF0EE1DED21811F3AE6910C, compression: Oodle.
LogPakFile: Display: "Engine/Content/Internationalization/icudt64l/region/es_419.res" offset: 5227112, size: 972 bytes, sha1: 9C672DF4497E7F88CA91C1EF2B7D4CD030E0EF5B, compression: None.
LogPakFile: Display: "Engine/Content/Internationalization/icudt64l/region/es_AR.res" offset: 5228137, size: 128 bytes, sha1: 9DB409DC4EE85A400AFEF7839F50AC4CCC771015, compression: None.
LogPakFile: Display: "Engine/Content/Internationalization/icudt64l/region/es_BO.res" offset: 5228318, size: 124 bytes, sha1: B385A8E4532C0741470FAD05C3FB5B39EDE650B5, compression: None.
LogPakFile: Display: "Engine/Content/Internationalization/icudt64l/region/es_BR.res" offset: 5228544, size: 80 bytes, sha1: DBFE0DEAB6736594F41EFD92C6DF9C854BF4B53A, compression: None.
LogPakFile: Display: "Engine/Content/Internationalization/icudt64l/region/es_BZ.res" offset: 5228677, size: 80 bytes, sha1: DBFE0DEAB6736594F41EFD92C6DF9C854BF4B53A, compression: None.
LogPakFile: Display: "Engine/Content/Internationalization/icudt64l/region/es_CL.res" offset: 5228810, size: 164 bytes, sha1: C4D586383B731A9DB5991E17AB0F1EDCE16CCE0F, compression: None.
LogPakFile: Display: "Engine/Content/Internationalization/icudt64l/region/es_CO.res" offset: 5229027, size: 128 bytes, sha1: 9DB409DC4EE85A400AFEF7839F50AC4CCC771015, compression: None.
LogPakFile: Display: "Engine/Content/Internationalization/icudt64l/region/es_CR.res" offset: 5229208, size: 124 bytes, sha1: B385A8E4532C0741470FAD05C3FB5B39EDE650B5, compression: None.
LogPakFile: Display: "Engine/Content/Internationalization/icudt64l/region/es_CU.res" offset: 5229385, size: 80 bytes, sha1: DBFE0DEAB6736594F41EFD92C6DF9C854BF4B53A, compression: None.
LogPakFile: Display: "Engine/Content/Internationalization/icudt64l/region/es_DO.res" offset: 5229518, size: 124 bytes, sha1: B385A8E4532C0741470FAD05C3FB5B39EDE650B5, compression: None.
LogPakFile: Display: "Engine/Content/Internationalization/icudt64l/region/es_EC.res" offset: 5229695, size: 124 bytes, sha1: B385A8E4532C0741470FAD05C3FB5B39EDE650B5, compression: None.
LogPakFile: Display: "Engine/Content/Internationalization/icudt64l/region/es_GT.res" offset: 5229872, size: 124 bytes, sha1: B385A8E4532C0741470FAD05C3FB5B39EDE650B5, compression: None.
LogPakFile: Display: "Engine/Content/Internationalization/icudt64l/region/es_HN.res" offset: 5230049, size: 124 bytes, sha1: B385A8E4532C0741470FAD05C3FB5B39EDE650B5, compression: None.
LogPakFile: Display: "Engine/Content/Internationalization/icudt64l/region/es_MX.res" offset: 5230592, size: 460 bytes, sha1: 2E249A4C765C1EE4D0342919C4E419A2203A3BBE, compression: None.
LogPakFile: Display: "Engine/Content/Internationalization/icudt64l/region/es_NI.res" offset: 5231105, size: 124 bytes, sha1: B385A8E4532C0741470FAD05C3FB5B39EDE650B5, compression: None.
LogPakFile: Display: "Engine/Content/Internationalization/icudt64l/region/es_PA.res" offset: 5231282, size: 124 bytes, sha1: B385A8E4532C0741470FAD05C3FB5B39EDE650B5, compression: None.
LogPakFile: Display: "Engine/Content/Internationalization/icudt64l/region/es_PE.res" offset: 5231459, size: 144 bytes, sha1: 480227B096DBFC4F294D6F9D00F945A2997577DD, compression: None.
LogPakFile: Display: "Engine/Content/Internationalization/icudt64l/region/es_PR.res" offset: 5231656, size: 96 bytes, sha1: A5093F443EC1FF0BCFF41513EC07E997250FC221, compression: None.
LogPakFile: Display: "Engine/Content/Internationalization/icudt64l/region/es_PY.res" offset: 5231805, size: 124 bytes, sha1: B385A8E4532C0741470FAD05C3FB5B39EDE650B5, compression: None.
LogPakFile: Display: "Engine/Content/Internationalization/icudt64l/region/es_SV.res" offset: 5231982, size: 96 bytes, sha1: A5093F443EC1FF0BCFF41513EC07E997250FC221, compression: None.
LogPakFile: Display: "Engine/Content/Internationalization/icudt64l/region/es_US.res" offset: 5232131, size: 220 bytes, sha1: 1AECDBC5154E7450306403784DCD439463A6765D, compression: None.
LogPakFile: Display: "Engine/Content/Internationalization/icudt64l/region/es_UY.res" offset: 5232404, size: 80 bytes, sha1: DBFE0DEAB6736594F41EFD92C6DF9C854BF4B53A, compression: None.
LogPakFile: Display: "Engine/Content/Internationalization/icudt64l/region/es_VE.res" offset: 5232640, size: 124 bytes, sha1: B385A8E4532C0741470FAD05C3FB5B39EDE650B5, compression: None.
LogPakFile: Display: "Engine/Content/Internationalization/icudt64l/region/fr.res" offset: 5234688, size: 2885 bytes, sha1: E11D5F544775E518D6B9780392EEDCE8A02F95DC, compression: Oodle.
LogPakFile: Display: "Engine/Content/Internationalization/icudt64l/region/fr_BE.res" offset: 5237646, size: 176 bytes, sha1: B6A56ED74BBE401E044EB306FA7132999B50EF41, compression: None.
LogPakFile: Display: "Engine/Content/Internationalization/icudt64l/region/fr_CA.res" offset: 5237875, size: 701 bytes, sha1: 4959CD5E057EB087B09E3FEF44511DB6B04B1B10, compression: Oodle.
LogPakFile: Display: "Engine/Content/Internationalization/icudt64l/region/it.res" offset: 5238784, size: 2555 bytes, sha1: CACC9AA080173D3CA0E1E377449FC837EEA17E9E, compression: Oodle.
LogPakFile: Display: "Engine/Content/Internationalization/icudt64l/region/ja.res" offset: 5242880, size: 2957 bytes, sha1: AC2C1BAD8CB734195AA33731B6B63AC633548336, compression: Oodle.
LogPakFile: Display: "Engine/Content/Internationalization/icudt64l/region/ja_JP.res" offset: 5245910, size: 76 bytes, sha1: 5F88750BEB3E02CF38C0A85D220F1110D460FE11, compression: None.
LogPakFile: Display: "Engine/Content/Internationalization/icudt64l/region/ja_JP_TRADITIONAL.res" offset: 5246039, size: 104 bytes, sha1: 429E2B6E4986700A0E69BAF9A57FCE5B3BCB371C, compression: None.
LogPakFile: Display: "Engine/Content/Internationalization/icudt64l/region/ko.res" offset: 5246976, size: 3120 bytes, sha1: B8A9E3B77E9390799E7E6CCFF124BAFB2C1B3CFA, compression: Oodle.
LogPakFile: Display: "Engine/Content/Internationalization/icudt64l/region/ko_KP.res" offset: 5250169, size: 116 bytes, sha1: B36C285EA2CA45737C9DAA0A8B987F4B8596F201, compression: None.
LogPakFile: Display: "Engine/Content/Internationalization/icudt64l/region/pool.res" offset: 5251072, size: 2103 bytes, sha1: 34C9AF0E1564FED6C74D0732169FBF716029F623, compression: Oodle.
LogPakFile: Display: "Engine/Content/Internationalization/icudt64l/region/root.res" offset: 5253248, size: 96 bytes, sha1: EE3ED0BA879ACCF70C46637649520A76E2159BF9, compression: None.
LogPakFile: Display: "Engine/Content/Internationalization/icudt64l/region/zh.res" offset: 5255168, size: 3109 bytes, sha1: 74CA96CB6D3F4016668B4298482570B51D1C25BA, compression: Oodle.
LogPakFile: Display: "Engine/Content/Internationalization/icudt64l/region/zh_CN.res" offset: 5258350, size: 100 bytes, sha1: 8838A41A00CB0203AA9EF4FCB13F36CEBFAED784, compression: None.
LogPakFile: Display: "Engine/Content/Internationalization/icudt64l/region/zh_Hans.res" offset: 5258503, size: 76 bytes, sha1: CA7464DC790A3549A6F5D5F54054C29575FC0F45, compression: None.
LogPakFile: Display: "Engine/Content/Internationalization/icudt64l/region/zh_Hans_CN.res" offset: 5258632, size: 76 bytes, sha1: 5F88750BEB3E02CF38C0A85D220F1110D460FE11, compression: None.
LogPakFile: Display: "Engine/Content/Internationalization/icudt64l/region/zh_Hans_SG.res" offset: 5258761, size: 76 bytes, sha1: 5F88750BEB3E02CF38C0A85D220F1110D460FE11, compression: None.
LogPakFile: Display: "Engine/Content/Internationalization/icudt64l/region/zh_Hant.res" offset: 5259264, size: 3098 bytes, sha1: 10002A04E23195CE1BE15B4B3527AD47B68948CC, compression: Oodle.
LogPakFile: Display: "Engine/Content/Internationalization/icudt64l/region/zh_Hant_HK.res" offset: 5263360, size: 1292 bytes, sha1: DC16EC124CDADFFBDE6459DAE7C9B09161896EE1, compression: Oodle.
LogPakFile: Display: "Engine/Content/Internationalization/icudt64l/region/zh_Hant_MO.res" offset: 5264725, size: 80 bytes, sha1: D27D6160787B37EFD0824D0D9260CF5854A494FB, compression: None.
LogPakFile: Display: "Engine/Content/Internationalization/icudt64l/region/zh_Hant_TW.res" offset: 5264858, size: 76 bytes, sha1: 5F88750BEB3E02CF38C0A85D220F1110D460FE11, compression: None.
LogPakFile: Display: "Engine/Content/Internationalization/icudt64l/region/zh_HK.res" offset: 5264987, size: 76 bytes, sha1: 6D0F384EEB134C506705314746E7D5510164BF70, compression: None.
LogPakFile: Display: "Engine/Content/Internationalization/icudt64l/region/zh_MO.res" offset: 5265116, size: 100 bytes, sha1: B0566D9C5675BDC91DDB962F2D734CE3993E649A, compression: None.
LogPakFile: Display: "Engine/Content/Internationalization/icudt64l/region/zh_SG.res" offset: 5265408, size: 100 bytes, sha1: D62EED990B935B8A40E42D170C2454FBF49A725B, compression: None.
LogPakFile: Display: "Engine/Content/Internationalization/icudt64l/region/zh_TW.res" offset: 5265561, size: 100 bytes, sha1: 7E7152A2B35FD98CCFC56B6F2B5B702B2F8C99EF, compression: None.
LogPakFile: Display: "Engine/Content/Internationalization/icudt64l/root.res" offset: 5267456, size: 9966 bytes, sha1: 73CF34AC6A04221245EF863BC7731B000E5888BC, compression: Oodle.
LogPakFile: Display: "Engine/Content/Internationalization/icudt64l/supplementalData.res" offset: 5277696, size: 90902 bytes, sha1: AAAFB90D6CF1E58E5D3E76E4147BF6532D3B8862, compression: Oodle.
LogPakFile: Display: "Engine/Content/Internationalization/icudt64l/timezoneTypes.res" offset: 5369856, size: 8727 bytes, sha1: 249E1F7669D4B2052D79352C0A204545CC973D46, compression: Oodle.
LogPakFile: Display: "Engine/Content/Internationalization/icudt64l/translit/el.res" offset: 5378656, size: 160 bytes, sha1: CF57B8DD59BCAA89C8DA1FA75A44A95A8BC7036B, compression: None.
LogPakFile: Display: "Engine/Content/Internationalization/icudt64l/translit/en.res" offset: 5378869, size: 320 bytes, sha1: 6BE9731C3791AA0B1B8F4C2AD306AABF7C6C0DE4, compression: None.
LogPakFile: Display: "Engine/Content/Internationalization/icudt64l/translit/root.res" offset: 5380096, size: 213974 bytes, sha1: CBA907050461934876F6BEA48AAAD06867B8FC47, compression: Oodle.
LogPakFile: Display: "Engine/Content/Internationalization/icudt64l/ulayout.icu" offset: 5595136, size: 4041 bytes, sha1: 879354431FDBDF821189512267490C8ED43ADAF4, compression: Oodle.
LogPakFile: Display: "Engine/Content/Internationalization/icudt64l/unames.icu" offset: 5601280, size: 132811 bytes, sha1: 0892A92C1D1931F4872EF5C390E884C13A407EF0, compression: Oodle.
LogPakFile: Display: "Engine/Content/Internationalization/icudt64l/unit/de.res" offset: 5734400, size: 5017 bytes, sha1: 54EE862F3F4A37C32E7ECBF0D015E0403CCC64A8, compression: Oodle.
LogPakFile: Display: "Engine/Content/Internationalization/icudt64l/unit/de_CH.res" offset: 5739490, size: 380 bytes, sha1: CCBE49011F9C1D27D92D8345FE408B6F8299DEAF, compression: None.
LogPakFile: Display: "Engine/Content/Internationalization/icudt64l/unit/en.res" offset: 5740544, size: 6340 bytes, sha1: FB559B1EB0FC86811AF0A96F7916CFC698F1C0D7, compression: Oodle.
LogPakFile: Display: "Engine/Content/Internationalization/icudt64l/unit/en_001.res" offset: 5748736, size: 1723 bytes, sha1: 77EA36ED2E9F0A2D9D9DEDF1D76B882A94E4C7D4, compression: Oodle.
LogPakFile: Display: "Engine/Content/Internationalization/icudt64l/unit/en_150.res" offset: 5750532, size: 80 bytes, sha1: 25C3FC9CFE33A549721B800E1E010AD8D6562D68, compression: None.
LogPakFile: Display: "Engine/Content/Internationalization/icudt64l/unit/en_AG.res" offset: 5750784, size: 80 bytes, sha1: 25C3FC9CFE33A549721B800E1E010AD8D6562D68, compression: None.
LogPakFile: Display: "Engine/Content/Internationalization/icudt64l/unit/en_AI.res" offset: 5750917, size: 80 bytes, sha1: 25C3FC9CFE33A549721B800E1E010AD8D6562D68, compression: None.
LogPakFile: Display: "Engine/Content/Internationalization/icudt64l/unit/en_AT.res" offset: 5751050, size: 80 bytes, sha1: B0F3CFAD83487C60305E8A5207F62C0095A787CE, compression: None.
LogPakFile: Display: "Engine/Content/Internationalization/icudt64l/unit/en_AU.res" offset: 5751183, size: 1257 bytes, sha1: EC7D67D67D270F37902AD32A6AD48639BECAA9CE, compression: Oodle.
LogPakFile: Display: "Engine/Content/Internationalization/icudt64l/unit/en_BB.res" offset: 5752513, size: 80 bytes, sha1: 25C3FC9CFE33A549721B800E1E010AD8D6562D68, compression: None.
LogPakFile: Display: "Engine/Content/Internationalization/icudt64l/unit/en_BE.res" offset: 5752646, size: 80 bytes, sha1: BF2B0B66DCF3F5234AD5365BB7692450DD207E25, compression: None.
LogPakFile: Display: "Engine/Content/Internationalization/icudt64l/unit/en_BM.res" offset: 5752832, size: 80 bytes, sha1: 25C3FC9CFE33A549721B800E1E010AD8D6562D68, compression: None.
LogPakFile: Display: "Engine/Content/Internationalization/icudt64l/unit/en_BS.res" offset: 5752965, size: 136 bytes, sha1: BFA177196CCBB52C7E8E7738DD246671ECAE6353, compression: None.
LogPakFile: Display: "Engine/Content/Internationalization/icudt64l/unit/en_BW.res" offset: 5753154, size: 80 bytes, sha1: 25C3FC9CFE33A549721B800E1E010AD8D6562D68, compression: None.
LogPakFile: Display: "Engine/Content/Internationalization/icudt64l/unit/en_BZ.res" offset: 5753287, size: 136 bytes, sha1: BFA177196CCBB52C7E8E7738DD246671ECAE6353, compression: None.
LogPakFile: Display: "Engine/Content/Internationalization/icudt64l/unit/en_CA.res" offset: 5754880, size: 1819 bytes, sha1: B2EE8A48835063B1D619A2DA5C7A1751BEFB0443, compression: Oodle.
LogPakFile: Display: "Engine/Content/Internationalization/icudt64l/unit/en_CC.res" offset: 5756772, size: 80 bytes, sha1: 25C3FC9CFE33A549721B800E1E010AD8D6562D68, compression: None.
LogPakFile: Display: "Engine/Content/Internationalization/icudt64l/unit/en_CH.res" offset: 5756928, size: 100 bytes, sha1: BAF56C2CD64DF73DDEBD5350ADFCE4D34FF56BCA, compression: None.
LogPakFile: Display: "Engine/Content/Internationalization/icudt64l/unit/en_CK.res" offset: 5757081, size: 80 bytes, sha1: 25C3FC9CFE33A549721B800E1E010AD8D6562D68, compression: None.
LogPakFile: Display: "Engine/Content/Internationalization/icudt64l/unit/en_CM.res" offset: 5757214, size: 80 bytes, sha1: 25C3FC9CFE33A549721B800E1E010AD8D6562D68, compression: None.
LogPakFile: Display: "Engine/Content/Internationalization/icudt64l/unit/en_CX.res" offset: 5757347, size: 80 bytes, sha1: 25C3FC9CFE33A549721B800E1E010AD8D6562D68, compression: None.
LogPakFile: Display: "Engine/Content/Internationalization/icudt64l/unit/en_CY.res" offset: 5757480, size: 80 bytes, sha1: 25C3FC9CFE33A549721B800E1E010AD8D6562D68, compression: None.
LogPakFile: Display: "Engine/Content/Internationalization/icudt64l/unit/en_DE.res" offset: 5757613, size: 80 bytes, sha1: B0F3CFAD83487C60305E8A5207F62C0095A787CE, compression: None.
LogPakFile: Display: "Engine/Content/Internationalization/icudt64l/unit/en_DG.res" offset: 5757746, size: 80 bytes, sha1: 25C3FC9CFE33A549721B800E1E010AD8D6562D68, compression: None.
LogPakFile: Display: "Engine/Content/Internationalization/icudt64l/unit/en_DK.res" offset: 5757879, size: 80 bytes, sha1: B0F3CFAD83487C60305E8A5207F62C0095A787CE, compression: None.
LogPakFile: Display: "Engine/Content/Internationalization/icudt64l/unit/en_DM.res" offset: 5758012, size: 80 bytes, sha1: 25C3FC9CFE33A549721B800E1E010AD8D6562D68, compression: None.
LogPakFile: Display: "Engine/Content/Internationalization/icudt64l/unit/en_ER.res" offset: 5758145, size: 80 bytes, sha1: 25C3FC9CFE33A549721B800E1E010AD8D6562D68, compression: None.
LogPakFile: Display: "Engine/Content/Internationalization/icudt64l/unit/en_FI.res" offset: 5758278, size: 80 bytes, sha1: B0F3CFAD83487C60305E8A5207F62C0095A787CE, compression: None.
LogPakFile: Display: "Engine/Content/Internationalization/icudt64l/unit/en_FJ.res" offset: 5758411, size: 80 bytes, sha1: 25C3FC9CFE33A549721B800E1E010AD8D6562D68, compression: None.
LogPakFile: Display: "Engine/Content/Internationalization/icudt64l/unit/en_FK.res" offset: 5758544, size: 80 bytes, sha1: 25C3FC9CFE33A549721B800E1E010AD8D6562D68, compression: None.
LogPakFile: Display: "Engine/Content/Internationalization/icudt64l/unit/en_FM.res" offset: 5758677, size: 80 bytes, sha1: 25C3FC9CFE33A549721B800E1E010AD8D6562D68, compression: None.
LogPakFile: Display: "Engine/Content/Internationalization/icudt64l/unit/en_GB.res" offset: 5758976, size: 256 bytes, sha1: 05844C66B716B1CCE12F06A1DB6C478A72417446, compression: None.
LogPakFile: Display: "Engine/Content/Internationalization/icudt64l/unit/en_GD.res" offset: 5759285, size: 80 bytes, sha1: 25C3FC9CFE33A549721B800E1E010AD8D6562D68, compression: None.
LogPakFile: Display: "Engine/Content/Internationalization/icudt64l/unit/en_GG.res" offset: 5759418, size: 80 bytes, sha1: 25C3FC9CFE33A549721B800E1E010AD8D6562D68, compression: None.
LogPakFile: Display: "Engine/Content/Internationalization/icudt64l/unit/en_GH.res" offset: 5759551, size: 80 bytes, sha1: 25C3FC9CFE33A549721B800E1E010AD8D6562D68, compression: None.
LogPakFile: Display: "Engine/Content/Internationalization/icudt64l/unit/en_GI.res" offset: 5759684, size: 80 bytes, sha1: 25C3FC9CFE33A549721B800E1E010AD8D6562D68, compression: None.
LogPakFile: Display: "Engine/Content/Internationalization/icudt64l/unit/en_GM.res" offset: 5759817, size: 80 bytes, sha1: 25C3FC9CFE33A549721B800E1E010AD8D6562D68, compression: None.
LogPakFile: Display: "Engine/Content/Internationalization/icudt64l/unit/en_GY.res" offset: 5759950, size: 80 bytes, sha1: 25C3FC9CFE33A549721B800E1E010AD8D6562D68, compression: None.
LogPakFile: Display: "Engine/Content/Internationalization/icudt64l/unit/en_HK.res" offset: 5760083, size: 80 bytes, sha1: 9AB5B0DCC9E681D32499459A5FAE7F89C9BA4F90, compression: None.
LogPakFile: Display: "Engine/Content/Internationalization/icudt64l/unit/en_IE.res" offset: 5760216, size: 80 bytes, sha1: 25C3FC9CFE33A549721B800E1E010AD8D6562D68, compression: None.
LogPakFile: Display: "Engine/Content/Internationalization/icudt64l/unit/en_IL.res" offset: 5760349, size: 80 bytes, sha1: 25C3FC9CFE33A549721B800E1E010AD8D6562D68, compression: None.
LogPakFile: Display: "Engine/Content/Internationalization/icudt64l/unit/en_IM.res" offset: 5760482, size: 80 bytes, sha1: 25C3FC9CFE33A549721B800E1E010AD8D6562D68, compression: None.
LogPakFile: Display: "Engine/Content/Internationalization/icudt64l/unit/en_IN.res" offset: 5760615, size: 200 bytes, sha1: 7EEDDDEA6A7180B7EB17F3FFFD88C25B82217995, compression: None.
LogPakFile: Display: "Engine/Content/Internationalization/icudt64l/unit/en_IO.res" offset: 5760868, size: 80 bytes, sha1: 25C3FC9CFE33A549721B800E1E010AD8D6562D68, compression: None.
LogPakFile: Display: "Engine/Content/Internationalization/icudt64l/unit/en_JE.res" offset: 5761024, size: 80 bytes, sha1: 25C3FC9CFE33A549721B800E1E010AD8D6562D68, compression: None.
LogPakFile: Display: "Engine/Content/Internationalization/icudt64l/unit/en_JM.res" offset: 5761157, size: 80 bytes, sha1: 25C3FC9CFE33A549721B800E1E010AD8D6562D68, compression: None.
LogPakFile: Display: "Engine/Content/Internationalization/icudt64l/unit/en_KE.res" offset: 5761290, size: 80 bytes, sha1: 25C3FC9CFE33A549721B800E1E010AD8D6562D68, compression: None.
LogPakFile: Display: "Engine/Content/Internationalization/icudt64l/unit/en_KI.res" offset: 5761423, size: 80 bytes, sha1: 25C3FC9CFE33A549721B800E1E010AD8D6562D68, compression: None.
LogPakFile: Display: "Engine/Content/Internationalization/icudt64l/unit/en_KN.res" offset: 5761556, size: 80 bytes, sha1: 25C3FC9CFE33A549721B800E1E010AD8D6562D68, compression: None.
LogPakFile: Display: "Engine/Content/Internationalization/icudt64l/unit/en_KY.res" offset: 5761689, size: 136 bytes, sha1: BFA177196CCBB52C7E8E7738DD246671ECAE6353, compression: None.
LogPakFile: Display: "Engine/Content/Internationalization/icudt64l/unit/en_LC.res" offset: 5761878, size: 80 bytes, sha1: 25C3FC9CFE33A549721B800E1E010AD8D6562D68, compression: None.
LogPakFile: Display: "Engine/Content/Internationalization/icudt64l/unit/en_LR.res" offset: 5762011, size: 80 bytes, sha1: 25C3FC9CFE33A549721B800E1E010AD8D6562D68, compression: None.
LogPakFile: Display: "Engine/Content/Internationalization/icudt64l/unit/en_LS.res" offset: 5762144, size: 80 bytes, sha1: 25C3FC9CFE33A549721B800E1E010AD8D6562D68, compression: None.
LogPakFile: Display: "Engine/Content/Internationalization/icudt64l/unit/en_MG.res" offset: 5762277, size: 80 bytes, sha1: 25C3FC9CFE33A549721B800E1E010AD8D6562D68, compression: None.
LogPakFile: Display: "Engine/Content/Internationalization/icudt64l/unit/en_MO.res" offset: 5762410, size: 80 bytes, sha1: 25C3FC9CFE33A549721B800E1E010AD8D6562D68, compression: None.
LogPakFile: Display: "Engine/Content/Internationalization/icudt64l/unit/en_MS.res" offset: 5762543, size: 80 bytes, sha1: 25C3FC9CFE33A549721B800E1E010AD8D6562D68, compression: None.
LogPakFile: Display: "Engine/Content/Internationalization/icudt64l/unit/en_MT.res" offset: 5762676, size: 80 bytes, sha1: 25C3FC9CFE33A549721B800E1E010AD8D6562D68, compression: None.
LogPakFile: Display: "Engine/Content/Internationalization/icudt64l/unit/en_MU.res" offset: 5762809, size: 80 bytes, sha1: 25C3FC9CFE33A549721B800E1E010AD8D6562D68, compression: None.
LogPakFile: Display: "Engine/Content/Internationalization/icudt64l/unit/en_MW.res" offset: 5763072, size: 80 bytes, sha1: 25C3FC9CFE33A549721B800E1E010AD8D6562D68, compression: None.
LogPakFile: Display: "Engine/Content/Internationalization/icudt64l/unit/en_MY.res" offset: 5763205, size: 80 bytes, sha1: 208149EE248F1F9E1052420600082767B0F8057F, compression: None.
LogPakFile: Display: "Engine/Content/Internationalization/icudt64l/unit/en_NA.res" offset: 5763338, size: 80 bytes, sha1: 208149EE248F1F9E1052420600082767B0F8057F, compression: None.
LogPakFile: Display: "Engine/Content/Internationalization/icudt64l/unit/en_NF.res" offset: 5763471, size: 80 bytes, sha1: 208149EE248F1F9E1052420600082767B0F8057F, compression: None.
LogPakFile: Display: "Engine/Content/Internationalization/icudt64l/unit/en_NG.res" offset: 5763604, size: 100 bytes, sha1: F745E424C07AD4B885A29359C542DBE5D1165285, compression: None.
LogPakFile: Display: "Engine/Content/Internationalization/icudt64l/unit/en_NH.res" offset: 5763757, size: 88 bytes, sha1: 2B7AC7646300CC67122D473C2247CD1F124CCE51, compression: None.
LogPakFile: Display: "Engine/Content/Internationalization/icudt64l/unit/en_NL.res" offset: 5763898, size: 80 bytes, sha1: 336128DFCD4991BE7FE3F3B09C1B06A799D3D679, compression: None.
LogPakFile: Display: "Engine/Content/Internationalization/icudt64l/unit/en_NR.res" offset: 5764031, size: 80 bytes, sha1: 208149EE248F1F9E1052420600082767B0F8057F, compression: None.
LogPakFile: Display: "Engine/Content/Internationalization/icudt64l/unit/en_NU.res" offset: 5764164, size: 80 bytes, sha1: 208149EE248F1F9E1052420600082767B0F8057F, compression: None.
LogPakFile: Display: "Engine/Content/Internationalization/icudt64l/unit/en_NZ.res" offset: 5764297, size: 80 bytes, sha1: 9AB5B0DCC9E681D32499459A5FAE7F89C9BA4F90, compression: None.
LogPakFile: Display: "Engine/Content/Internationalization/icudt64l/unit/en_PG.res" offset: 5764430, size: 80 bytes, sha1: 208149EE248F1F9E1052420600082767B0F8057F, compression: None.
LogPakFile: Display: "Engine/Content/Internationalization/icudt64l/unit/en_PH.res" offset: 5764563, size: 80 bytes, sha1: 208149EE248F1F9E1052420600082767B0F8057F, compression: None.
LogPakFile: Display: "Engine/Content/Internationalization/icudt64l/unit/en_PK.res" offset: 5764696, size: 80 bytes, sha1: 208149EE248F1F9E1052420600082767B0F8057F, compression: None.
LogPakFile: Display: "Engine/Content/Internationalization/icudt64l/unit/en_PN.res" offset: 5764829, size: 80 bytes, sha1: 208149EE248F1F9E1052420600082767B0F8057F, compression: None.
LogPakFile: Display: "Engine/Content/Internationalization/icudt64l/unit/en_PW.res" offset: 5765120, size: 136 bytes, sha1: 5FF2A1F3D24A36D2162606314D15E5FA9026216D, compression: None.
LogPakFile: Display: "Engine/Content/Internationalization/icudt64l/unit/en_RH.res" offset: 5765309, size: 88 bytes, sha1: 4760CFF0C3D49A1F55D9C1B355A68F8357991390, compression: None.
LogPakFile: Display: "Engine/Content/Internationalization/icudt64l/unit/en_RW.res" offset: 5765450, size: 80 bytes, sha1: 208149EE248F1F9E1052420600082767B0F8057F, compression: None.
LogPakFile: Display: "Engine/Content/Internationalization/icudt64l/unit/en_SB.res" offset: 5765583, size: 80 bytes, sha1: 208149EE248F1F9E1052420600082767B0F8057F, compression: None.
LogPakFile: Display: "Engine/Content/Internationalization/icudt64l/unit/en_SC.res" offset: 5765716, size: 80 bytes, sha1: 208149EE248F1F9E1052420600082767B0F8057F, compression: None.
LogPakFile: Display: "Engine/Content/Internationalization/icudt64l/unit/en_SD.res" offset: 5765849, size: 80 bytes, sha1: 208149EE248F1F9E1052420600082767B0F8057F, compression: None.
LogPakFile: Display: "Engine/Content/Internationalization/icudt64l/unit/en_SE.res" offset: 5765982, size: 80 bytes, sha1: 336128DFCD4991BE7FE3F3B09C1B06A799D3D679, compression: None.
LogPakFile: Display: "Engine/Content/Internationalization/icudt64l/unit/en_SG.res" offset: 5766115, size: 80 bytes, sha1: 208149EE248F1F9E1052420600082767B0F8057F, compression: None.
LogPakFile: Display: "Engine/Content/Internationalization/icudt64l/unit/en_SH.res" offset: 5766248, size: 80 bytes, sha1: 208149EE248F1F9E1052420600082767B0F8057F, compression: None.
LogPakFile: Display: "Engine/Content/Internationalization/icudt64l/unit/en_SI.res" offset: 5766381, size: 80 bytes, sha1: 336128DFCD4991BE7FE3F3B09C1B06A799D3D679, compression: None.
LogPakFile: Display: "Engine/Content/Internationalization/icudt64l/unit/en_SL.res" offset: 5766514, size: 80 bytes, sha1: 208149EE248F1F9E1052420600082767B0F8057F, compression: None.
LogPakFile: Display: "Engine/Content/Internationalization/icudt64l/unit/en_SS.res" offset: 5766647, size: 80 bytes, sha1: 208149EE248F1F9E1052420600082767B0F8057F, compression: None.
LogPakFile: Display: "Engine/Content/Internationalization/icudt64l/unit/en_SX.res" offset: 5766780, size: 80 bytes, sha1: 208149EE248F1F9E1052420600082767B0F8057F, compression: None.
LogPakFile: Display: "Engine/Content/Internationalization/icudt64l/unit/en_SZ.res" offset: 5766913, size: 80 bytes, sha1: 208149EE248F1F9E1052420600082767B0F8057F, compression: None.
LogPakFile: Display: "Engine/Content/Internationalization/icudt64l/unit/en_TC.res" offset: 5767168, size: 80 bytes, sha1: 208149EE248F1F9E1052420600082767B0F8057F, compression: None.
LogPakFile: Display: "Engine/Content/Internationalization/icudt64l/unit/en_TK.res" offset: 5767301, size: 80 bytes, sha1: 208149EE248F1F9E1052420600082767B0F8057F, compression: None.
LogPakFile: Display: "Engine/Content/Internationalization/icudt64l/unit/en_TO.res" offset: 5767434, size: 80 bytes, sha1: 208149EE248F1F9E1052420600082767B0F8057F, compression: None.
LogPakFile: Display: "Engine/Content/Internationalization/icudt64l/unit/en_TT.res" offset: 5767567, size: 80 bytes, sha1: 208149EE248F1F9E1052420600082767B0F8057F, compression: None.
LogPakFile: Display: "Engine/Content/Internationalization/icudt64l/unit/en_TV.res" offset: 5767700, size: 80 bytes, sha1: 208149EE248F1F9E1052420600082767B0F8057F, compression: None.
LogPakFile: Display: "Engine/Content/Internationalization/icudt64l/unit/en_TZ.res" offset: 5767833, size: 80 bytes, sha1: 208149EE248F1F9E1052420600082767B0F8057F, compression: None.
LogPakFile: Display: "Engine/Content/Internationalization/icudt64l/unit/en_UG.res" offset: 5767966, size: 80 bytes, sha1: 208149EE248F1F9E1052420600082767B0F8057F, compression: None.
LogPakFile: Display: "Engine/Content/Internationalization/icudt64l/unit/en_VC.res" offset: 5768099, size: 80 bytes, sha1: 208149EE248F1F9E1052420600082767B0F8057F, compression: None.
LogPakFile: Display: "Engine/Content/Internationalization/icudt64l/unit/en_VG.res" offset: 5768232, size: 80 bytes, sha1: 208149EE248F1F9E1052420600082767B0F8057F, compression: None.
LogPakFile: Display: "Engine/Content/Internationalization/icudt64l/unit/en_VU.res" offset: 5768365, size: 80 bytes, sha1: 208149EE248F1F9E1052420600082767B0F8057F, compression: None.
LogPakFile: Display: "Engine/Content/Internationalization/icudt64l/unit/en_WS.res" offset: 5768498, size: 80 bytes, sha1: 208149EE248F1F9E1052420600082767B0F8057F, compression: None.
LogPakFile: Display: "Engine/Content/Internationalization/icudt64l/unit/en_ZA.res" offset: 5768631, size: 80 bytes, sha1: 208149EE248F1F9E1052420600082767B0F8057F, compression: None.
LogPakFile: Display: "Engine/Content/Internationalization/icudt64l/unit/en_ZM.res" offset: 5768764, size: 80 bytes, sha1: 208149EE248F1F9E1052420600082767B0F8057F, compression: None.
LogPakFile: Display: "Engine/Content/Internationalization/icudt64l/unit/en_ZW.res" offset: 5768897, size: 80 bytes, sha1: 208149EE248F1F9E1052420600082767B0F8057F, compression: None.
LogPakFile: Display: "Engine/Content/Internationalization/icudt64l/unit/es.res" offset: 5769216, size: 5444 bytes, sha1: 86D7F562ED1610B5CE941D8D96F18192A224DEEC, compression: Oodle.
LogPakFile: Display: "Engine/Content/Internationalization/icudt64l/unit/es_419.res" offset: 5775360, size: 1303 bytes, sha1: 17A73270C157CD028632700E8D4AE6325AA5F912, compression: Oodle.
LogPakFile: Display: "Engine/Content/Internationalization/icudt64l/unit/es_AR.res" offset: 5776736, size: 492 bytes, sha1: 9641758B10D1993E3BE89A9D95DD9AD96B5766C8, compression: None.
LogPakFile: Display: "Engine/Content/Internationalization/icudt64l/unit/es_BO.res" offset: 5777408, size: 80 bytes, sha1: 16F82E8715A12BFC7C25D6086412C822A058AAEB, compression: None.
LogPakFile: Display: "Engine/Content/Internationalization/icudt64l/unit/es_BR.res" offset: 5777541, size: 80 bytes, sha1: 16F82E8715A12BFC7C25D6086412C822A058AAEB, compression: None.
LogPakFile: Display: "Engine/Content/Internationalization/icudt64l/unit/es_BZ.res" offset: 5777674, size: 80 bytes, sha1: 16F82E8715A12BFC7C25D6086412C822A058AAEB, compression: None.
LogPakFile: Display: "Engine/Content/Internationalization/icudt64l/unit/es_CL.res" offset: 5777807, size: 240 bytes, sha1: 206BB4E85383735CAF7A9A31AE4EFB339FA7F293, compression: None.
LogPakFile: Display: "Engine/Content/Internationalization/icudt64l/unit/es_CO.res" offset: 5778100, size: 416 bytes, sha1: DD85D40E5DB9D06776BB0D333C90C9FBFCC5A856, compression: None.
LogPakFile: Display: "Engine/Content/Internationalization/icudt64l/unit/es_CR.res" offset: 5778569, size: 80 bytes, sha1: 16F82E8715A12BFC7C25D6086412C822A058AAEB, compression: None.
LogPakFile: Display: "Engine/Content/Internationalization/icudt64l/unit/es_CU.res" offset: 5778702, size: 80 bytes, sha1: 16F82E8715A12BFC7C25D6086412C822A058AAEB, compression: None.
LogPakFile: Display: "Engine/Content/Internationalization/icudt64l/unit/es_DO.res" offset: 5778835, size: 328 bytes, sha1: 97CA25C97B0A8219F899B0441BC71B57654F1E5D, compression: None.
LogPakFile: Display: "Engine/Content/Internationalization/icudt64l/unit/es_EC.res" offset: 5779216, size: 80 bytes, sha1: 16F82E8715A12BFC7C25D6086412C822A058AAEB, compression: None.
LogPakFile: Display: "Engine/Content/Internationalization/icudt64l/unit/es_GT.res" offset: 5779456, size: 576 bytes, sha1: 4FA0DC160E0A6648381482E37AB992A16106BD89, compression: None.
LogPakFile: Display: "Engine/Content/Internationalization/icudt64l/unit/es_HN.res" offset: 5780085, size: 80 bytes, sha1: 16F82E8715A12BFC7C25D6086412C822A058AAEB, compression: None.
LogPakFile: Display: "Engine/Content/Internationalization/icudt64l/unit/es_MX.res" offset: 5781504, size: 1262 bytes, sha1: 589101061374F2A12474BAA7DCCB330CCC2FC164, compression: Oodle.
LogPakFile: Display: "Engine/Content/Internationalization/icudt64l/unit/es_NI.res" offset: 5782839, size: 80 bytes, sha1: 16F82E8715A12BFC7C25D6086412C822A058AAEB, compression: None.
LogPakFile: Display: "Engine/Content/Internationalization/icudt64l/unit/es_PA.res" offset: 5782972, size: 80 bytes, sha1: 16F82E8715A12BFC7C25D6086412C822A058AAEB, compression: None.
LogPakFile: Display: "Engine/Content/Internationalization/icudt64l/unit/es_PE.res" offset: 5783105, size: 100 bytes, sha1: 619A99F0720E89727DC654770708A467040FAAB8, compression: None.
LogPakFile: Display: "Engine/Content/Internationalization/icudt64l/unit/es_PR.res" offset: 5783258, size: 116 bytes, sha1: C33DD1DAF5841DB2E4577B145CF59D7A5A47DF1D, compression: None.
LogPakFile: Display: "Engine/Content/Internationalization/icudt64l/unit/es_PY.res" offset: 5783552, size: 452 bytes, sha1: C22EF529495325964532B941D109C2E9EB64006B, compression: None.
LogPakFile: Display: "Engine/Content/Internationalization/icudt64l/unit/es_SV.res" offset: 5784057, size: 80 bytes, sha1: 16F82E8715A12BFC7C25D6086412C822A058AAEB, compression: None.
LogPakFile: Display: "Engine/Content/Internationalization/icudt64l/unit/es_US.res" offset: 5784190, size: 761 bytes, sha1: 25781911CE68AA4CE26B752071C786399B98E1F3, compression: Oodle.
LogPakFile: Display: "Engine/Content/Internationalization/icudt64l/unit/es_UY.res" offset: 5785024, size: 80 bytes, sha1: 16F82E8715A12BFC7C25D6086412C822A058AAEB, compression: None.
LogPakFile: Display: "Engine/Content/Internationalization/icudt64l/unit/es_VE.res" offset: 5785157, size: 80 bytes, sha1: 16F82E8715A12BFC7C25D6086412C822A058AAEB, compression: None.
LogPakFile: Display: "Engine/Content/Internationalization/icudt64l/unit/fr.res" offset: 5785600, size: 6472 bytes, sha1: 10851B117D6366E4D86F00DC0FB684C8EACE97B5, compression: Oodle.
LogPakFile: Display: "Engine/Content/Internationalization/icudt64l/unit/fr_CA.res" offset: 5793792, size: 3875 bytes, sha1: 780B0CACE992A0CF30C39B661A21E1DAB600C5AB, compression: Oodle.
LogPakFile: Display: "Engine/Content/Internationalization/icudt64l/unit/fr_HT.res" offset: 5797888, size: 452 bytes, sha1: 089A2BA4A8176EEC5230C7BFDAE31EDFE8357BF4, compression: None.
LogPakFile: Display: "Engine/Content/Internationalization/icudt64l/unit/it.res" offset: 5799936, size: 5247 bytes, sha1: F22D04DB5C20D4784A101AB95767DB2753CF16F0, compression: Oodle.
LogPakFile: Display: "Engine/Content/Internationalization/icudt64l/unit/ja.res" offset: 5806080, size: 4487 bytes, sha1: 17F2F7855A05FCB237D927263A62D964CC79AE79, compression: Oodle.
LogPakFile: Display: "Engine/Content/Internationalization/icudt64l/unit/ja_JP.res" offset: 5810640, size: 76 bytes, sha1: 3CD63094E0BD8D216F91AA72EE5FEF46CE00A86C, compression: None.
LogPakFile: Display: "Engine/Content/Internationalization/icudt64l/unit/ja_JP_TRADITIONAL.res" offset: 5810769, size: 104 bytes, sha1: 0D86DEF0E1FA768EA68919B56407C45B540D2D7A, compression: None.
LogPakFile: Display: "Engine/Content/Internationalization/icudt64l/unit/ko.res" offset: 5812224, size: 3920 bytes, sha1: 41497D993C91F9F2A794BE87D706B148DD5ECDF1, compression: Oodle.
LogPakFile: Display: "Engine/Content/Internationalization/icudt64l/unit/pool.res" offset: 5816320, size: 3081 bytes, sha1: 63C351BC389CC870AC477E5EC8FBC163465F3C85, compression: Oodle.
LogPakFile: Display: "Engine/Content/Internationalization/icudt64l/unit/root.res" offset: 5820416, size: 1971 bytes, sha1: 5FB5EC812C8DCAE9AEF5152DDF34A1D7FB5F4207, compression: Oodle.
LogPakFile: Display: "Engine/Content/Internationalization/icudt64l/unit/zh.res" offset: 5822464, size: 3839 bytes, sha1: 748792035C9CC27BF4C9507AAD85B4C503A80FCD, compression: Oodle.
LogPakFile: Display: "Engine/Content/Internationalization/icudt64l/unit/zh_CN.res" offset: 5826376, size: 100 bytes, sha1: F9DD369B187AE2D90508642DECFAC6368BEF6F00, compression: None.
LogPakFile: Display: "Engine/Content/Internationalization/icudt64l/unit/zh_Hans.res" offset: 5826560, size: 76 bytes, sha1: 186A60CFA683DED61BBDA244DE9094ED0AE70C64, compression: None.
LogPakFile: Display: "Engine/Content/Internationalization/icudt64l/unit/zh_Hans_CN.res" offset: 5826689, size: 76 bytes, sha1: 3CD63094E0BD8D216F91AA72EE5FEF46CE00A86C, compression: None.
LogPakFile: Display: "Engine/Content/Internationalization/icudt64l/unit/zh_Hans_HK.res" offset: 5826818, size: 172 bytes, sha1: 2EC16C112913A94F03BB1D0A9B17CF5DE046F688, compression: None.
LogPakFile: Display: "Engine/Content/Internationalization/icudt64l/unit/zh_Hans_MO.res" offset: 5827043, size: 172 bytes, sha1: 2EC16C112913A94F03BB1D0A9B17CF5DE046F688, compression: None.
LogPakFile: Display: "Engine/Content/Internationalization/icudt64l/unit/zh_Hans_SG.res" offset: 5827268, size: 172 bytes, sha1: 2EC16C112913A94F03BB1D0A9B17CF5DE046F688, compression: None.
LogPakFile: Display: "Engine/Content/Internationalization/icudt64l/unit/zh_Hant.res" offset: 5828608, size: 4648 bytes, sha1: 4E698FA7D318285B3209A6FE6D1929469E19C47F, compression: Oodle.
LogPakFile: Display: "Engine/Content/Internationalization/icudt64l/unit/zh_Hant_HK.res" offset: 5834752, size: 2171 bytes, sha1: 6A456B34E24EBE6EFF277E64EE1991ECD49AAE2F, compression: Oodle.
LogPakFile: Display: "Engine/Content/Internationalization/icudt64l/unit/zh_Hant_MO.res" offset: 5836996, size: 80 bytes, sha1: 1F3EF619CE0B897999F5A6F6F339C62B88AA686A, compression: None.
LogPakFile: Display: "Engine/Content/Internationalization/icudt64l/unit/zh_Hant_TW.res" offset: 5837129, size: 76 bytes, sha1: 3CD63094E0BD8D216F91AA72EE5FEF46CE00A86C, compression: None.
LogPakFile: Display: "Engine/Content/Internationalization/icudt64l/unit/zh_HK.res" offset: 5837258, size: 76 bytes, sha1: 1DDD484AA098A0281A3281883B4E4B012EE17D23, compression: None.
LogPakFile: Display: "Engine/Content/Internationalization/icudt64l/unit/zh_MO.res" offset: 5837387, size: 100 bytes, sha1: D6D60B345029DD2F64F1A323A21E0078DD3D694E, compression: None.
LogPakFile: Display: "Engine/Content/Internationalization/icudt64l/unit/zh_SG.res" offset: 5837540, size: 100 bytes, sha1: 9DCCEB0C5A2771051F9AF23EDD3695FEDBDE8AA8, compression: None.
LogPakFile: Display: "Engine/Content/Internationalization/icudt64l/unit/zh_TW.res" offset: 5837693, size: 100 bytes, sha1: A74FCC68EF045F27BEF2495E4E24BD372D899232, compression: None.
LogPakFile: Display: "Engine/Content/Internationalization/icudt64l/uts46.nrm" offset: 5838848, size: 21835 bytes, sha1: D67BC76620902E09FE8C088B3A287D9155415873, compression: Oodle.
LogPakFile: Display: "Engine/Content/Internationalization/icudt64l/windowsZones.res" offset: 5861376, size: 7496 bytes, sha1: 0266DAFFFC8ED00197AD82BEC17AC283FD4531D0, compression: Oodle.
LogPakFile: Display: "Engine/Content/Internationalization/icudt64l/zh.res" offset: 5869568, size: 15371 bytes, sha1: AD3EA584F1E2C0DB80303B85AF7E46AB10E44EBD, compression: Oodle.
LogPakFile: Display: "Engine/Content/Internationalization/icudt64l/zh_CN.res" offset: 5885012, size: 100 bytes, sha1: 87099BA58062DC3ACD7165F1FF982E81B17F7A47, compression: None.
LogPakFile: Display: "Engine/Content/Internationalization/icudt64l/zh_Hans.res" offset: 5885165, size: 76 bytes, sha1: 8800D9D5D9E48B03B65DFDA961146DD4660E30F4, compression: None.
LogPakFile: Display: "Engine/Content/Internationalization/icudt64l/zh_Hans_CN.res" offset: 5885294, size: 76 bytes, sha1: 8800D9D5D9E48B03B65DFDA961146DD4660E30F4, compression: None.
LogPakFile: Display: "Engine/Content/Internationalization/icudt64l/zh_Hans_HK.res" offset: 5885952, size: 726 bytes, sha1: A0049A0526219F849D26D09D1712FC24FF4761B0, compression: Oodle.
LogPakFile: Display: "Engine/Content/Internationalization/icudt64l/zh_Hans_MO.res" offset: 5886751, size: 792 bytes, sha1: 58D36DB25C55A7DECE172E732FBE3425B60DCE8E, compression: None.
LogPakFile: Display: "Engine/Content/Internationalization/icudt64l/zh_Hans_SG.res" offset: 5888000, size: 920 bytes, sha1: CA054D489D883B36C591A09032A545D5BDF27205, compression: None.
LogPakFile: Display: "Engine/Content/Internationalization/icudt64l/zh_Hant.res" offset: 5890048, size: 13843 bytes, sha1: E1870B58AF76A838CDAF2A521C29BE014FC70895, compression: Oodle.
LogPakFile: Display: "Engine/Content/Internationalization/icudt64l/zh_Hant_HK.res" offset: 5904384, size: 2346 bytes, sha1: E39259FC42953ED471D0276774B166EE0962D13E, compression: Oodle.
LogPakFile: Display: "Engine/Content/Internationalization/icudt64l/zh_Hant_MO.res" offset: 5906803, size: 80 bytes, sha1: 945DFF5C01AD5EEC56D42CA0786109429948AC8C, compression: None.
LogPakFile: Display: "Engine/Content/Internationalization/icudt64l/zh_Hant_TW.res" offset: 5906936, size: 76 bytes, sha1: 8800D9D5D9E48B03B65DFDA961146DD4660E30F4, compression: None.
LogPakFile: Display: "Engine/Content/Internationalization/icudt64l/zh_HK.res" offset: 5907065, size: 76 bytes, sha1: D6BC9B293CF04B69D0DF5CDB16CD9861C75D5CA2, compression: None.
LogPakFile: Display: "Engine/Content/Internationalization/icudt64l/zh_MO.res" offset: 5907194, size: 100 bytes, sha1: 3A0CF6D88A14B36B98201667BE2539DE38E50AA5, compression: None.
LogPakFile: Display: "Engine/Content/Internationalization/icudt64l/zh_SG.res" offset: 5907347, size: 100 bytes, sha1: E265EDC748A801943160CE8074CCB565E376A196, compression: None.
LogPakFile: Display: "Engine/Content/Internationalization/icudt64l/zh_TW.res" offset: 5907500, size: 100 bytes, sha1: 5EDD4CE1943D85E08CC058F45D304F37EF1C78FC, compression: None.
LogPakFile: Display: "Engine/Content/Internationalization/icudt64l/zone/de.res" offset: 5908480, size: 7341 bytes, sha1: B434E107AA2308C5317AC1C0C1832D0C91BF2DD8, compression: Oodle.
LogPakFile: Display: "Engine/Content/Internationalization/icudt64l/zone/de_CH.res" offset: 5915894, size: 212 bytes, sha1: 608C0A5CF83C3129A66EE8FC195EF629BF7BF306, compression: None.
LogPakFile: Display: "Engine/Content/Internationalization/icudt64l/zone/en.res" offset: 5916672, size: 3959 bytes, sha1: A0C29C2545224EDA506156F6A1D6D01B5EB3DC78, compression: Oodle.
LogPakFile: Display: "Engine/Content/Internationalization/icudt64l/zone/en_001.res" offset: 5920768, size: 252 bytes, sha1: 9CDF0F5630EE687C1E1A18E44A764EB9635D5B5C, compression: None.
LogPakFile: Display: "Engine/Content/Internationalization/icudt64l/zone/en_150.res" offset: 5921073, size: 152 bytes, sha1: 372729A3683961336EA75A1FBFCA0D29C243CCE5, compression: None.
LogPakFile: Display: "Engine/Content/Internationalization/icudt64l/zone/en_AE.res" offset: 5921278, size: 288 bytes, sha1: C418E73AC0E42E4514B70B329CC7F384CE020836, compression: None.
LogPakFile: Display: "Engine/Content/Internationalization/icudt64l/zone/en_AG.res" offset: 5921619, size: 80 bytes, sha1: BD7C7791B2A3A4735FDF379FA10AE216B38270DF, compression: None.
LogPakFile: Display: "Engine/Content/Internationalization/icudt64l/zone/en_AI.res" offset: 5921752, size: 80 bytes, sha1: BD7C7791B2A3A4735FDF379FA10AE216B38270DF, compression: None.
LogPakFile: Display: "Engine/Content/Internationalization/icudt64l/zone/en_AT.res" offset: 5921885, size: 80 bytes, sha1: BFDCFB1AC6D844DD908C886B0020061320A50132, compression: None.
LogPakFile: Display: "Engine/Content/Internationalization/icudt64l/zone/en_AU.res" offset: 5922018, size: 677 bytes, sha1: F805DB2FC4B88207B464D6DF6583706B87356B76, compression: Oodle.
LogPakFile: Display: "Engine/Content/Internationalization/icudt64l/zone/en_BB.res" offset: 5922816, size: 80 bytes, sha1: BD7C7791B2A3A4735FDF379FA10AE216B38270DF, compression: None.
LogPakFile: Display: "Engine/Content/Internationalization/icudt64l/zone/en_BE.res" offset: 5922949, size: 80 bytes, sha1: EFBEA6F139A2B73E0B027EBB61BEE2AEBE2AD6BD, compression: None.
LogPakFile: Display: "Engine/Content/Internationalization/icudt64l/zone/en_BM.res" offset: 5923082, size: 80 bytes, sha1: BD7C7791B2A3A4735FDF379FA10AE216B38270DF, compression: None.
LogPakFile: Display: "Engine/Content/Internationalization/icudt64l/zone/en_BS.res" offset: 5923215, size: 80 bytes, sha1: BD7C7791B2A3A4735FDF379FA10AE216B38270DF, compression: None.
LogPakFile: Display: "Engine/Content/Internationalization/icudt64l/zone/en_BW.res" offset: 5923348, size: 152 bytes, sha1: 481683C16D1A96088A5AE05D3F398EAAEBA835CF, compression: None.
LogPakFile: Display: "Engine/Content/Internationalization/icudt64l/zone/en_BZ.res" offset: 5923553, size: 80 bytes, sha1: BD7C7791B2A3A4735FDF379FA10AE216B38270DF, compression: None.
LogPakFile: Display: "Engine/Content/Internationalization/icudt64l/zone/en_CA.res" offset: 5923686, size: 368 bytes, sha1: 94B7C153A49DAAE9FB3DAF0D26AA9646BF0A2229, compression: None.
LogPakFile: Display: "Engine/Content/Internationalization/icudt64l/zone/en_CC.res" offset: 5924107, size: 80 bytes, sha1: BD7C7791B2A3A4735FDF379FA10AE216B38270DF, compression: None.
LogPakFile: Display: "Engine/Content/Internationalization/icudt64l/zone/en_CH.res" offset: 5924240, size: 100 bytes, sha1: E9B0A3082FE9E83725852BB554D47728AC855085, compression: None.
LogPakFile: Display: "Engine/Content/Internationalization/icudt64l/zone/en_CK.res" offset: 5924393, size: 80 bytes, sha1: BD7C7791B2A3A4735FDF379FA10AE216B38270DF, compression: None.
LogPakFile: Display: "Engine/Content/Internationalization/icudt64l/zone/en_CM.res" offset: 5924526, size: 152 bytes, sha1: 481683C16D1A96088A5AE05D3F398EAAEBA835CF, compression: None.
LogPakFile: Display: "Engine/Content/Internationalization/icudt64l/zone/en_CX.res" offset: 5924731, size: 80 bytes, sha1: BD7C7791B2A3A4735FDF379FA10AE216B38270DF, compression: None.
LogPakFile: Display: "Engine/Content/Internationalization/icudt64l/zone/en_CY.res" offset: 5924864, size: 80 bytes, sha1: BD7C7791B2A3A4735FDF379FA10AE216B38270DF, compression: None.
LogPakFile: Display: "Engine/Content/Internationalization/icudt64l/zone/en_DE.res" offset: 5924997, size: 80 bytes, sha1: BFDCFB1AC6D844DD908C886B0020061320A50132, compression: None.
LogPakFile: Display: "Engine/Content/Internationalization/icudt64l/zone/en_DG.res" offset: 5925130, size: 80 bytes, sha1: BD7C7791B2A3A4735FDF379FA10AE216B38270DF, compression: None.
LogPakFile: Display: "Engine/Content/Internationalization/icudt64l/zone/en_DK.res" offset: 5925263, size: 80 bytes, sha1: BFDCFB1AC6D844DD908C886B0020061320A50132, compression: None.
LogPakFile: Display: "Engine/Content/Internationalization/icudt64l/zone/en_DM.res" offset: 5925396, size: 80 bytes, sha1: BD7C7791B2A3A4735FDF379FA10AE216B38270DF, compression: None.
LogPakFile: Display: "Engine/Content/Internationalization/icudt64l/zone/en_ER.res" offset: 5925529, size: 152 bytes, sha1: 481683C16D1A96088A5AE05D3F398EAAEBA835CF, compression: None.
LogPakFile: Display: "Engine/Content/Internationalization/icudt64l/zone/en_FI.res" offset: 5925734, size: 80 bytes, sha1: BFDCFB1AC6D844DD908C886B0020061320A50132, compression: None.
LogPakFile: Display: "Engine/Content/Internationalization/icudt64l/zone/en_FJ.res" offset: 5925867, size: 80 bytes, sha1: BD7C7791B2A3A4735FDF379FA10AE216B38270DF, compression: None.
LogPakFile: Display: "Engine/Content/Internationalization/icudt64l/zone/en_FK.res" offset: 5926000, size: 80 bytes, sha1: BD7C7791B2A3A4735FDF379FA10AE216B38270DF, compression: None.
LogPakFile: Display: "Engine/Content/Internationalization/icudt64l/zone/en_FM.res" offset: 5926133, size: 80 bytes, sha1: BD7C7791B2A3A4735FDF379FA10AE216B38270DF, compression: None.
LogPakFile: Display: "Engine/Content/Internationalization/icudt64l/zone/en_GB.res" offset: 5926912, size: 604 bytes, sha1: 54357EC11C01C7BDC4DDB92056EE6BA4EAFFBA3C, compression: None.
LogPakFile: Display: "Engine/Content/Internationalization/icudt64l/zone/en_GD.res" offset: 5927569, size: 80 bytes, sha1: BD7C7791B2A3A4735FDF379FA10AE216B38270DF, compression: None.
LogPakFile: Display: "Engine/Content/Internationalization/icudt64l/zone/en_GG.res" offset: 5927702, size: 80 bytes, sha1: BD7C7791B2A3A4735FDF379FA10AE216B38270DF, compression: None.
LogPakFile: Display: "Engine/Content/Internationalization/icudt64l/zone/en_GH.res" offset: 5927835, size: 152 bytes, sha1: 481683C16D1A96088A5AE05D3F398EAAEBA835CF, compression: None.
LogPakFile: Display: "Engine/Content/Internationalization/icudt64l/zone/en_GI.res" offset: 5928040, size: 80 bytes, sha1: BD7C7791B2A3A4735FDF379FA10AE216B38270DF, compression: None.
LogPakFile: Display: "Engine/Content/Internationalization/icudt64l/zone/en_GM.res" offset: 5928173, size: 152 bytes, sha1: 481683C16D1A96088A5AE05D3F398EAAEBA835CF, compression: None.
LogPakFile: Display: "Engine/Content/Internationalization/icudt64l/zone/en_GU.res" offset: 5928378, size: 112 bytes, sha1: 415077F47E9A0B9BC85A62E04C6BDAE01002780A, compression: None.
LogPakFile: Display: "Engine/Content/Internationalization/icudt64l/zone/en_GY.res" offset: 5928543, size: 112 bytes, sha1: 281DBCE62E3C0941DB9A46E1CEAFF4297801FC89, compression: None.
LogPakFile: Display: "Engine/Content/Internationalization/icudt64l/zone/en_HK.res" offset: 5928708, size: 132 bytes, sha1: BE158193F9EF0716EBBE0B95B8F7875F563C9A77, compression: None.
LogPakFile: Display: "Engine/Content/Internationalization/icudt64l/zone/en_IE.res" offset: 5928960, size: 112 bytes, sha1: 3A5100E7A27ABFEF05494232F7B63F3A71EB23B6, compression: None.
LogPakFile: Display: "Engine/Content/Internationalization/icudt64l/zone/en_IL.res" offset: 5929125, size: 80 bytes, sha1: BD7C7791B2A3A4735FDF379FA10AE216B38270DF, compression: None.
LogPakFile: Display: "Engine/Content/Internationalization/icudt64l/zone/en_IM.res" offset: 5929258, size: 80 bytes, sha1: BD7C7791B2A3A4735FDF379FA10AE216B38270DF, compression: None.
LogPakFile: Display: "Engine/Content/Internationalization/icudt64l/zone/en_IN.res" offset: 5929391, size: 148 bytes, sha1: CF78A1F6BCFEAB12AC3037F8A54CF1D081D896D3, compression: None.
LogPakFile: Display: "Engine/Content/Internationalization/icudt64l/zone/en_IO.res" offset: 5929592, size: 80 bytes, sha1: BD7C7791B2A3A4735FDF379FA10AE216B38270DF, compression: None.
LogPakFile: Display: "Engine/Content/Internationalization/icudt64l/zone/en_JE.res" offset: 5929725, size: 80 bytes, sha1: BD7C7791B2A3A4735FDF379FA10AE216B38270DF, compression: None.
LogPakFile: Display: "Engine/Content/Internationalization/icudt64l/zone/en_JM.res" offset: 5929858, size: 80 bytes, sha1: BD7C7791B2A3A4735FDF379FA10AE216B38270DF, compression: None.
LogPakFile: Display: "Engine/Content/Internationalization/icudt64l/zone/en_KE.res" offset: 5929991, size: 152 bytes, sha1: 481683C16D1A96088A5AE05D3F398EAAEBA835CF, compression: None.
LogPakFile: Display: "Engine/Content/Internationalization/icudt64l/zone/en_KI.res" offset: 5930196, size: 80 bytes, sha1: BD7C7791B2A3A4735FDF379FA10AE216B38270DF, compression: None.
LogPakFile: Display: "Engine/Content/Internationalization/icudt64l/zone/en_KN.res" offset: 5930329, size: 80 bytes, sha1: BD7C7791B2A3A4735FDF379FA10AE216B38270DF, compression: None.
LogPakFile: Display: "Engine/Content/Internationalization/icudt64l/zone/en_KY.res" offset: 5930462, size: 80 bytes, sha1: BD7C7791B2A3A4735FDF379FA10AE216B38270DF, compression: None.
LogPakFile: Display: "Engine/Content/Internationalization/icudt64l/zone/en_LC.res" offset: 5930595, size: 80 bytes, sha1: BD7C7791B2A3A4735FDF379FA10AE216B38270DF, compression: None.
LogPakFile: Display: "Engine/Content/Internationalization/icudt64l/zone/en_LR.res" offset: 5930728, size: 152 bytes, sha1: 481683C16D1A96088A5AE05D3F398EAAEBA835CF, compression: None.
LogPakFile: Display: "Engine/Content/Internationalization/icudt64l/zone/en_LS.res" offset: 5931008, size: 152 bytes, sha1: 481683C16D1A96088A5AE05D3F398EAAEBA835CF, compression: None.
LogPakFile: Display: "Engine/Content/Internationalization/icudt64l/zone/en_MG.res" offset: 5931213, size: 152 bytes, sha1: 481683C16D1A96088A5AE05D3F398EAAEBA835CF, compression: None.
LogPakFile: Display: "Engine/Content/Internationalization/icudt64l/zone/en_MH.res" offset: 5931418, size: 252 bytes, sha1: 9CDF0F5630EE687C1E1A18E44A764EB9635D5B5C, compression: None.
LogPakFile: Display: "Engine/Content/Internationalization/icudt64l/zone/en_MO.res" offset: 5931723, size: 152 bytes, sha1: 51C5E528CB75A9BC94D0B54B82A0F41E7452F477, compression: None.
LogPakFile: Display: "Engine/Content/Internationalization/icudt64l/zone/en_MP.res" offset: 5931928, size: 252 bytes, sha1: 9CDF0F5630EE687C1E1A18E44A764EB9635D5B5C, compression: None.
LogPakFile: Display: "Engine/Content/Internationalization/icudt64l/zone/en_MS.res" offset: 5932233, size: 80 bytes, sha1: BD7C7791B2A3A4735FDF379FA10AE216B38270DF, compression: None.
LogPakFile: Display: "Engine/Content/Internationalization/icudt64l/zone/en_MT.res" offset: 5932366, size: 80 bytes, sha1: BD7C7791B2A3A4735FDF379FA10AE216B38270DF, compression: None.
LogPakFile: Display: "Engine/Content/Internationalization/icudt64l/zone/en_MU.res" offset: 5932499, size: 152 bytes, sha1: 481683C16D1A96088A5AE05D3F398EAAEBA835CF, compression: None.
LogPakFile: Display: "Engine/Content/Internationalization/icudt64l/zone/en_MW.res" offset: 5932704, size: 152 bytes, sha1: 481683C16D1A96088A5AE05D3F398EAAEBA835CF, compression: None.
LogPakFile: Display: "Engine/Content/Internationalization/icudt64l/zone/en_MY.res" offset: 5933056, size: 112 bytes, sha1: 11E04FD52D23DD942D3FBB07D30FC18913549AE3, compression: None.
LogPakFile: Display: "Engine/Content/Internationalization/icudt64l/zone/en_NA.res" offset: 5933221, size: 152 bytes, sha1: AE06DB5016F22C7DF439EEECA2289AE7134BB58B, compression: None.
LogPakFile: Display: "Engine/Content/Internationalization/icudt64l/zone/en_NF.res" offset: 5933426, size: 80 bytes, sha1: 184F5A8E3A67C24052175B863D9AC21B5FEC6068, compression: None.
LogPakFile: Display: "Engine/Content/Internationalization/icudt64l/zone/en_NG.res" offset: 5933559, size: 172 bytes, sha1: 329D0E7B0F060AF38A17470596D60F4005F657F4, compression: None.
LogPakFile: Display: "Engine/Content/Internationalization/icudt64l/zone/en_NH.res" offset: 5933784, size: 88 bytes, sha1: 56BEAB6ABBA91FAFA186BE7A91A080A4AC404B1B, compression: None.
LogPakFile: Display: "Engine/Content/Internationalization/icudt64l/zone/en_NL.res" offset: 5933925, size: 80 bytes, sha1: 5AC80512C3C5331207DAA5CEE93A0DF66C8466F5, compression: None.
LogPakFile: Display: "Engine/Content/Internationalization/icudt64l/zone/en_NR.res" offset: 5934058, size: 80 bytes, sha1: 184F5A8E3A67C24052175B863D9AC21B5FEC6068, compression: None.
LogPakFile: Display: "Engine/Content/Internationalization/icudt64l/zone/en_NU.res" offset: 5934191, size: 80 bytes, sha1: 184F5A8E3A67C24052175B863D9AC21B5FEC6068, compression: None.
LogPakFile: Display: "Engine/Content/Internationalization/icudt64l/zone/en_NZ.res" offset: 5934324, size: 356 bytes, sha1: 5843FD329771B2392EEF3CD55A8C0ACA27E02DB4, compression: None.
LogPakFile: Display: "Engine/Content/Internationalization/icudt64l/zone/en_PG.res" offset: 5934733, size: 80 bytes, sha1: 184F5A8E3A67C24052175B863D9AC21B5FEC6068, compression: None.
LogPakFile: Display: "Engine/Content/Internationalization/icudt64l/zone/en_PH.res" offset: 5934866, size: 80 bytes, sha1: 184F5A8E3A67C24052175B863D9AC21B5FEC6068, compression: None.
LogPakFile: Display: "Engine/Content/Internationalization/icudt64l/zone/en_PK.res" offset: 5935104, size: 80 bytes, sha1: 184F5A8E3A67C24052175B863D9AC21B5FEC6068, compression: None.
LogPakFile: Display: "Engine/Content/Internationalization/icudt64l/zone/en_PN.res" offset: 5935237, size: 80 bytes, sha1: 184F5A8E3A67C24052175B863D9AC21B5FEC6068, compression: None.
LogPakFile: Display: "Engine/Content/Internationalization/icudt64l/zone/en_PW.res" offset: 5935370, size: 80 bytes, sha1: 184F5A8E3A67C24052175B863D9AC21B5FEC6068, compression: None.
LogPakFile: Display: "Engine/Content/Internationalization/icudt64l/zone/en_RH.res" offset: 5935503, size: 88 bytes, sha1: 2C40F23E917F285B1E759573C7F71AA5EF54CE52, compression: None.
LogPakFile: Display: "Engine/Content/Internationalization/icudt64l/zone/en_RW.res" offset: 5935644, size: 152 bytes, sha1: AE06DB5016F22C7DF439EEECA2289AE7134BB58B, compression: None.
LogPakFile: Display: "Engine/Content/Internationalization/icudt64l/zone/en_SB.res" offset: 5935849, size: 80 bytes, sha1: 184F5A8E3A67C24052175B863D9AC21B5FEC6068, compression: None.
LogPakFile: Display: "Engine/Content/Internationalization/icudt64l/zone/en_SC.res" offset: 5935982, size: 80 bytes, sha1: 184F5A8E3A67C24052175B863D9AC21B5FEC6068, compression: None.
LogPakFile: Display: "Engine/Content/Internationalization/icudt64l/zone/en_SD.res" offset: 5936115, size: 152 bytes, sha1: AE06DB5016F22C7DF439EEECA2289AE7134BB58B, compression: None.
LogPakFile: Display: "Engine/Content/Internationalization/icudt64l/zone/en_SE.res" offset: 5936320, size: 80 bytes, sha1: 5AC80512C3C5331207DAA5CEE93A0DF66C8466F5, compression: None.
LogPakFile: Display: "Engine/Content/Internationalization/icudt64l/zone/en_SG.res" offset: 5936453, size: 136 bytes, sha1: E4F24CF3D1198EE454148DC72E5C7586D0EE19DF, compression: None.
LogPakFile: Display: "Engine/Content/Internationalization/icudt64l/zone/en_SH.res" offset: 5936642, size: 80 bytes, sha1: 184F5A8E3A67C24052175B863D9AC21B5FEC6068, compression: None.
LogPakFile: Display: "Engine/Content/Internationalization/icudt64l/zone/en_SI.res" offset: 5936775, size: 80 bytes, sha1: 5AC80512C3C5331207DAA5CEE93A0DF66C8466F5, compression: None.
LogPakFile: Display: "Engine/Content/Internationalization/icudt64l/zone/en_SL.res" offset: 5936908, size: 152 bytes, sha1: AE06DB5016F22C7DF439EEECA2289AE7134BB58B, compression: None.
LogPakFile: Display: "Engine/Content/Internationalization/icudt64l/zone/en_SS.res" offset: 5937152, size: 152 bytes, sha1: AE06DB5016F22C7DF439EEECA2289AE7134BB58B, compression: None.
LogPakFile: Display: "Engine/Content/Internationalization/icudt64l/zone/en_SX.res" offset: 5937357, size: 80 bytes, sha1: 184F5A8E3A67C24052175B863D9AC21B5FEC6068, compression: None.
LogPakFile: Display: "Engine/Content/Internationalization/icudt64l/zone/en_SZ.res" offset: 5937490, size: 152 bytes, sha1: AE06DB5016F22C7DF439EEECA2289AE7134BB58B, compression: None.
LogPakFile: Display: "Engine/Content/Internationalization/icudt64l/zone/en_TC.res" offset: 5937695, size: 80 bytes, sha1: 184F5A8E3A67C24052175B863D9AC21B5FEC6068, compression: None.
LogPakFile: Display: "Engine/Content/Internationalization/icudt64l/zone/en_TK.res" offset: 5937828, size: 80 bytes, sha1: 184F5A8E3A67C24052175B863D9AC21B5FEC6068, compression: None.
LogPakFile: Display: "Engine/Content/Internationalization/icudt64l/zone/en_TO.res" offset: 5937961, size: 80 bytes, sha1: 184F5A8E3A67C24052175B863D9AC21B5FEC6068, compression: None.
LogPakFile: Display: "Engine/Content/Internationalization/icudt64l/zone/en_TT.res" offset: 5938094, size: 80 bytes, sha1: 184F5A8E3A67C24052175B863D9AC21B5FEC6068, compression: None.
LogPakFile: Display: "Engine/Content/Internationalization/icudt64l/zone/en_TV.res" offset: 5938227, size: 80 bytes, sha1: 184F5A8E3A67C24052175B863D9AC21B5FEC6068, compression: None.
LogPakFile: Display: "Engine/Content/Internationalization/icudt64l/zone/en_TZ.res" offset: 5938360, size: 152 bytes, sha1: AE06DB5016F22C7DF439EEECA2289AE7134BB58B, compression: None.
LogPakFile: Display: "Engine/Content/Internationalization/icudt64l/zone/en_UG.res" offset: 5938565, size: 152 bytes, sha1: AE06DB5016F22C7DF439EEECA2289AE7134BB58B, compression: None.
LogPakFile: Display: "Engine/Content/Internationalization/icudt64l/zone/en_VC.res" offset: 5938770, size: 80 bytes, sha1: 184F5A8E3A67C24052175B863D9AC21B5FEC6068, compression: None.
LogPakFile: Display: "Engine/Content/Internationalization/icudt64l/zone/en_VG.res" offset: 5938903, size: 80 bytes, sha1: 184F5A8E3A67C24052175B863D9AC21B5FEC6068, compression: None.
LogPakFile: Display: "Engine/Content/Internationalization/icudt64l/zone/en_VU.res" offset: 5939036, size: 80 bytes, sha1: 184F5A8E3A67C24052175B863D9AC21B5FEC6068, compression: None.
LogPakFile: Display: "Engine/Content/Internationalization/icudt64l/zone/en_WS.res" offset: 5939200, size: 80 bytes, sha1: 184F5A8E3A67C24052175B863D9AC21B5FEC6068, compression: None.
LogPakFile: Display: "Engine/Content/Internationalization/icudt64l/zone/en_ZA.res" offset: 5939333, size: 152 bytes, sha1: AE06DB5016F22C7DF439EEECA2289AE7134BB58B, compression: None.
LogPakFile: Display: "Engine/Content/Internationalization/icudt64l/zone/en_ZM.res" offset: 5939538, size: 152 bytes, sha1: AE06DB5016F22C7DF439EEECA2289AE7134BB58B, compression: None.
LogPakFile: Display: "Engine/Content/Internationalization/icudt64l/zone/en_ZW.res" offset: 5939743, size: 152 bytes, sha1: AE06DB5016F22C7DF439EEECA2289AE7134BB58B, compression: None.
LogPakFile: Display: "Engine/Content/Internationalization/icudt64l/zone/es.res" offset: 5941248, size: 6189 bytes, sha1: 89F76D42214540E94F3427789DC45AB5CD64A993, compression: Oodle.
LogPakFile: Display: "Engine/Content/Internationalization/icudt64l/zone/es_419.res" offset: 5947510, size: 860 bytes, sha1: 9BA61688EFBDC456F43704BE98682894C6DB2C92, compression: Oodle.
LogPakFile: Display: "Engine/Content/Internationalization/icudt64l/zone/es_AR.res" offset: 5948443, size: 156 bytes, sha1: A859AE083AD74266FC73808F829575F1406AB549, compression: None.
LogPakFile: Display: "Engine/Content/Internationalization/icudt64l/zone/es_BO.res" offset: 5948652, size: 112 bytes, sha1: 487DFA224317A202C3F0F8CE6F1267BD447753A4, compression: None.
LogPakFile: Display: "Engine/Content/Internationalization/icudt64l/zone/es_BR.res" offset: 5948817, size: 80 bytes, sha1: FF9044B492502716018868B3B8380CE54269F270, compression: None.
LogPakFile: Display: "Engine/Content/Internationalization/icudt64l/zone/es_BZ.res" offset: 5948950, size: 80 bytes, sha1: FF9044B492502716018868B3B8380CE54269F270, compression: None.
LogPakFile: Display: "Engine/Content/Internationalization/icudt64l/zone/es_CL.res" offset: 5949083, size: 132 bytes, sha1: 5F44D1212227EBB98E8065851AD3EE0C91A978F2, compression: None.
LogPakFile: Display: "Engine/Content/Internationalization/icudt64l/zone/es_CO.res" offset: 5949440, size: 132 bytes, sha1: 405895EBBE64FA1C96F6068869E783E1FFC7560F, compression: None.
LogPakFile: Display: "Engine/Content/Internationalization/icudt64l/zone/es_CR.res" offset: 5949625, size: 80 bytes, sha1: FF9044B492502716018868B3B8380CE54269F270, compression: None.
LogPakFile: Display: "Engine/Content/Internationalization/icudt64l/zone/es_CU.res" offset: 5949758, size: 80 bytes, sha1: FF9044B492502716018868B3B8380CE54269F270, compression: None.
LogPakFile: Display: "Engine/Content/Internationalization/icudt64l/zone/es_DO.res" offset: 5949891, size: 80 bytes, sha1: FF9044B492502716018868B3B8380CE54269F270, compression: None.
LogPakFile: Display: "Engine/Content/Internationalization/icudt64l/zone/es_EC.res" offset: 5950024, size: 104 bytes, sha1: DA474CB202EF93C91E3896276388977FB055E42C, compression: None.
LogPakFile: Display: "Engine/Content/Internationalization/icudt64l/zone/es_GT.res" offset: 5950181, size: 80 bytes, sha1: FF9044B492502716018868B3B8380CE54269F270, compression: None.
LogPakFile: Display: "Engine/Content/Internationalization/icudt64l/zone/es_HN.res" offset: 5950314, size: 80 bytes, sha1: FF9044B492502716018868B3B8380CE54269F270, compression: None.
LogPakFile: Display: "Engine/Content/Internationalization/icudt64l/zone/es_MX.res" offset: 5950447, size: 764 bytes, sha1: FF5A5A8C3ED51F697691A891BCEE298B86FDAF62, compression: Oodle.
LogPakFile: Display: "Engine/Content/Internationalization/icudt64l/zone/es_NI.res" offset: 5951284, size: 80 bytes, sha1: FF9044B492502716018868B3B8380CE54269F270, compression: None.
LogPakFile: Display: "Engine/Content/Internationalization/icudt64l/zone/es_PA.res" offset: 5951488, size: 80 bytes, sha1: FF9044B492502716018868B3B8380CE54269F270, compression: None.
LogPakFile: Display: "Engine/Content/Internationalization/icudt64l/zone/es_PE.res" offset: 5951621, size: 152 bytes, sha1: 2C4D92ACD5540818E93CFBB32F7D849B8506FF98, compression: None.
LogPakFile: Display: "Engine/Content/Internationalization/icudt64l/zone/es_PR.res" offset: 5951826, size: 80 bytes, sha1: FF9044B492502716018868B3B8380CE54269F270, compression: None.
LogPakFile: Display: "Engine/Content/Internationalization/icudt64l/zone/es_PY.res" offset: 5951959, size: 80 bytes, sha1: FF9044B492502716018868B3B8380CE54269F270, compression: None.
LogPakFile: Display: "Engine/Content/Internationalization/icudt64l/zone/es_SV.res" offset: 5952092, size: 80 bytes, sha1: FF9044B492502716018868B3B8380CE54269F270, compression: None.
LogPakFile: Display: "Engine/Content/Internationalization/icudt64l/zone/es_US.res" offset: 5952225, size: 832 bytes, sha1: 435061D428AB71AC7AB68DB30CE8F9B896AAB4E5, compression: None.
LogPakFile: Display: "Engine/Content/Internationalization/icudt64l/zone/es_UY.res" offset: 5953110, size: 132 bytes, sha1: A0C5D0DDCD5DCB6E51A9F09A2A1815798A2F72A7, compression: None.
LogPakFile: Display: "Engine/Content/Internationalization/icudt64l/zone/es_VE.res" offset: 5953295, size: 112 bytes, sha1: 05BA265BFBB7E497E8EF4976B47A38DFB56E4ED2, compression: None.
LogPakFile: Display: "Engine/Content/Internationalization/icudt64l/zone/fr.res" offset: 5953536, size: 5960 bytes, sha1: 416B8BE73C667D0CB8F36F5AEA06F3074A725A46, compression: Oodle.
LogPakFile: Display: "Engine/Content/Internationalization/icudt64l/zone/fr_CA.res" offset: 5959680, size: 2542 bytes, sha1: 6BA0C01587AED0494D451E0C9C2D73EB8680BD3E, compression: Oodle.
LogPakFile: Display: "Engine/Content/Internationalization/icudt64l/zone/fr_GF.res" offset: 5962295, size: 108 bytes, sha1: 6EAC83419ED3B958BC8E8AF1E406075CCA07EB88, compression: None.
LogPakFile: Display: "Engine/Content/Internationalization/icudt64l/zone/it.res" offset: 5963776, size: 6760 bytes, sha1: 86E1E4723454033C916EBFCC53A296A3F36F6042, compression: Oodle.
LogPakFile: Display: "Engine/Content/Internationalization/icudt64l/zone/ja.res" offset: 5971968, size: 7307 bytes, sha1: D41BF8FC815AF8206C4BA48C7BD08FD10594CE4A, compression: Oodle.
LogPakFile: Display: "Engine/Content/Internationalization/icudt64l/zone/ja_JP.res" offset: 5979348, size: 76 bytes, sha1: DF789172D72494D05A5EA2B661AFCCCAFAAEAC2E, compression: None.
LogPakFile: Display: "Engine/Content/Internationalization/icudt64l/zone/ja_JP_TRADITIONAL.res" offset: 5979477, size: 104 bytes, sha1: 4C8D40CB20C78A4F42AA5200FD6D1C7C65C434F8, compression: None.
LogPakFile: Display: "Engine/Content/Internationalization/icudt64l/zone/ko.res" offset: 5980160, size: 8695 bytes, sha1: 03C50EB620C901369E15B0DE63B3EF22A1050332, compression: Oodle.
LogPakFile: Display: "Engine/Content/Internationalization/icudt64l/zone/ko_KP.res" offset: 5988928, size: 156 bytes, sha1: 6E5E0634AB9CDE203C427BAD1483F30A61CF7C0D, compression: None.
LogPakFile: Display: "Engine/Content/Internationalization/icudt64l/zone/pool.res" offset: 5990400, size: 7765 bytes, sha1: E735ED632016183C4336A1A04C2477955C50DCE1, compression: Oodle.
LogPakFile: Display: "Engine/Content/Internationalization/icudt64l/zone/root.res" offset: 5998592, size: 684 bytes, sha1: CAA82682D823D0B28D46C64FB48466693EEAD485, compression: None.
LogPakFile: Display: "Engine/Content/Internationalization/icudt64l/zone/zh.res" offset: 6000640, size: 8796 bytes, sha1: 7A7B63BBF827EBB994B908D5707BB37620FD2781, compression: Oodle.
LogPakFile: Display: "Engine/Content/Internationalization/icudt64l/zone/zh_CN.res" offset: 6009509, size: 100 bytes, sha1: 1827E76B8C4F129F54FC237868D599C3EF723D2E, compression: None.
LogPakFile: Display: "Engine/Content/Internationalization/icudt64l/zone/zh_Hans.res" offset: 6009662, size: 76 bytes, sha1: 888641BA5F25EDBABFCB64CECBD881BACAE20C5B, compression: None.
LogPakFile: Display: "Engine/Content/Internationalization/icudt64l/zone/zh_Hans_CN.res" offset: 6009791, size: 76 bytes, sha1: DF789172D72494D05A5EA2B661AFCCCAFAAEAC2E, compression: None.
LogPakFile: Display: "Engine/Content/Internationalization/icudt64l/zone/zh_Hans_SG.res" offset: 6009920, size: 156 bytes, sha1: E6A39C1CCEA8AC96244842A5C0390AC46F88D08E, compression: None.
LogPakFile: Display: "Engine/Content/Internationalization/icudt64l/zone/zh_Hant.res" offset: 6010880, size: 7762 bytes, sha1: 11BAB62050BCBC0AA0627A3BF9184A21A156C793, compression: Oodle.
LogPakFile: Display: "Engine/Content/Internationalization/icudt64l/zone/zh_Hant_HK.res" offset: 6019072, size: 2835 bytes, sha1: 49CDE96E3FCF498B53F2EE8BF4FFF4BE174EADBC, compression: Oodle.
LogPakFile: Display: "Engine/Content/Internationalization/icudt64l/zone/zh_Hant_MO.res" offset: 6021980, size: 80 bytes, sha1: 49070DDC952ADFB6E3C0E428702CC3323D1D8C65, compression: None.
LogPakFile: Display: "Engine/Content/Internationalization/icudt64l/zone/zh_Hant_TW.res" offset: 6022113, size: 76 bytes, sha1: DF789172D72494D05A5EA2B661AFCCCAFAAEAC2E, compression: None.
LogPakFile: Display: "Engine/Content/Internationalization/icudt64l/zone/zh_HK.res" offset: 6022242, size: 76 bytes, sha1: AE78D59F69F9FA4D1D711615A720E04A7B2D3B90, compression: None.
LogPakFile: Display: "Engine/Content/Internationalization/icudt64l/zone/zh_MO.res" offset: 6022371, size: 100 bytes, sha1: 21AAD50CF05999A995F08BA4DD2ACF53524257DA, compression: None.
LogPakFile: Display: "Engine/Content/Internationalization/icudt64l/zone/zh_SG.res" offset: 6022524, size: 100 bytes, sha1: B1A68B3AD776BC4738575DB32F43D869A0EFBBF6, compression: None.
LogPakFile: Display: "Engine/Content/Internationalization/icudt64l/zone/zh_TW.res" offset: 6022677, size: 100 bytes, sha1: 2CCBE98324D5DA22F8399DD1C43E82DD25FD4DA1, compression: None.
LogPakFile: Display: "Engine/Content/Internationalization/icudt64l/zoneinfo64.res" offset: 6023168, size: 54925 bytes, sha1: 71319C2201DD6CF2623361FBD7AD682C417D056C, compression: Oodle.
LogPakFile: Display: "Engine/Content/Localization/Engine/en/Engine.locres" offset: 6078464, size: 2088653 bytes, sha1: 3132CBDB2F7030F675BEEB92DA4519FB550EDE94, compression: Oodle.
LogPakFile: Display: "Engine/Content/Localization/Engine/Engine.locmeta" offset: 8168502, size: 163 bytes, sha1: 3043A5A63A00D74A2F5F0CF8230C3A5E47AA07D4, compression: None.
LogPakFile: Display: "Engine/Content/Localization/Engine/zh-Hans/Engine.locres" offset: 8169472, size: 2005375 bytes, sha1: 2FD79A73B07334C3471433BE7735CE9D12DB7F4B, compression: Oodle.
LogPakFile: Display: "Engine/Content/Slate/Automation/DeveloperDirectoryContent.png" offset: 10176512, size: 5870 bytes, sha1: FA3625F95E9DB44326AA488B26EEEA93B542F880, compression: None.
LogPakFile: Display: "Engine/Content/Slate/Automation/EditorGroupBorder.png" offset: 10182656, size: 3222 bytes, sha1: 4C7241C3AE54119B84C0F8BA4954AD3E047B4AB0, compression: None.
LogPakFile: Display: "Engine/Content/Slate/Automation/ErrorFilter.png" offset: 10186752, size: 6763 bytes, sha1: 2D53D2CBEC1952BE0203047C4B239F027DEF7004, compression: None.
LogPakFile: Display: "Engine/Content/Slate/Automation/ExcludedTestsFilter.png" offset: 10194944, size: 17428 bytes, sha1: 9F2CD72167CCBF144C1A275968D8F57679EAEA13, compression: Oodle.
LogPakFile: Display: "Engine/Content/Slate/Automation/Fail.png" offset: 10213376, size: 4545 bytes, sha1: F4F4FD70E30FA518B4A1619E192DBBB9FF36313B, compression: Oodle.
LogPakFile: Display: "Engine/Content/Slate/Automation/GameGroupBorder.png" offset: 10219520, size: 3259 bytes, sha1: E025C680BAAD1AE53B37F99AA0C82319DBDEE662, compression: None.
LogPakFile: Display: "Engine/Content/Slate/Automation/Groups.png" offset: 10223616, size: 12058 bytes, sha1: 4AC2ABED683AC901768AF1EA556FCF27D560713E, compression: Oodle.
LogPakFile: Display: "Engine/Content/Slate/Automation/InProcess.png" offset: 10235904, size: 3513 bytes, sha1: 095EA64BFE47C7958D213FBDF54CD168A30F72D8, compression: None.
LogPakFile: Display: "Engine/Content/Slate/Automation/NoSessionWarning.png" offset: 10240000, size: 2964 bytes, sha1: 51B1E44085B2FC06D2906CA17AA6B4093DEFD650, compression: None.
LogPakFile: Display: "Engine/Content/Slate/Automation/NotEnoughParticipants.png" offset: 10244096, size: 3333 bytes, sha1: 08EBF0AFDDEEC30C36B4740A68AC6CFA45E27807, compression: None.
LogPakFile: Display: "Engine/Content/Slate/Automation/NotRun.png" offset: 10248192, size: 2846 bytes, sha1: 64F4E0B81E31217341D56BD0EDD39E90EA0191A7, compression: None.
LogPakFile: Display: "Engine/Content/Slate/Automation/Participant.png" offset: 10252288, size: 3436 bytes, sha1: 45326EA61A874B6DD1AAF88A192CB53EE81626E0, compression: None.
LogPakFile: Display: "Engine/Content/Slate/Automation/ParticipantsWarning.png" offset: 10256384, size: 3333 bytes, sha1: 08EBF0AFDDEEC30C36B4740A68AC6CFA45E27807, compression: None.
LogPakFile: Display: "Engine/Content/Slate/Automation/RefreshTests.png" offset: 10260480, size: 5742 bytes, sha1: E274661E79256C4BB44DC3E93E95D2D22956A341, compression: None.
LogPakFile: Display: "Engine/Content/Slate/Automation/RefreshWorkers.png" offset: 10266624, size: 6370 bytes, sha1: BCA9ABAD19D8789695B5FF101804A42E69EE2904, compression: None.
LogPakFile: Display: "Engine/Content/Slate/Automation/RunTests.png" offset: 10274816, size: 4618 bytes, sha1: 30C2651557D7708EB5FF65A45E7C44D06B08CE7F, compression: None.
LogPakFile: Display: "Engine/Content/Slate/Automation/SmokeTest.png" offset: 10280960, size: 3188 bytes, sha1: 02E0FD13D7518DDEF6F1C2CE8C95AD5B999DDC50, compression: None.
LogPakFile: Display: "Engine/Content/Slate/Automation/SmokeTestFilter.png" offset: 10285056, size: 6464 bytes, sha1: C4C937841BC00741A2BB3B8F21FD1A015BA2AFC9, compression: None.
LogPakFile: Display: "Engine/Content/Slate/Automation/SmokeTestParent.png" offset: 10293248, size: 2980 bytes, sha1: DE7FCE70E0E91FFD1053C67C7C75355E72C12EAC, compression: None.
LogPakFile: Display: "Engine/Content/Slate/Automation/StopTests.png" offset: 10297344, size: 4531 bytes, sha1: 40E6FA81B073BBEB0BE20AFAA6DDBDB90B5A51B5, compression: None.
LogPakFile: Display: "Engine/Content/Slate/Automation/Success.png" offset: 10303488, size: 4506 bytes, sha1: 890820132001D26FA6B8B46E164A0CFE45F167EB, compression: Oodle.
LogPakFile: Display: "Engine/Content/Slate/Automation/TrackTestHistory.png" offset: 10309632, size: 6764 bytes, sha1: 7CB83F8DE6DBF90D55ECB75ADEA9E2F40E58B7D3, compression: Oodle.
LogPakFile: Display: "Engine/Content/Slate/Automation/VisualCommandlet.png" offset: 10317824, size: 5638 bytes, sha1: E9A63B215A37B78D137369E895105447E39BAC28, compression: None.
LogPakFile: Display: "Engine/Content/Slate/Automation/Warning.png" offset: 10323968, size: 4286 bytes, sha1: 5FF4F09BF04A5B0007233DBB223A005AC5148FD9, compression: Oodle.
LogPakFile: Display: "Engine/Content/Slate/Automation/WarningFilter.png" offset: 10330112, size: 6706 bytes, sha1: 02241EFED2761A66214C3D328825E074E1CE21E8, compression: None.
LogPakFile: Display: "Engine/Content/Slate/Checkerboard.png" offset: 10336871, size: 344 bytes, sha1: 54AA820A7706A590D188E1785DA9E04610279F96, compression: None.
LogPakFile: Display: "Engine/Content/Slate/Common/BoxShadow.png" offset: 10338304, size: 1096 bytes, sha1: A338408B1FF309420010EDBD8422B34AFC35199A, compression: Oodle.
LogPakFile: Display: "Engine/Content/Slate/Common/Button.png" offset: 10339473, size: 483 bytes, sha1: ECE9D93F5D0EEDC49ECF1C03A89F45FCB3A40C60, compression: None.
LogPakFile: Display: "Engine/Content/Slate/Common/Button_Disabled.png" offset: 10340352, size: 512 bytes, sha1: 13954963C48C2AC397818ED48CB79E6F657FF8ED, compression: None.
LogPakFile: Display: "Engine/Content/Slate/Common/Button_Hovered.png" offset: 10342400, size: 3352 bytes, sha1: C19FC10B2FC5F24FB80572B97EC5675D89351FAF, compression: None.
LogPakFile: Display: "Engine/Content/Slate/Common/Button_Pressed.png" offset: 10346496, size: 2995 bytes, sha1: 38763D53BB5CDF5DD864661D1FFECC6C6985D6FC, compression: None.
LogPakFile: Display: "Engine/Content/Slate/Common/Check.png" offset: 10349544, size: 457 bytes, sha1: 6FEB2A75A8626B78DD8E23BAECBB56C757AE86E2, compression: None.
LogPakFile: Display: "Engine/Content/Slate/Common/CheckBox.png" offset: 10350054, size: 401 bytes, sha1: DAD76E6B63131ABD0DD263EECB6B7F719F711A8B, compression: None.
LogPakFile: Display: "Engine/Content/Slate/Common/CheckBox_Checked.png" offset: 10350592, size: 500 bytes, sha1: D7E1E50959E39088A9BB2F6002CFE503CCE7F45B, compression: None.
LogPakFile: Display: "Engine/Content/Slate/Common/CheckBox_Checked_Hovered.png" offset: 10351145, size: 510 bytes, sha1: 5B4BD17DC89CE06BECF90C234069A96E132F1E2E, compression: None.
LogPakFile: Display: "Engine/Content/Slate/Common/CheckBox_Hovered.png" offset: 10351708, size: 390 bytes, sha1: 377D89B8D163A79045EAF17A47B7295FCAE8F7BD, compression: None.
LogPakFile: Display: "Engine/Content/Slate/Common/CheckBox_Undetermined.png" offset: 10352151, size: 414 bytes, sha1: BC776AF6C8A23F8602E75C700D851F4F9FF9777B, compression: None.
LogPakFile: Display: "Engine/Content/Slate/Common/CheckBox_Undetermined_Hovered.png" offset: 10352640, size: 418 bytes, sha1: 58921F1B840AE560C8610FAEF5198C66BE1A680B, compression: None.
LogPakFile: Display: "Engine/Content/Slate/Common/Checker.png" offset: 10353111, size: 360 bytes, sha1: BE60B115B1DBC04CDC00267E4EC83357975CCAB1, compression: None.
LogPakFile: Display: "Engine/Content/Slate/Common/Circle.png" offset: 10353524, size: 373 bytes, sha1: FC76DAD1435DFE42C1DEAB244FC06BE9C60CDF40, compression: None.
LogPakFile: Display: "Engine/Content/Slate/Common/ColorGradingWheel.png" offset: 10354688, size: 34883 bytes, sha1: 02E6E50012982C9388F89C5E26353D80FC01FA99, compression: Oodle.
LogPakFile: Display: "Engine/Content/Slate/Common/ColorPicker_Mode_16x.png" offset: 10389644, size: 943 bytes, sha1: D5D7BEAA674B7AC33A268ED4F3ED5084CCB3B1CA, compression: None.
LogPakFile: Display: "Engine/Content/Slate/Common/ColorPicker_Separator.png" offset: 10390640, size: 159 bytes, sha1: 96DB8D40D8EA04CC7BDDBFCCECCEDAC901A37B45, compression: None.
LogPakFile: Display: "Engine/Content/Slate/Common/ColorPicker_SliderHandle.png" offset: 10390852, size: 182 bytes, sha1: 3A2BF3255EF5B09C07066FCE680E51D46A69EEE7, compression: None.
LogPakFile: Display: "Engine/Content/Slate/Common/ColorSpectrum.png" offset: 10391552, size: 259142 bytes, sha1: 1EA7BEDD89DD3C1032A92FCF796BC2AC3BBA92D0, compression: Oodle.
LogPakFile: Display: "Engine/Content/Slate/Common/ColorSpectrum_20x.png" offset: 10650831, size: 532 bytes, sha1: DC0D8C1C0C2A7F1688A79C0D74BAD6A9BB580DD7, compression: None.
LogPakFile: Display: "Engine/Content/Slate/Common/ColorWheel.png" offset: 10651648, size: 69558 bytes, sha1: 5D2C37DA7B4F78B12AC7BD42F606257D80E75416, compression: Oodle.
LogPakFile: Display: "Engine/Content/Slate/Common/ColorWheel_20x.png" offset: 10721295, size: 964 bytes, sha1: 0710B69AC9505CF7981E0AD8D7C66A274CD34479, compression: None.
LogPakFile: Display: "Engine/Content/Slate/Common/ColumnHeader.png" offset: 10722312, size: 369 bytes, sha1: BB00038AC4ED7FD3A8941D2DA1363FED6CD82125, compression: None.
LogPakFile: Display: "Engine/Content/Slate/Common/ColumnHeader_Arrow.png" offset: 10722734, size: 191 bytes, sha1: 48FEA2EC1EF4ADA497922AB0F5C117B378BF3D47, compression: None.
LogPakFile: Display: "Engine/Content/Slate/Common/ColumnHeader_Hovered.png" offset: 10723328, size: 1336 bytes, sha1: 9BAD06CF258AEB8F864AE0F47933D50358AF6C71, compression: Oodle.
LogPakFile: Display: "Engine/Content/Slate/Common/ColumnHeaderMenuButton_Hovered.png" offset: 10725376, size: 1551 bytes, sha1: F82053F1B909686209210F6FD32AEE6AD52C78C7, compression: Oodle.
LogPakFile: Display: "Engine/Content/Slate/Common/ColumnHeaderMenuButton_Normal.png" offset: 10727000, size: 350 bytes, sha1: 83A8E2ED06294AA1CE7AC73DF2933EADE7932470, compression: None.
LogPakFile: Display: "Engine/Content/Slate/Common/ComboArrow.png" offset: 10727424, size: 361 bytes, sha1: 168F4AE4AC4FBDD81B384910A2CC0A204811E06D, compression: None.
LogPakFile: Display: "Engine/Content/Slate/Common/CursorPing.png" offset: 10729472, size: 2772 bytes, sha1: 5D8854166DBBAE527935B20855DB057617A5FF67, compression: Oodle.
LogPakFile: Display: "Engine/Content/Slate/Common/DarkGroupBorder.png" offset: 10732317, size: 410 bytes, sha1: 9A4A8B012C4248AD60542FA6F0155642F2B3C0E7, compression: None.
LogPakFile: Display: "Engine/Content/Slate/Common/DebugBorder.PNG" offset: 10732780, size: 374 bytes, sha1: 1B248F401C932073E7D0FCAAA9C8C35E36F5246B, compression: None.
LogPakFile: Display: "Engine/Content/Slate/Common/Delimiter.png" offset: 10733568, size: 403 bytes, sha1: 202A0D3AF6741C820BC3483B2188744125F40827, compression: None.
LogPakFile: Display: "Engine/Content/Slate/Common/DownArrow.png" offset: 10734024, size: 361 bytes, sha1: 450AC12D21C0FA0BFD9E5D269B1577A9F48F935B, compression: None.
LogPakFile: Display: "Engine/Content/Slate/Common/DropZoneIndicator_Above.png" offset: 10735616, size: 1518 bytes, sha1: 031C8818E179476CDA1DCE8C076D1B1D9B9B20B5, compression: Oodle.
LogPakFile: Display: "Engine/Content/Slate/Common/DropZoneIndicator_Below.png" offset: 10737664, size: 1455 bytes, sha1: 1610A8E7848139EC26A43707822FF4C1056E78A3, compression: Oodle.
LogPakFile: Display: "Engine/Content/Slate/Common/DropZoneIndicator_Onto.png" offset: 10739712, size: 1397 bytes, sha1: A50EEA383401CD6EE5FF82B6E9C1B4FF76EA0F65, compression: Oodle.
LogPakFile: Display: "Engine/Content/Slate/Common/EditableTextSelectionBackground.png" offset: 10741182, size: 354 bytes, sha1: 37041E3CA6B2862B1B5706B53409E7485C63D835, compression: None.
LogPakFile: Display: "Engine/Content/Slate/Common/EventMessage_Default.png" offset: 10741760, size: 653 bytes, sha1: DBBD4545F5E319238DEF60333D0B556F750468DA, compression: None.
LogPakFile: Display: "Engine/Content/Slate/Common/ExpansionButton_CloseOverlay.png" offset: 10742466, size: 468 bytes, sha1: 0F5C013BB5F76D4EE57DF167DB8A911FB1B0FFC6, compression: None.
LogPakFile: Display: "Engine/Content/Slate/Common/GroupBorder.png" offset: 10742987, size: 411 bytes, sha1: C821924E8A278EF3B0892C29F8DCA8DE9F3D9999, compression: None.
LogPakFile: Display: "Engine/Content/Slate/Common/GroupBorder_Shape.png" offset: 10743451, size: 170 bytes, sha1: 6C4B82480B0FF84A7665DB1C3DB53993DE8CAF23, compression: None.
LogPakFile: Display: "Engine/Content/Slate/Common/HeaderSplitterGrip.PNG" offset: 10743808, size: 347 bytes, sha1: 6777D640B2CD3A62D314013513F0405EEB3C466F, compression: None.
LogPakFile: Display: "Engine/Content/Slate/Common/LastColumnHeader_Hovered.png" offset: 10744208, size: 1437 bytes, sha1: 09EE78AA687CF5F1EBA7DF95BC216B601EDF3ADD, compression: Oodle.
LogPakFile: Display: "Engine/Content/Slate/Common/LeftArrow.png" offset: 10745856, size: 2823 bytes, sha1: 22DA9D6AF31F49087A78B9DCE7F69C74C7786754, compression: None.
LogPakFile: Display: "Engine/Content/Slate/Common/LightGroupBorder.png" offset: 10748732, size: 445 bytes, sha1: F4E0F32EE6CE09A6E3E8D29D5DD34454A960E036, compression: None.
LogPakFile: Display: "Engine/Content/Slate/Common/menu.svg" offset: 10749230, size: 398 bytes, sha1: 1C90ECF355CFBAA8AFCAFB149488EEF7B83D8734, compression: None.
LogPakFile: Display: "Engine/Content/Slate/Common/NoiseBackground.png" offset: 10749952, size: 2201 bytes, sha1: 85F5E7DA1A47DEE145D23D384FD93AE4BB618557, compression: Oodle.
LogPakFile: Display: "Engine/Content/Slate/Common/PlainBorder.png" offset: 10752226, size: 162 bytes, sha1: B7A3D9C57ED6610717228E666428B4C850E898F6, compression: None.
LogPakFile: Display: "Engine/Content/Slate/Common/ProfileVisualizer_Mono.png" offset: 10754048, size: 2871 bytes, sha1: 03CAD62E4A0C36615BC511F1B09C8E8F8970BD66, compression: None.
LogPakFile: Display: "Engine/Content/Slate/Common/ProfileVisualizer_Normal.png" offset: 10758144, size: 2909 bytes, sha1: 37182FEE938725A2A556E0ED48F4E84EB9A8ACA3, compression: None.
LogPakFile: Display: "Engine/Content/Slate/Common/ProfileVisualizer_Selected.png" offset: 10762240, size: 2903 bytes, sha1: 7937CC1F0D72F6695ACDA4B75BF9769CCFC09168, compression: None.
LogPakFile: Display: "Engine/Content/Slate/Common/ProgressBar_Background.png" offset: 10765196, size: 472 bytes, sha1: DD40ABD8B33E4C8C254805E0CD98A4F488C85B2A, compression: None.
LogPakFile: Display: "Engine/Content/Slate/Common/ProgressBar_Fill.png" offset: 10765721, size: 421 bytes, sha1: B86D0ED3989CEC7B68292EBAD8518E55CAAE49C5, compression: None.
LogPakFile: Display: "Engine/Content/Slate/Common/ProgressBar_Marquee.PNG" offset: 10766336, size: 588 bytes, sha1: 8E8DA05E57C2E2A3CFC1F2A656953796F44D7D6C, compression: None.
LogPakFile: Display: "Engine/Content/Slate/Common/RadioButton_Selected_16x.png" offset: 10766977, size: 633 bytes, sha1: EB68ED94B9A94C2CA55792EB104AA19B7956C881, compression: None.
LogPakFile: Display: "Engine/Content/Slate/Common/RadioButton_SelectedBack_16x.png" offset: 10768384, size: 3031 bytes, sha1: 4B51D1EB9C5349B5A96E3C955D7A6534DF84B6D1, compression: None.
LogPakFile: Display: "Engine/Content/Slate/Common/RadioButton_Unselected_16x.png" offset: 10772480, size: 1452 bytes, sha1: CF0E558F90E41C46DC9221AC8EE1F5CE29DDE4A8, compression: Oodle.
LogPakFile: Display: "Engine/Content/Slate/Common/RoundedSelection_16x.PNG" offset: 10774005, size: 378 bytes, sha1: EE05EC4AD3F4C8610CF2F8B69E120A16F2C5A42B, compression: None.
LogPakFile: Display: "Engine/Content/Slate/Common/Scrollbar_Background_Horizontal.png" offset: 10774528, size: 350 bytes, sha1: 75E2865524F7F856D62D838C12A9C7B004227F26, compression: None.
LogPakFile: Display: "Engine/Content/Slate/Common/Scrollbar_Background_Vertical.png" offset: 10774931, size: 345 bytes, sha1: CB36598D1ECFEF7964DC0F16BE2B8672A88F5140, compression: None.
LogPakFile: Display: "Engine/Content/Slate/Common/Scrollbar_Thumb.png" offset: 10775329, size: 397 bytes, sha1: D31BE3B85E62677F34794A3F7499629F826879A4, compression: None.
LogPakFile: Display: "Engine/Content/Slate/Common/ScrollBorderShadowBottom.png" offset: 10775779, size: 484 bytes, sha1: 290D91998101C994C244900529355FF0E8CB1940, compression: None.
LogPakFile: Display: "Engine/Content/Slate/Common/ScrollBorderShadowTop.png" offset: 10776576, size: 489 bytes, sha1: 9BC259FE9ED60CF22D696FE23CAD4A48F0CB9ACF, compression: None.
LogPakFile: Display: "Engine/Content/Slate/Common/ScrollBoxShadowBottom.png" offset: 10777118, size: 484 bytes, sha1: 918BE757C507FA8C337443854A081307CC7F9AC0, compression: None.
LogPakFile: Display: "Engine/Content/Slate/Common/ScrollBoxShadowLeft.png" offset: 10777655, size: 491 bytes, sha1: 1F35DCC30CDBF6927E19CE108B1E7982E897CDBC, compression: None.
LogPakFile: Display: "Engine/Content/Slate/Common/ScrollBoxShadowRight.png" offset: 10778624, size: 491 bytes, sha1: A8254465799A53183059A5E790C7B22F32800B17, compression: None.
LogPakFile: Display: "Engine/Content/Slate/Common/ScrollBoxShadowTop.png" offset: 10779168, size: 489 bytes, sha1: 23FAAC4DD382E93DCE8AF4B0BA39BB7602F0E73C, compression: None.
LogPakFile: Display: "Engine/Content/Slate/Common/SearchGlass.PNG" offset: 10779710, size: 540 bytes, sha1: A69B2D65BFAB8E1313813900688FE72171D548BA, compression: None.
LogPakFile: Display: "Engine/Content/Slate/Common/Selection.png" offset: 10780672, size: 333 bytes, sha1: A978B046BDBDDA4FB17F004CB4E2059830F0713E, compression: None.
LogPakFile: Display: "Engine/Content/Slate/Common/Selector.png" offset: 10781058, size: 361 bytes, sha1: 1E3305F4617A0789B443170628A57B1C02C4341E, compression: None.
LogPakFile: Display: "Engine/Content/Slate/Common/Separator.png" offset: 10781472, size: 354 bytes, sha1: 9CEB165A37B3C1435B2F2D91B039F9BA37980B2C, compression: None.
LogPakFile: Display: "Engine/Content/Slate/Common/SmallCheck.png" offset: 10781879, size: 457 bytes, sha1: 6E9B1331C7D8DABFCFB65D324BC92085D8FC0794, compression: None.
LogPakFile: Display: "Engine/Content/Slate/Common/SmallCheckBox.png" offset: 10782720, size: 369 bytes, sha1: 5F895C85E4C63D54814B885574EDBD9557ABB173, compression: None.
LogPakFile: Display: "Engine/Content/Slate/Common/SmallCheckBox_Checked.png" offset: 10783142, size: 489 bytes, sha1: AA75036A504C3D2AF2947E3035722DF48E7D6FC0, compression: None.
LogPakFile: Display: "Engine/Content/Slate/Common/SmallCheckBox_Checked_Hovered.png" offset: 10783684, size: 465 bytes, sha1: 74EF773A93E05AD6214EB7292A68ED44ED3B2454, compression: None.
LogPakFile: Display: "Engine/Content/Slate/Common/SmallCheckBox_Hovered.png" offset: 10784202, size: 370 bytes, sha1: 04BEFC338840155D2E3F5F2057AC716D5D63D3EF, compression: None.
LogPakFile: Display: "Engine/Content/Slate/Common/SmallCheckBox_Undetermined.png" offset: 10784768, size: 2858 bytes, sha1: 61463EE1445F4158C1520200F371B08DF6E2ED61, compression: None.
LogPakFile: Display: "Engine/Content/Slate/Common/SmallCheckBox_Undetermined_Hovered.png" offset: 10788864, size: 2854 bytes, sha1: 0B334FF34D670E7DFB1AABBFA216F15FDE4B1863, compression: None.
LogPakFile: Display: "Engine/Content/Slate/Common/SortDownArrow.png" offset: 10791771, size: 366 bytes, sha1: 383414BCAC64FA2778B4F0E21023DFF7DE782D05, compression: None.
LogPakFile: Display: "Engine/Content/Slate/Common/SortDownArrows.png" offset: 10792190, size: 215 bytes, sha1: 4F04F9C99355C6EA0C4582C84E36D76BD4FD0225, compression: Oodle.
LogPakFile: Display: "Engine/Content/Slate/Common/SortUpArrow.png" offset: 10792478, size: 366 bytes, sha1: C5741B4F59BD5377D40F12CBB404ADE1A80C87FB, compression: None.
LogPakFile: Display: "Engine/Content/Slate/Common/SortUpArrows.png" offset: 10792960, size: 218 bytes, sha1: 8A9C30C3BFEA31BD68DB0300F4CAEDF1AE67A1B0, compression: Oodle.
LogPakFile: Display: "Engine/Content/Slate/Common/SpinArrows.png" offset: 10793251, size: 420 bytes, sha1: 42860A3A7F1F7B3B0791910DEA43CF8088EBC2F6, compression: None.
LogPakFile: Display: "Engine/Content/Slate/Common/Spinbox.PNG" offset: 10793724, size: 404 bytes, sha1: 29FC850968608CB89131EA14529DAD0F2D6E4F49, compression: None.
LogPakFile: Display: "Engine/Content/Slate/Common/Spinbox_Fill.png" offset: 10794181, size: 486 bytes, sha1: 2AB76C5E494A59477C6CEFEA0FE7A1CA3CFE1227, compression: None.
LogPakFile: Display: "Engine/Content/Slate/Common/Spinbox_Fill_Dark.png" offset: 10795008, size: 532 bytes, sha1: 07A2D908014DC63B29C9834E146679EEA6FFD866, compression: None.
LogPakFile: Display: "Engine/Content/Slate/Common/Spinbox_Fill_Hovered.png" offset: 10795593, size: 513 bytes, sha1: AF50647091323BF50D0A7619EA5B6D305EFB7EA6, compression: None.
LogPakFile: Display: "Engine/Content/Slate/Common/Spinbox_Fill_Hovered_Dark.png" offset: 10796159, size: 549 bytes, sha1: 7E49902D25DC40CD6E50340A96EB066D18D1766F, compression: None.
LogPakFile: Display: "Engine/Content/Slate/Common/Spinbox_Hovered.png" offset: 10797056, size: 451 bytes, sha1: 88CCDBA22F455A0D1A2F4BA73DD5796A5C8F39FA, compression: None.
LogPakFile: Display: "Engine/Content/Slate/Common/SplitterHandleHighlight.png" offset: 10797560, size: 340 bytes, sha1: B3B1C5BFF8ABD50E270AE44032F55E2CCD047DBC, compression: None.
LogPakFile: Display: "Engine/Content/Slate/Common/SubmenuArrow.png" offset: 10797953, size: 372 bytes, sha1: E5C500C273B51D1C3DF8587B9669B0DE7A469F72, compression: None.
LogPakFile: Display: "Engine/Content/Slate/Common/TableViewHeader.png" offset: 10798378, size: 526 bytes, sha1: F09D49DC9865161D9BBAC690B08483A7839CB017, compression: None.
LogPakFile: Display: "Engine/Content/Slate/Common/TableViewMajorColumn.png" offset: 10799104, size: 320 bytes, sha1: 3F60B75477D49793B0B91746C519D28CBA8D9EBD, compression: None.
LogPakFile: Display: "Engine/Content/Slate/Common/TextBlockHighlightShape.png" offset: 10799477, size: 369 bytes, sha1: 1B39CAA9B23204946A4EBAA0744C0D22ED6A1A95, compression: None.
LogPakFile: Display: "Engine/Content/Slate/Common/TextBlockHighlightShape_Empty.png" offset: 10799899, size: 379 bytes, sha1: CA7EF2054606727D746B677665B0CCD2A9BCC46A, compression: None.
LogPakFile: Display: "Engine/Content/Slate/Common/TextBox.png" offset: 10800331, size: 405 bytes, sha1: 3B725C203F0830E585FFE48B3F1C6DEBEE21D3C3, compression: None.
LogPakFile: Display: "Engine/Content/Slate/Common/TextBox_Dark.png" offset: 10801152, size: 445 bytes, sha1: 656297D333CCAACF95DC2C295702650F3BE95DAB, compression: None.
LogPakFile: Display: "Engine/Content/Slate/Common/TextBox_Hovered.png" offset: 10801650, size: 410 bytes, sha1: 6BA585AD1428780A4E68CA15B38E5E29C7DD3D49, compression: None.
LogPakFile: Display: "Engine/Content/Slate/Common/TextBox_Hovered_Dark.png" offset: 10802113, size: 462 bytes, sha1: AA71298FBD854183EF66B8E36599E2F116566EC7, compression: None.
LogPakFile: Display: "Engine/Content/Slate/Common/TextBox_ReadOnly.png" offset: 10802628, size: 371 bytes, sha1: 8A806477232168AC01C0C1C1E4AAE8F4BEC1190F, compression: None.
LogPakFile: Display: "Engine/Content/Slate/Common/TextBox_Special.png" offset: 10803200, size: 407 bytes, sha1: 2D08E132F4371C9DE42D855DF0B8B27E23F0B913, compression: None.
LogPakFile: Display: "Engine/Content/Slate/Common/TextBox_Special_Hovered.png" offset: 10803660, size: 474 bytes, sha1: CF7DB916B12B4937F3D1CBDA40C9DF58B3810BD0, compression: None.
LogPakFile: Display: "Engine/Content/Slate/Common/TextBoxLabelBorder.PNG" offset: 10804187, size: 399 bytes, sha1: F74CA3E9E3D75CD2C44CE78208FFAD9E0B4B3A90, compression: None.
LogPakFile: Display: "Engine/Content/Slate/Common/Throbber_Piece.png" offset: 10804639, size: 450 bytes, sha1: CC878124CE2E1B58167734BE8AB09C504258A9FD, compression: None.
LogPakFile: Display: "Engine/Content/Slate/Common/TreeArrow_Collapsed.png" offset: 10805248, size: 372 bytes, sha1: 73C89E12404E95774125BFC601E308833CD41285, compression: None.
LogPakFile: Display: "Engine/Content/Slate/Common/TreeArrow_Collapsed_Hovered.png" offset: 10805673, size: 369 bytes, sha1: 50B43795724A0E52F7E1433D8742AE7354544A4D, compression: None.
LogPakFile: Display: "Engine/Content/Slate/Common/TreeArrow_Expanded.png" offset: 10806095, size: 367 bytes, sha1: 7B5074FFE14E29D564707F4942CE25C9AB9A2C89, compression: None.
LogPakFile: Display: "Engine/Content/Slate/Common/TreeArrow_Expanded_Hovered.png" offset: 10806515, size: 374 bytes, sha1: C02862D1C2BA36C2A73D547FF42B59849970FC31, compression: None.
LogPakFile: Display: "Engine/Content/Slate/Common/UpArrow.png" offset: 10807296, size: 364 bytes, sha1: 13C69A114A31D98F62E9A6A9618B955C92784284, compression: None.
LogPakFile: Display: "Engine/Content/Slate/Common/VerticalBoxDragIndicator.png" offset: 10807713, size: 237 bytes, sha1: 83C5FB2E46AFB48A6EBFAFCE8587CC80F72B27CC, compression: None.
LogPakFile: Display: "Engine/Content/Slate/Common/VerticalBoxDragIndicatorShort.png" offset: 10808003, size: 348 bytes, sha1: CB36E97E3305AE9553EDAF5E19FE289A7E820975, compression: None.
LogPakFile: Display: "Engine/Content/Slate/Common/VolumeControl_High.png" offset: 10808404, size: 545 bytes, sha1: 10D4B521B4F7480948D148A996D1946E8C50BA96, compression: None.
LogPakFile: Display: "Engine/Content/Slate/Common/VolumeControl_Low.png" offset: 10809344, size: 504 bytes, sha1: 8DA0DFAA0590EDEBCC9ECA67886EBCF26400630A, compression: None.
LogPakFile: Display: "Engine/Content/Slate/Common/VolumeControl_Mid.png" offset: 10809901, size: 527 bytes, sha1: 9491E9542109EBAC47F5A1621128BBABFA2A5FAB, compression: None.
LogPakFile: Display: "Engine/Content/Slate/Common/VolumeControl_Muted.png" offset: 10810481, size: 675 bytes, sha1: 977FFA1A45E20622673A7B64FE46AC990B9FF533, compression: None.
LogPakFile: Display: "Engine/Content/Slate/Common/VolumeControl_Off.png" offset: 10811392, size: 462 bytes, sha1: 73ED29F4A360FA3EC0FEFF41F6331986A4D7525F, compression: None.
LogPakFile: Display: "Engine/Content/Slate/Common/WhiteGroupBorder.png" offset: 10811907, size: 431 bytes, sha1: AC17A927D81BC00BF77F13A8A59ECE5AF0AF27D2, compression: None.
LogPakFile: Display: "Engine/Content/Slate/Common/Window/WindowBackground.png" offset: 10812391, size: 497 bytes, sha1: B56EB97417B3E2E4EB233FD66A52DDE8C0807B19, compression: None.
LogPakFile: Display: "Engine/Content/Slate/Common/Window/WindowBorder.png" offset: 10813440, size: 14724 bytes, sha1: 26E03966C662234F919FCBB53694CE8897D51AF7, compression: Oodle.
LogPakFile: Display: "Engine/Content/Slate/Common/Window/WindowButton_Close_Hovered.png" offset: 10828237, size: 1129 bytes, sha1: 05976C954FA7E93D5B05EB317673A2235DABC86E, compression: Oodle.
LogPakFile: Display: "Engine/Content/Slate/Common/Window/WindowButton_Close_Normal.png" offset: 10829824, size: 786 bytes, sha1: F601F1F326E4C561B8FD36B51CB0F5AB0DDB357B, compression: None.
LogPakFile: Display: "Engine/Content/Slate/Common/Window/WindowButton_Close_Pressed.png" offset: 10830663, size: 765 bytes, sha1: 701903AE3E2959BF31320DFA996A2A54B0E88645, compression: None.
LogPakFile: Display: "Engine/Content/Slate/Common/Window/WindowButton_Maximize_Disabled.png" offset: 10831872, size: 3100 bytes, sha1: 5926E075840E923B693BD78FCB1C334A60925A13, compression: None.
LogPakFile: Display: "Engine/Content/Slate/Common/Window/WindowButton_Maximize_Hovered.png" offset: 10835025, size: 582 bytes, sha1: FDCAD85D02501132A74A9E63A5DC12AC6D28E6A2, compression: None.
LogPakFile: Display: "Engine/Content/Slate/Common/Window/WindowButton_Maximize_Normal.png" offset: 10835968, size: 394 bytes, sha1: 67F6881C0542FA2BF316396984045F670CB36350, compression: None.
LogPakFile: Display: "Engine/Content/Slate/Common/Window/WindowButton_Maximize_Pressed.png" offset: 10836415, size: 389 bytes, sha1: 5E66C4C334E9FC2D515E43128CA8F7D248C78C4C, compression: None.
LogPakFile: Display: "Engine/Content/Slate/Common/Window/WindowButton_Minimize_Disabled.png" offset: 10838016, size: 3076 bytes, sha1: 34433D0E95BF119F57AB9A4D655733F8B9979764, compression: None.
LogPakFile: Display: "Engine/Content/Slate/Common/Window/WindowButton_Minimize_Hovered.png" offset: 10841145, size: 565 bytes, sha1: C57ACE972437419DEF7301F2FA4F2E32DE89051A, compression: None.
LogPakFile: Display: "Engine/Content/Slate/Common/Window/WindowButton_Minimize_Normal.png" offset: 10842112, size: 367 bytes, sha1: 84738B3CEC4C7B875DEF9213A3174A839F25D581, compression: None.
LogPakFile: Display: "Engine/Content/Slate/Common/Window/WindowButton_Minimize_Pressed.png" offset: 10842532, size: 355 bytes, sha1: 124D4B417C758186EF690FA749544C7910999955, compression: None.
LogPakFile: Display: "Engine/Content/Slate/Common/Window/WindowButton_Restore_Hovered.png" offset: 10842940, size: 638 bytes, sha1: E80E51DBD6CE337A745FA492B3A0FC69D0534E1C, compression: None.
LogPakFile: Display: "Engine/Content/Slate/Common/Window/WindowButton_Restore_Normal.png" offset: 10844160, size: 480 bytes, sha1: CDB19CE66B2C09BF3704DEE19B76090F251578B4, compression: None.
LogPakFile: Display: "Engine/Content/Slate/Common/Window/WindowButton_Restore_Pressed.png" offset: 10844693, size: 470 bytes, sha1: 1F18502A0E6A033877EB4A4087864EE264B21E2D, compression: None.
LogPakFile: Display: "Engine/Content/Slate/Common/Window/WindowOutline.png" offset: 10845216, size: 392 bytes, sha1: 458A1BCA061BD46359D652FC6DE5B885102F3BD9, compression: None.
LogPakFile: Display: "Engine/Content/Slate/Common/Window/WindowTitle.png" offset: 10845661, size: 439 bytes, sha1: 5B34E8316E23A1809E2FF0EC9BA4B3F6700F1975, compression: None.
LogPakFile: Display: "Engine/Content/Slate/Common/Window/WindowTitle_Flashing.png" offset: 10846208, size: 416 bytes, sha1: B128FB31622C5287C30C0406DD24E520F3068C4D, compression: None.
LogPakFile: Display: "Engine/Content/Slate/Common/Window/WindowTitle_Inactive.png" offset: 10846677, size: 356 bytes, sha1: 4B580FA091CC3DA83C0680E9BC2DB80B92FF2EE6, compression: None.
LogPakFile: Display: "Engine/Content/Slate/Common/X.PNG" offset: 10847086, size: 465 bytes, sha1: F525D8C4B4CC965F8B66C18F67C2ACD59C0E5B7D, compression: None.
LogPakFile: Display: "Engine/Content/Slate/CrashTracker/MouseCursor.png" offset: 10847604, size: 318 bytes, sha1: A676400C1937045DF9C42EAF8811D3A0BC583DB3, compression: None.
LogPakFile: Display: "Engine/Content/Slate/CrashTracker/Record.png" offset: 10848256, size: 1712 bytes, sha1: 41AEF64CA97B888B0A7D8B1E45FD005D6451DCDB, compression: Oodle.
LogPakFile: Display: "Engine/Content/Slate/Docking/AppTab_Active.png" offset: 10850304, size: 3549 bytes, sha1: F39B972DE4125D7149B5C826A6CED897C417394D, compression: None.
LogPakFile: Display: "Engine/Content/Slate/Docking/AppTab_ColorOverlay.png" offset: 10854400, size: 696 bytes, sha1: 81355754B2BA19303F0B0643B8634B9F1EC1AFA0, compression: None.
LogPakFile: Display: "Engine/Content/Slate/Docking/AppTab_ColorOverlayIcon.png" offset: 10856448, size: 2852 bytes, sha1: 68484227C858279BFFC4A3DC3BC58D16C8DEDAA8, compression: Oodle.
LogPakFile: Display: "Engine/Content/Slate/Docking/AppTab_Foreground.png" offset: 10859373, size: 829 bytes, sha1: 2B254058A5EDBCBA81DC2860E8FDE33565BB37CC, compression: None.
LogPakFile: Display: "Engine/Content/Slate/Docking/AppTab_Hovered.png" offset: 10860544, size: 764 bytes, sha1: 11D0B69ECB456616F3D7D9BF4D317A4B5EDDBAAC, compression: None.
LogPakFile: Display: "Engine/Content/Slate/Docking/AppTab_Inactive.png" offset: 10861361, size: 765 bytes, sha1: 3DE0653FA7CC94030E1351298FF4117A52E11E1C, compression: None.
LogPakFile: Display: "Engine/Content/Slate/Docking/AppTabContentArea.png" offset: 10862592, size: 369 bytes, sha1: 49226A30456AC2A1479E772C2785A8027A703520, compression: None.
LogPakFile: Display: "Engine/Content/Slate/Docking/AppTabWellSeparator.png" offset: 10864640, size: 2799 bytes, sha1: CC81B607E5C302EA80DC233C62500D6AC299CB05, compression: None.
LogPakFile: Display: "Engine/Content/Slate/Docking/CloseApp_Hovered.png" offset: 10867492, size: 578 bytes, sha1: 3F30D9DD960DD5A85945D991D0BEA364B9E34082, compression: None.
LogPakFile: Display: "Engine/Content/Slate/Docking/CloseApp_Normal.png" offset: 10868123, size: 429 bytes, sha1: 52957A910BF00AA1F7C3967C77BC80236B84D1B9, compression: None.
LogPakFile: Display: "Engine/Content/Slate/Docking/CloseApp_Pressed.png" offset: 10868736, size: 529 bytes, sha1: F0E91AA09E3E07402B1AF8DFC0CDBEAFEE977E6A, compression: None.
LogPakFile: Display: "Engine/Content/Slate/Docking/DockingIndicator_Center.png" offset: 10869318, size: 1048 bytes, sha1: EFC9FF7075EF293ECE92069B9083350CB02FD70C, compression: Oodle.
LogPakFile: Display: "Engine/Content/Slate/Docking/OuterDockingIndicator.png" offset: 10870784, size: 1542 bytes, sha1: ADA9FA742F8F47BF4D636E2DC7A76C746913241E, compression: Oodle.
LogPakFile: Display: "Engine/Content/Slate/Docking/ShowTabwellButton_Hovered.png" offset: 10872832, size: 388 bytes, sha1: 75EA607D2B7BEA084CF7C3FF342A4905C62DD77C, compression: None.
LogPakFile: Display: "Engine/Content/Slate/Docking/ShowTabwellButton_Normal.png" offset: 10873273, size: 389 bytes, sha1: F114E8014485A36D31A55DECA76FFD007847565B, compression: None.
LogPakFile: Display: "Engine/Content/Slate/Docking/ShowTabwellButton_Pressed.png" offset: 10873715, size: 458 bytes, sha1: 8907A27134192C98DC50341355794668AEFA679A, compression: None.
LogPakFile: Display: "Engine/Content/Slate/Docking/Tab_Active.png" offset: 10874880, size: 2866 bytes, sha1: 8E3320389299EFCB253B48BAFFC10234E5685778, compression: None.
LogPakFile: Display: "Engine/Content/Slate/Docking/Tab_ColorOverlay.png" offset: 10877799, size: 477 bytes, sha1: F5807EE426CB4350D8321B8710AE42C1830E64C2, compression: None.
LogPakFile: Display: "Engine/Content/Slate/Docking/Tab_ColorOverlayIcon.png" offset: 10878976, size: 2852 bytes, sha1: 68484227C858279BFFC4A3DC3BC58D16C8DEDAA8, compression: Oodle.
LogPakFile: Display: "Engine/Content/Slate/Docking/Tab_Foreground.png" offset: 10883072, size: 2832 bytes, sha1: EA44F304F3A9176A2866C16280CDF12D38690AA6, compression: None.
LogPakFile: Display: "Engine/Content/Slate/Docking/Tab_Hovered.png" offset: 10887168, size: 2838 bytes, sha1: CA9966557B2C22932A3B351FB7074C8780A4F017, compression: None.
LogPakFile: Display: "Engine/Content/Slate/Docking/Tab_Inactive.png" offset: 10891264, size: 2838 bytes, sha1: 2067BDC3F01CF00D94D393B88F2C356CE04E95B0, compression: None.
LogPakFile: Display: "Engine/Content/Slate/Docking/Tab_Shape.png" offset: 10894155, size: 130 bytes, sha1: EDA94D824F970EEE6FACD28621B7CFC127FA00F9, compression: None.
LogPakFile: Display: "Engine/Content/Slate/Docking/TabContentArea.png" offset: 10895360, size: 2826 bytes, sha1: 8AE05BC7D022803CD926DB14407392E2427CBB8B, compression: None.
LogPakFile: Display: "Engine/Content/Slate/Docking/TabWellSeparator.png" offset: 10899456, size: 2802 bytes, sha1: F84F54A0DF798482DFAD70394DDAA577E82054FD, compression: None.
LogPakFile: Display: "Engine/Content/Slate/Fonts/DroidSans.tps" offset: 10902311, size: 266 bytes, sha1: 5C406BAE2DDC4101CA6BFCA4D01295FB7092606E, compression: None.
LogPakFile: Display: "Engine/Content/Slate/Fonts/DroidSansFallback.ttf" offset: 10903552, size: 1708195 bytes, sha1: 4011167BA05CE02CBB09860DF68EC3A929E8882B, compression: Oodle.
LogPakFile: Display: "Engine/Content/Slate/Fonts/DroidSansMono.ttf" offset: 12613632, size: 49701 bytes, sha1: 8B5F8400EDEAEDBF4A95CAB0EC61038533AFD7ED, compression: Oodle.
LogPakFile: Display: "Engine/Content/Slate/Fonts/Noto.tps" offset: 12663422, size: 797 bytes, sha1: F9321ABDA999BBC81EFAD92F64D059A21AF286C5, compression: None.
LogPakFile: Display: "Engine/Content/Slate/Fonts/NotoNaskhArabicUI-Regular.ttf" offset: 12664832, size: 70700 bytes, sha1: 6E8C9CD01CEECC84EE206BB87752120736840288, compression: Oodle.
LogPakFile: Display: "Engine/Content/Slate/Fonts/NotoSansThai-Regular.ttf" offset: 12736512, size: 19193 bytes, sha1: D336BC1833D7849C02E5135E7415B344A489F9AD, compression: Oodle.
LogPakFile: Display: "Engine/Content/Slate/Fonts/Roboto-Black.ttf" offset: 12756992, size: 73505 bytes, sha1: 9286B78FDAB4462BE645D55D99CE5C36015610E6, compression: Oodle.
LogPakFile: Display: "Engine/Content/Slate/Fonts/Roboto-BlackItalic.ttf" offset: 12830720, size: 75767 bytes, sha1: 07D12B1F146FDD5FC86DDB15D3DA084FBDF93831, compression: Oodle.
LogPakFile: Display: "Engine/Content/Slate/Fonts/Roboto-Bold.ttf" offset: 12908544, size: 72200 bytes, sha1: 2E5927362BFEFB663A072EED1D742DACBB5D9DBF, compression: Oodle.
LogPakFile: Display: "Engine/Content/Slate/Fonts/Roboto-BoldCondensed.ttf" offset: 12982272, size: 71670 bytes, sha1: 338D5B5B5F00B17E2DC1F3A7D39C4A9C87FB86D7, compression: Oodle.
LogPakFile: Display: "Engine/Content/Slate/Fonts/Roboto-BoldCondensedItalic.ttf" offset: 13056000, size: 74360 bytes, sha1: 5A6EBD3C251348167ED90A9C6BD21E9C227547F1, compression: Oodle.
LogPakFile: Display: "Engine/Content/Slate/Fonts/Roboto-BoldItalic.ttf" offset: 13131776, size: 75786 bytes, sha1: 41BDEBDEC49110BD9C78ACCC5B3B41272355400B, compression: Oodle.
LogPakFile: Display: "Engine/Content/Slate/Fonts/Roboto-Italic.ttf" offset: 13209600, size: 73118 bytes, sha1: 2B371790D6C1B0C6DE771A74B988425BDBF25301, compression: Oodle.
LogPakFile: Display: "Engine/Content/Slate/Fonts/Roboto-Light.ttf" offset: 13283328, size: 89373 bytes, sha1: 39276E0AD2B86095ED920DD916A259A58EDC625B, compression: Oodle.
LogPakFile: Display: "Engine/Content/Slate/Fonts/Roboto-Medium.ttf" offset: 13373440, size: 88833 bytes, sha1: 4AB1AE683AFD2022D6F891BA0357443DA1DB5268, compression: Oodle.
LogPakFile: Display: "Engine/Content/Slate/Fonts/Roboto-Regular.ttf" offset: 13463552, size: 70640 bytes, sha1: CAC56A6F1BE46D8C09F062CADB6CE90F31B35B26, compression: Oodle.
LogPakFile: Display: "Engine/Content/Slate/Fonts/Roboto.tps" offset: 13534297, size: 677 bytes, sha1: 9EEDCD71CE2EB1E3570DF4AB8397FFE95530B0F4, compression: None.
LogPakFile: Display: "Engine/Content/Slate/Icons/BackIcon.png" offset: 13535232, size: 583 bytes, sha1: ADD91572A2F2C821C4B73061E00589973AD29B8B, compression: None.
LogPakFile: Display: "Engine/Content/Slate/Icons/Cross_12x.png" offset: 13535868, size: 422 bytes, sha1: BE6C39625FE9E51698E34A800615F818EC60A0C0, compression: None.
LogPakFile: Display: "Engine/Content/Slate/Icons/cursor_cardinal_cross.png" offset: 13536343, size: 400 bytes, sha1: A39D4DBFF349B27C75F3C541D1F77B402873496F, compression: None.
LogPakFile: Display: "Engine/Content/Slate/Icons/cursor_grab.png" offset: 13536796, size: 405 bytes, sha1: FE32D320B6ACB5AFD19A7AAD7BCE101A6C2E7F2D, compression: None.
LogPakFile: Display: "Engine/Content/Slate/Icons/DefaultAppIcon.png" offset: 13537280, size: 1205 bytes, sha1: 0C6D67E8CA1C0689999D5E8EE68D0614F6B26D2E, compression: Oodle.
LogPakFile: Display: "Engine/Content/Slate/Icons/denied_16x.png" offset: 13538558, size: 525 bytes, sha1: 4006E861A55DC938C76CA2B61F0E83D19E947F3D, compression: None.
LogPakFile: Display: "Engine/Content/Slate/Icons/Edit/icon_Edit_Copy_16x.png" offset: 13539328, size: 9846 bytes, sha1: 5ADD57B0F1CC699BEDFBE8551C05B62A73F7F0AF, compression: Oodle.
LogPakFile: Display: "Engine/Content/Slate/Icons/Edit/icon_Edit_Cut_16x.png" offset: 13549568, size: 9700 bytes, sha1: 91EB1580612423A1522714090FCC56564EA765FA, compression: Oodle.
LogPakFile: Display: "Engine/Content/Slate/Icons/Edit/icon_Edit_Delete_16x.png" offset: 13559808, size: 9875 bytes, sha1: A05115482A17648563FF329226CB3705B7B675FB, compression: Oodle.
LogPakFile: Display: "Engine/Content/Slate/Icons/Edit/icon_Edit_Duplicate_16x.png" offset: 13570048, size: 1410 bytes, sha1: AFD637B9878E0A595D9F16311B81CFB9BFC5BD5B, compression: Oodle.
LogPakFile: Display: "Engine/Content/Slate/Icons/Edit/icon_Edit_Paste_16x.png" offset: 13572096, size: 9502 bytes, sha1: AF97182C5E4F731B73C354820B8C049580911B68, compression: Oodle.
LogPakFile: Display: "Engine/Content/Slate/Icons/Edit/icon_Edit_Rename_16x.png" offset: 13582336, size: 11243 bytes, sha1: 3C3939F5B80C14085336784E0DE125A0F3FFAD55, compression: Oodle.
LogPakFile: Display: "Engine/Content/Slate/Icons/ellipsis_12x.png" offset: 13593652, size: 367 bytes, sha1: B3449A9418CB4D99B40452D0F35D04744F7F9522, compression: None.
LogPakFile: Display: "Engine/Content/Slate/Icons/Empty_14x.png" offset: 13594072, size: 351 bytes, sha1: 6B20DBA3F7E3CB9C9F1A0D887A7F8C94B231E15D, compression: None.
LogPakFile: Display: "Engine/Content/Slate/Icons/eyedropper_16px.png" offset: 13594624, size: 405 bytes, sha1: ED3A5569B7EE29DDAE8C27481FC1D57A04E896E5, compression: None.
LogPakFile: Display: "Engine/Content/Slate/Icons/icon_Downloads_16x.png" offset: 13595082, size: 522 bytes, sha1: 7ADF372F3FAAAEA6373F14EDD69FA5B2DC4FE1DD, compression: None.
LogPakFile: Display: "Engine/Content/Slate/Icons/icon_error_16x.png" offset: 13595657, size: 824 bytes, sha1: 62295C45829B4C89121DB344D1C6573997EABB69, compression: Oodle.
LogPakFile: Display: "Engine/Content/Slate/Icons/icon_generic_toolbar.png" offset: 13596672, size: 3677 bytes, sha1: 771E4960F00F97D2D1A4F39F4ECBE6C4FF37556A, compression: Oodle.
LogPakFile: Display: "Engine/Content/Slate/Icons/icon_help_16x.png" offset: 13600768, size: 435 bytes, sha1: 2CBD664E36E183C2B2482AEFC756F49A33030737, compression: None.
LogPakFile: Display: "Engine/Content/Slate/Icons/icon_info_16x.png" offset: 13601256, size: 719 bytes, sha1: 6BC74529627770E72ABA2386DBCC9EC3A332A8A7, compression: None.
LogPakFile: Display: "Engine/Content/Slate/Icons/icon_redo_16px.png" offset: 13602028, size: 507 bytes, sha1: 85D742B75223657FBD97248C01AB40197F2FC619, compression: None.
LogPakFile: Display: "Engine/Content/Slate/Icons/icon_tab_toolbar_16px.png" offset: 13602816, size: 681 bytes, sha1: 87431069E64D82EDF71D67A071612B0446CCE8EA, compression: None.
LogPakFile: Display: "Engine/Content/Slate/Icons/icon_tab_Tools_16x.png" offset: 13603550, size: 1229 bytes, sha1: 93D57C1156D1660A63E8839C013F3322FFD6C091, compression: Oodle.
LogPakFile: Display: "Engine/Content/Slate/Icons/icon_tab_WidgetReflector_16x.png" offset: 13604864, size: 1214 bytes, sha1: 3A50AB7D3E5ADEBEF4DBDD562A9649AB9B7B7C39, compression: Oodle.
LogPakFile: Display: "Engine/Content/Slate/Icons/icon_tab_WidgetReflector_40x.png" offset: 13606912, size: 3158 bytes, sha1: FFD3A1E98FA5BEFFB8F1E1F9B0815FE206B644F9, compression: Oodle.
LogPakFile: Display: "Engine/Content/Slate/Icons/icon_undo_16px.png" offset: 13610143, size: 512 bytes, sha1: 7F5210D5E7A41598CABB7FD82BF024ABE19D5D5E, compression: None.
LogPakFile: Display: "Engine/Content/Slate/Icons/icon_warning_16x.png" offset: 13611008, size: 733 bytes, sha1: B0509176F849CEF96073455596E65A72D25CAC2C, compression: None.
LogPakFile: Display: "Engine/Content/Slate/Icons/Navigation/candidate-arrow-down.svg" offset: 13611794, size: 756 bytes, sha1: 0B73D0FE23F4CCD598B8696D8AC5CFFD67849865, compression: None.
LogPakFile: Display: "Engine/Content/Slate/Icons/Navigation/candidate-arrow-left.svg" offset: 13613056, size: 759 bytes, sha1: 4784CCBF640132AA66E1643DD4D41B0FB3940F46, compression: None.
LogPakFile: Display: "Engine/Content/Slate/Icons/Navigation/candidate-arrow-right.svg" offset: 13613868, size: 738 bytes, sha1: 51DFF062E04DBBFE1EB28D28F451713B75260BAE, compression: None.
LogPakFile: Display: "Engine/Content/Slate/Icons/Navigation/candidate-arrow-up.svg" offset: 13615104, size: 700 bytes, sha1: 643BD3E7793CD7B75F8E9CC38876DA414D4235B9, compression: None.
LogPakFile: Display: "Engine/Content/Slate/Icons/Navigation/focus-arrow-down.svg" offset: 13615857, size: 677 bytes, sha1: B53F87FCC1A4FC4E37E38CD7D65FD47694B35F29, compression: None.
LogPakFile: Display: "Engine/Content/Slate/Icons/Navigation/focus-arrow-left.svg" offset: 13617152, size: 682 bytes, sha1: 618BABAD7AE2BDEBE4C2F2E11DD5FF0D6A33176A, compression: None.
LogPakFile: Display: "Engine/Content/Slate/Icons/Navigation/focus-arrow-right.svg" offset: 13617887, size: 662 bytes, sha1: 661307FF189069E5E6913728E5F214659226DE69, compression: None.
LogPakFile: Display: "Engine/Content/Slate/Icons/Navigation/focus-arrow-up.svg" offset: 13619200, size: 652 bytes, sha1: 2AFAE84F0AA032FB006A4B745A8D332294838728, compression: None.
LogPakFile: Display: "Engine/Content/Slate/Icons/Navigation/target-arrow-down.svg" offset: 13619905, size: 572 bytes, sha1: BF49374A7EBC164819B19D4EED2FF587304031D2, compression: Oodle.
LogPakFile: Display: "Engine/Content/Slate/Icons/Navigation/target-arrow-left.svg" offset: 13620550, size: 532 bytes, sha1: 7CE9A785EC2834272B6FAFAFF6B76689691E477A, compression: Oodle.
LogPakFile: Display: "Engine/Content/Slate/Icons/Navigation/target-arrow-right.svg" offset: 13621248, size: 576 bytes, sha1: 132B1335CC8723DE233DCCC24C47C65E229BB905, compression: Oodle.
LogPakFile: Display: "Engine/Content/Slate/Icons/Navigation/target-arrow-up.svg" offset: 13621897, size: 561 bytes, sha1: A166439F8A19047540A28CB8894950935CC0139E, compression: Oodle.
LogPakFile: Display: "Engine/Content/Slate/Icons/NextIcon.png" offset: 13622531, size: 581 bytes, sha1: 2B854E7EE6B37E68D10CA4B1AC57E3B2DF8AD6A5, compression: None.
LogPakFile: Display: "Engine/Content/Slate/Icons/notificationlist_fail.png" offset: 13623296, size: 274 bytes, sha1: 0AFD6475B3C545B33C117602852BC429C5BDF1DF, compression: None.
LogPakFile: Display: "Engine/Content/Slate/Icons/notificationlist_success.png" offset: 13623623, size: 563 bytes, sha1: AD0BA754B5359389FB71499BD42EF27E4EF5CC7F, compression: None.
LogPakFile: Display: "Engine/Content/Slate/Icons/PIEWindow/SmallRoundedButton.png" offset: 13625344, size: 3108 bytes, sha1: A923378933A51C3D09AC81E7328AC50DF0DEAD44, compression: None.
LogPakFile: Display: "Engine/Content/Slate/Icons/PIEWindow/SmallRoundedButtonBottom.png" offset: 13629440, size: 2962 bytes, sha1: 03EF5B2F279E3E3623ACF7CE79AC73BEDE23F277, compression: None.
LogPakFile: Display: "Engine/Content/Slate/Icons/PIEWindow/SmallRoundedButtonCentre.png" offset: 13632455, size: 287 bytes, sha1: 9E33A093A38363EAD0528F1E4EA128388BA38FDB, compression: None.
LogPakFile: Display: "Engine/Content/Slate/Icons/PIEWindow/SmallRoundedButtonLeft.png" offset: 13633536, size: 2991 bytes, sha1: D497BC98649B4B0B5E8272C05E72CCE33870A30F, compression: None.
LogPakFile: Display: "Engine/Content/Slate/Icons/PIEWindow/SmallRoundedButtonRight.png" offset: 13637632, size: 2988 bytes, sha1: 0A45EC95874761D6857083C43499F0AD731E8F2E, compression: None.
LogPakFile: Display: "Engine/Content/Slate/Icons/PIEWindow/SmallRoundedButtonTop.png" offset: 13641728, size: 2961 bytes, sha1: E79AC0DA41FD967838C367DFFAB58DE5B516AEB4, compression: None.
LogPakFile: Display: "Engine/Content/Slate/Icons/PIEWindow/WindowButton_025x_Hovered.png" offset: 13645824, size: 3850 bytes, sha1: 4D33D151D9BCC75DA28949790DA465878853C97B, compression: None.
LogPakFile: Display: "Engine/Content/Slate/Icons/PIEWindow/WindowButton_025x_Normal.png" offset: 13649920, size: 3580 bytes, sha1: F756DDE00E54D7171E19DB02B29158F2D884C936, compression: None.
LogPakFile: Display: "Engine/Content/Slate/Icons/PIEWindow/WindowButton_025x_Pressed.png" offset: 13654016, size: 3531 bytes, sha1: 516FAA232D943E05DBE1829CB06674F009F598E4, compression: None.
LogPakFile: Display: "Engine/Content/Slate/Icons/PIEWindow/WindowButton_05x_Hovered.png" offset: 13658112, size: 3884 bytes, sha1: 7FD3701748C58B8ACB6501F6FE7703BBB86834C7, compression: None.
LogPakFile: Display: "Engine/Content/Slate/Icons/PIEWindow/WindowButton_05x_Normal.png" offset: 13662208, size: 3478 bytes, sha1: 7552CFAE9163C28094FB35798A6F7E2BEC57D74E, compression: None.
LogPakFile: Display: "Engine/Content/Slate/Icons/PIEWindow/WindowButton_05x_Pressed.png" offset: 13666304, size: 3549 bytes, sha1: AB39D2EE7D2C82657256965FFDB099ED59FB9C62, compression: None.
LogPakFile: Display: "Engine/Content/Slate/Icons/PIEWindow/WindowButton_1x_Hovered.png" offset: 13670400, size: 3632 bytes, sha1: 98AA4C7C4F2B1740FA673F993814FA282A342B46, compression: None.
LogPakFile: Display: "Engine/Content/Slate/Icons/PIEWindow/WindowButton_1x_Normal.png" offset: 13674496, size: 3336 bytes, sha1: D002CFED1EFEFD7A03AE0366A1900C9E7A1ABB0C, compression: None.
LogPakFile: Display: "Engine/Content/Slate/Icons/PIEWindow/WindowButton_1x_Pressed.png" offset: 13678592, size: 3321 bytes, sha1: 03EDF4683A326A69F5C44D20DED5A48139EE3A48, compression: None.
LogPakFile: Display: "Engine/Content/Slate/Icons/PIEWindow/WindowButton_Screen_Rotation_Hovered.png" offset: 13682688, size: 4329 bytes, sha1: FDF62B95728D41B7028361CCA8F7BD3F4F859861, compression: None.
LogPakFile: Display: "Engine/Content/Slate/Icons/PIEWindow/WindowButton_Screen_Rotation_Normal.png" offset: 13688832, size: 4238 bytes, sha1: 3FD889B68D41FF6F822FB9FB3A8FF1B765BFD20F, compression: None.
LogPakFile: Display: "Engine/Content/Slate/Icons/PIEWindow/WindowButton_Screen_Rotation_Pressed.png" offset: 13694976, size: 4225 bytes, sha1: CDDE4CFBB6FC4AD5F441FD10E5F580FFB96D3A17, compression: None.
LogPakFile: Display: "Engine/Content/Slate/Icons/PlusSymbol_12x.png" offset: 13699254, size: 388 bytes, sha1: BE968322F0C867720E530D3B761965EF025F3562, compression: None.
LogPakFile: Display: "Engine/Content/Slate/Icons/Profiler/GroupBorder-16Gray.png" offset: 13701120, size: 2888 bytes, sha1: 6EBC7DAFA208DA589944AD0749647797DC8AB3DF, compression: None.
LogPakFile: Display: "Engine/Content/Slate/Icons/Profiler/Profiler_Average_Event_Graph_16x.png" offset: 13705216, size: 3336 bytes, sha1: 5F86306DFF6C70116FD25E1000F3714F8900C9B2, compression: Oodle.
LogPakFile: Display: "Engine/Content/Slate/Icons/Profiler/Profiler_Border_L_16x.png" offset: 13709312, size: 2849 bytes, sha1: 7E3644B4FE8945B452E24165E1DB885A035F4046, compression: None.
LogPakFile: Display: "Engine/Content/Slate/Icons/Profiler/Profiler_Border_R_16x.png" offset: 13713408, size: 2851 bytes, sha1: 0215ED76B016EF2F1075503227B14C3EECCA376E, compression: None.
LogPakFile: Display: "Engine/Content/Slate/Icons/Profiler/Profiler_Border_TB_16x.png" offset: 13717504, size: 2843 bytes, sha1: 2D8E12ABF83029E2BAF47C4E958C3386187FE7A8, compression: None.
LogPakFile: Display: "Engine/Content/Slate/Icons/Profiler/profiler_Calls_32x.png" offset: 13721600, size: 4845 bytes, sha1: ADBFF0E0736A0A6AD18A5A8A4EBEBF44CA0CF480, compression: None.
LogPakFile: Display: "Engine/Content/Slate/Icons/Profiler/profiler_CollapseAll_32x.png" offset: 13727744, size: 3184 bytes, sha1: AD97FE7D9355A0589173928A870C0D01BB83482E, compression: None.
LogPakFile: Display: "Engine/Content/Slate/Icons/Profiler/profiler_CollapseSelection_32x.png" offset: 13731840, size: 3228 bytes, sha1: FF76D467BB840E674D06D77F90F2515B3829FB38, compression: None.
LogPakFile: Display: "Engine/Content/Slate/Icons/Profiler/profiler_CollapseThread_32x.png" offset: 13735936, size: 4262 bytes, sha1: AFD2EAAA4296A58D6BC200BF88209F85E48E1B2C, compression: None.
LogPakFile: Display: "Engine/Content/Slate/Icons/Profiler/profiler_CopyToClipboard_32x.png" offset: 13742080, size: 4752 bytes, sha1: 8B3CB0070084FE79F3313D7E99F43B771211433F, compression: None.
LogPakFile: Display: "Engine/Content/Slate/Icons/Profiler/Profiler_Cull_Events_16x.png" offset: 13748224, size: 3447 bytes, sha1: 0DA125FD8ACA8F01EEBD4C2CC0E79998429DA982, compression: Oodle.
LogPakFile: Display: "Engine/Content/Slate/Icons/Profiler/Profiler_Culled_12x.png" offset: 13752320, size: 3270 bytes, sha1: C880E58E71DA4FF6F2C3B7BF1D29C2B578527653, compression: Oodle.
LogPakFile: Display: "Engine/Content/Slate/Icons/Profiler/profiler_CulledEvents_12x.png" offset: 13756416, size: 2979 bytes, sha1: 8C0D9A1A797CA6B59A43B0178B295D4BA766E2B0, compression: None.
LogPakFile: Display: "Engine/Content/Slate/Icons/Profiler/Profiler_Custom_Tooltip_12x.png" offset: 13760512, size: 3235 bytes, sha1: BEFB1C15EC01678CFED194D5D87F3F2E775B3317, compression: Oodle.
LogPakFile: Display: "Engine/Content/Slate/Icons/Profiler/Profiler_Data_Capture_40x.png" offset: 13764608, size: 6106 bytes, sha1: 353008F7A4690FBB40A6884CAC62383724780A46, compression: Oodle.
LogPakFile: Display: "Engine/Content/Slate/Icons/Profiler/profiler_Disconnect_32x.png" offset: 13772800, size: 4822 bytes, sha1: 3124E365ACF216B8B5759675498CD48EE97338C1, compression: None.
LogPakFile: Display: "Engine/Content/Slate/Icons/Profiler/profiler_Event_32x.png" offset: 13778944, size: 4014 bytes, sha1: 9BFDB00A23EBE3B999A45014C1EF3D8F601A8D74, compression: None.
LogPakFile: Display: "Engine/Content/Slate/Icons/Profiler/Profiler_Events_Flat_16x.png" offset: 13783040, size: 3111 bytes, sha1: D5FB310FE7BEDAF51F05F94307CC1CDA28F3E9C5, compression: Oodle.
LogPakFile: Display: "Engine/Content/Slate/Icons/Profiler/Profiler_Events_Flat_Coalesced_16x.png" offset: 13787136, size: 3173 bytes, sha1: 5A7FA2BB71DE21C31E794BD8ECA53DCF04DEFE1D, compression: Oodle.
LogPakFile: Display: "Engine/Content/Slate/Icons/Profiler/Profiler_Events_Hierarchial_16x.png" offset: 13791232, size: 3142 bytes, sha1: 5EC4CB113CC120D002CCEEAE0A5DF0EC86078286, compression: Oodle.
LogPakFile: Display: "Engine/Content/Slate/Icons/Profiler/profiler_ExpandAll_32x.png" offset: 13795328, size: 3161 bytes, sha1: BA6E5F05D67CD0D7792ED8E5224E865F0753EC57, compression: None.
LogPakFile: Display: "Engine/Content/Slate/Icons/Profiler/profiler_ExpandHotPath_32x.png" offset: 13799424, size: 4086 bytes, sha1: 4BAF62B0D6F13566A94D182C571CC7C06164F07F, compression: None.
LogPakFile: Display: "Engine/Content/Slate/Icons/Profiler/profiler_ExpandSelection_32x.png" offset: 13805568, size: 3193 bytes, sha1: 235E0867DC4DCC05C9C80CCA909B2C7C162ECCB2, compression: None.
LogPakFile: Display: "Engine/Content/Slate/Icons/Profiler/profiler_ExpandThread_32x.png" offset: 13809664, size: 4355 bytes, sha1: DA7625AE10BE29C4DF1E9BEB18067506CD041706, compression: None.
LogPakFile: Display: "Engine/Content/Slate/Icons/Profiler/Profiler_Filter_Events_16x.png" offset: 13815808, size: 3540 bytes, sha1: A4F410E87AE8055D2FE90042F472F5CA91B48682, compression: Oodle.
LogPakFile: Display: "Engine/Content/Slate/Icons/Profiler/Profiler_Filter_Presets_Tab_16x.png" offset: 13819904, size: 3458 bytes, sha1: 9BE7706BC6FF14372C9AD0E2E2BF5D0917D13228, compression: Oodle.
LogPakFile: Display: "Engine/Content/Slate/Icons/Profiler/Profiler_Filtered_12x.png" offset: 13824000, size: 3129 bytes, sha1: 3AD2067FD0D797B3BB53991F05044E2A2882BBDE, compression: Oodle.
LogPakFile: Display: "Engine/Content/Slate/Icons/Profiler/Profiler_FPS_Chart_40x.png" offset: 13828096, size: 5369 bytes, sha1: 30DB47B781B28325D4B03C0AAC738024220B90AB, compression: Oodle.
LogPakFile: Display: "Engine/Content/Slate/Icons/Profiler/profiler_GameThread_32x.png" offset: 13834240, size: 4860 bytes, sha1: 978C9C33216FD282DE8BC8E12AF36EB3B2138B79, compression: None.
LogPakFile: Display: "Engine/Content/Slate/Icons/Profiler/profiler_GenericFilter_32x.png" offset: 13840384, size: 4667 bytes, sha1: 66FC3EA3189A916F03F89DC040365409A2C9833B, compression: None.
LogPakFile: Display: "Engine/Content/Slate/Icons/Profiler/profiler_GenericGroup_32x.png" offset: 13846528, size: 4446 bytes, sha1: DBEAF1CE446B5C736A9D431FEBB46C77313E45BD, compression: None.
LogPakFile: Display: "Engine/Content/Slate/Icons/Profiler/Profiler_Graph_View_Tab_16x.png" offset: 13852672, size: 3426 bytes, sha1: 49E3E6DF7C51E9C5F61E67EBD127F1CE7CC5358D, compression: Oodle.
LogPakFile: Display: "Engine/Content/Slate/Icons/Profiler/Profiler_Has_Culled_Children_12x.png" offset: 13856768, size: 3339 bytes, sha1: 26F7A77679DCBD344EAD0F0276A629A05F4328B3, compression: Oodle.
LogPakFile: Display: "Engine/Content/Slate/Icons/Profiler/Profiler_History_Back_16x.png" offset: 13860864, size: 3658 bytes, sha1: 0381A1A9083A8243DB900A6351808F120ACD76C8, compression: Oodle.
LogPakFile: Display: "Engine/Content/Slate/Icons/Profiler/Profiler_History_Fwd_16x.png" offset: 13864960, size: 3658 bytes, sha1: 45AA8E4A0FC21AC488A80A94151F5591814EAAE4, compression: Oodle.
LogPakFile: Display: "Engine/Content/Slate/Icons/Profiler/profiler_HotPath_32x.png" offset: 13869056, size: 4064 bytes, sha1: 8F545E890FEFFADA43CC28551FFEA294529E71A3, compression: None.
LogPakFile: Display: "Engine/Content/Slate/Icons/Profiler/Profiler_Load_Profiler_40x.png" offset: 13875200, size: 6215 bytes, sha1: 44D4F35F7AD10DD5104E58D3D0CB010C7F648F5A, compression: Oodle.
LogPakFile: Display: "Engine/Content/Slate/Icons/Profiler/Profiler_LoadMultiple_Profiler_40x.png" offset: 13883392, size: 5957 bytes, sha1: 964738DD7D4477FE5E9668CBC96AB5E7E4A324CC, compression: None.
LogPakFile: Display: "Engine/Content/Slate/Icons/Profiler/Profiler_Max_Event_Graph_16x.png" offset: 13889536, size: 3411 bytes, sha1: 7953E51E1D81DA56C915685F9ACD32FF640ACB74, compression: Oodle.
LogPakFile: Display: "Engine/Content/Slate/Icons/Profiler/profiler_mem_40x.png" offset: 13893632, size: 5767 bytes, sha1: 9E381563B149CB40840EBA46F344FA576C034211, compression: None.
LogPakFile: Display: "Engine/Content/Slate/Icons/Profiler/profiler_Memory_32x.png" offset: 13899776, size: 4329 bytes, sha1: C9F359FFEC40E7CBAC32B6981EBAA72A2DE57A1F, compression: None.
LogPakFile: Display: "Engine/Content/Slate/Icons/Profiler/profiler_Number_32x.png" offset: 13905920, size: 4188 bytes, sha1: 08D0A5BA510DCE5F96A8F7E04D732BBD00FCABE8, compression: None.
LogPakFile: Display: "Engine/Content/Slate/Icons/Profiler/profiler_OpenEventGraph_32x.png" offset: 13912064, size: 4864 bytes, sha1: 01A71D53495BC5E2E92D82A883C6050FFF13E4A6, compression: None.
LogPakFile: Display: "Engine/Content/Slate/Icons/Profiler/profiler_RenderThread_32x.png" offset: 13918208, size: 4644 bytes, sha1: CF54853E1BFDCD42E914EDC39FF843D230B421F5, compression: None.
LogPakFile: Display: "Engine/Content/Slate/Icons/Profiler/profiler_ResetColumn_32x.png" offset: 13924352, size: 4637 bytes, sha1: 96B81212DB02854C6B3165FEB8D19DB38C885E71, compression: None.
LogPakFile: Display: "Engine/Content/Slate/Icons/Profiler/profiler_ResetToDefault_32x.png" offset: 13930496, size: 4167 bytes, sha1: 9CF326A7CF48D957CDD411A1FAEE7B20180684F2, compression: None.
LogPakFile: Display: "Engine/Content/Slate/Icons/Profiler/profiler_SelectStack_32x.png" offset: 13936640, size: 4918 bytes, sha1: 6957AB6504DE6570DCD5A63419E1FFD2B1B4F093, compression: None.
LogPakFile: Display: "Engine/Content/Slate/Icons/Profiler/profiler_SetRoot_32x.png" offset: 13942784, size: 4609 bytes, sha1: 9546B5DFBB7F3BE7B0C2F2EBF57A9662EFDD3D37, compression: None.
LogPakFile: Display: "Engine/Content/Slate/Icons/Profiler/Profiler_Settings_40x.png" offset: 13948928, size: 6486 bytes, sha1: 24314D91FB1D1454710B0248B12DE918F9E8DCEC, compression: Oodle.
LogPakFile: Display: "Engine/Content/Slate/Icons/Profiler/profiler_ShowGraphData_32x.png" offset: 13957120, size: 3914 bytes, sha1: CD82E5A9A3A3023EFC6E59641DAB2DD4A1594786, compression: None.
LogPakFile: Display: "Engine/Content/Slate/Icons/Profiler/profiler_SortAscending_32x.png" offset: 13961216, size: 4426 bytes, sha1: 4439AF84E6CF62B9164788ACCA5942F09096B0E9, compression: None.
LogPakFile: Display: "Engine/Content/Slate/Icons/Profiler/profiler_SortBy_32x.png" offset: 13967360, size: 4828 bytes, sha1: 57A7EE42840875CC971D8D522D563AE27B505409, compression: None.
LogPakFile: Display: "Engine/Content/Slate/Icons/Profiler/profiler_SortDescending_32x.png" offset: 13973504, size: 4307 bytes, sha1: F245231450836857CCD6E5CD1ADD1CDB3525A6B8, compression: None.
LogPakFile: Display: "Engine/Content/Slate/Icons/Profiler/profiler_stats_40x.png" offset: 13979648, size: 5335 bytes, sha1: E17683DC5465D964D381BB3E6CBAD2439174866C, compression: None.
LogPakFile: Display: "Engine/Content/Slate/Icons/Profiler/profiler_sync_40x.png" offset: 13985792, size: 6290 bytes, sha1: B58FCDBD201A768D92AB2ECD01EB732CB6007BD7, compression: None.
LogPakFile: Display: "Engine/Content/Slate/Icons/Profiler/Profiler_Tab_16x.png" offset: 13993984, size: 3658 bytes, sha1: EF30DDED55F2AB4DFF8A33CFF21888ADC355D7A2, compression: Oodle.
LogPakFile: Display: "Engine/Content/Slate/Icons/Profiler/Profiler_ThreadView_SampleBorder_16x.png" offset: 13997715, size: 161 bytes, sha1: 7337E3AD7D168CDC54C76D17BF075788CADAABB0, compression: None.
LogPakFile: Display: "Engine/Content/Slate/Icons/Profiler/profiler_ViewColumn_32x.png" offset: 13998080, size: 5206 bytes, sha1: 7E0F1185F5026C9197D85429399E115BD5D779A5, compression: None.
LogPakFile: Display: "Engine/Content/Slate/Icons/toolbar_expand_16x.png" offset: 14003339, size: 445 bytes, sha1: B5B3D63FDBB6D06FC81CF99D747F856A79884964, compression: None.
LogPakFile: Display: "Engine/Content/Slate/Icons/TrashCan.png" offset: 14004224, size: 2058 bytes, sha1: 8261EDAB2813A93394E1F63641722AD6D752F653, compression: Oodle.
LogPakFile: Display: "Engine/Content/Slate/Icons/TrashCan_Small.png" offset: 14006355, size: 714 bytes, sha1: B1CB7684521F217A9A45AA1A42A483F958A001E9, compression: None.
LogPakFile: Display: "Engine/Content/Slate/Launcher/All_Platforms_128x.png" offset: 14008320, size: 14827 bytes, sha1: 48AD9DDB344FE9DCBE648BC19D62F0C3A5D6264A, compression: Oodle.
LogPakFile: Display: "Engine/Content/Slate/Launcher/All_Platforms_24x.png" offset: 14024704, size: 4110 bytes, sha1: 1B4353620F887BDDE898024DE555C4FC4A54666A, compression: Oodle.
LogPakFile: Display: "Engine/Content/Slate/Launcher/Instance_Commandlet.png" offset: 14028887, size: 361 bytes, sha1: 1272B1611AD772DCB87293ED396387905CD4AC22, compression: None.
LogPakFile: Display: "Engine/Content/Slate/Launcher/Instance_Editor.png" offset: 14029301, size: 1431 bytes, sha1: E638191F9AD48C871D3A1B8E8B7AE2C2D2BE094F, compression: Oodle.
LogPakFile: Display: "Engine/Content/Slate/Launcher/Instance_Game.png" offset: 14030848, size: 1026 bytes, sha1: E4AE22348C0CC4F9709E00A00F17EF45C7FD433D, compression: Oodle.
LogPakFile: Display: "Engine/Content/Slate/Launcher/Instance_Other.png" offset: 14031947, size: 778 bytes, sha1: DA888A47149B0AE3A8237A723D7EEBD569D2491F, compression: None.
LogPakFile: Display: "Engine/Content/Slate/Launcher/Instance_Server.png" offset: 14032896, size: 937 bytes, sha1: E7A3672EAD6884BEBF07D33FF5F5D1154CCED9D7, compression: None.
LogPakFile: Display: "Engine/Content/Slate/Launcher/Instance_Unknown.png" offset: 14034944, size: 1520 bytes, sha1: 9A713956A4ED0F27D56893132235439A54D0C049, compression: Oodle.
LogPakFile: Display: "Engine/Content/Slate/Launcher/Launcher_Advanced.png" offset: 14036992, size: 3372 bytes, sha1: E419BA004A9D5C571F18D264CA554F2405739A02, compression: Oodle.
LogPakFile: Display: "Engine/Content/Slate/Launcher/Launcher_Back.png" offset: 14041088, size: 1695 bytes, sha1: 7FC0816511F3013A140492C23F0BBB681027745D, compression: Oodle.
LogPakFile: Display: "Engine/Content/Slate/Launcher/Launcher_Build.png" offset: 14043136, size: 2786 bytes, sha1: 4914BCB451C3C7B041F6CE869DB4141972D2E21A, compression: Oodle.
LogPakFile: Display: "Engine/Content/Slate/Launcher/Launcher_Delete.png" offset: 14047232, size: 2912 bytes, sha1: D8E83DD12B5E6D9C8978158A86E9333EA8533C46, compression: Oodle.
LogPakFile: Display: "Engine/Content/Slate/Launcher/Launcher_Deploy.png" offset: 14051328, size: 2992 bytes, sha1: AD8431AD429CE5C979F644712829230BB4787D88, compression: Oodle.
LogPakFile: Display: "Engine/Content/Slate/Launcher/Launcher_EditSettings.png" offset: 14055424, size: 3875 bytes, sha1: 6A79C42E3461A45A285F31AC1491674B2665CE9E, compression: Oodle.
LogPakFile: Display: "Engine/Content/Slate/Launcher/Launcher_Launch.png" offset: 14059520, size: 4845 bytes, sha1: A6CD2A45F19FFFAF8C36CD5D14B0A825338CEB51, compression: None.
LogPakFile: Display: "Engine/Content/Slate/Launcher/Launcher_Run.png" offset: 14065664, size: 4030 bytes, sha1: 02689D173C63C09CFF1925651B26EFA16263CDB2, compression: Oodle.
LogPakFile: Display: "Engine/Content/Slate/MessageLog/Log_Error.png" offset: 14069767, size: 982 bytes, sha1: 8DE355BB31CACFE0F78AB7BDF0E6F632FDEE98E8, compression: None.
LogPakFile: Display: "Engine/Content/Slate/MessageLog/Log_Note.png" offset: 14070802, size: 477 bytes, sha1: 025A954C6186780C022EC8DCD85A446098697F5B, compression: None.
LogPakFile: Display: "Engine/Content/Slate/MessageLog/Log_Warning.png" offset: 14071808, size: 591 bytes, sha1: 7E6CDB520CA76D2042201602396B5E6C590900C9, compression: None.
LogPakFile: Display: "Engine/Content/Slate/Old/Border.PNG" offset: 14072452, size: 419 bytes, sha1: 9D755E7C3DFD99D840E6D2A494067FFE907F949A, compression: None.
LogPakFile: Display: "Engine/Content/Slate/Old/Button.png" offset: 14072924, size: 474 bytes, sha1: 570078DB6380091C75B4C15C2DE9E12424CA84A8, compression: None.
LogPakFile: Display: "Engine/Content/Slate/Old/DashedBorder.png" offset: 14073856, size: 455 bytes, sha1: DC50FDE1A7209CDD49502A2DA5932DAA2F95BC37, compression: None.
LogPakFile: Display: "Engine/Content/Slate/Old/HyperlinkDotted.png" offset: 14074364, size: 345 bytes, sha1: F9EC3371820624E8F4F574D64CCFD6C8F03325DC, compression: None.
LogPakFile: Display: "Engine/Content/Slate/Old/HyperlinkUnderline.png" offset: 14074762, size: 345 bytes, sha1: D1A22290D9E3CA40414C459F7CCC4F0072FEDEA1, compression: None.
LogPakFile: Display: "Engine/Content/Slate/Old/Menu_Background.png" offset: 14075160, size: 409 bytes, sha1: ACD857164C955BC7BDB5623CD8474E5DC0A2AF78, compression: None.
LogPakFile: Display: "Engine/Content/Slate/Old/Menu_Background_Inverted_Border_Bold.png" offset: 14075904, size: 350 bytes, sha1: C0C6C31575F4DAB738369BF1D9C364DBFF95B4BF, compression: None.
LogPakFile: Display: "Engine/Content/Slate/Old/Notification_Border_Flash.png" offset: 14076307, size: 1204 bytes, sha1: BFB9AA34B29B79D64F000CCF2642D96BAE844D56, compression: Oodle.
LogPakFile: Display: "Engine/Content/Slate/Old/Tiles/ActionMenuButtonBG.png" offset: 14077952, size: 1113 bytes, sha1: E3A4F8D3D1FD279FDC50CDCABB28AD3EB2B0256C, compression: Oodle.
LogPakFile: Display: "Engine/Content/Slate/Old/Tiles/Arrow_D.png" offset: 14080000, size: 2395 bytes, sha1: AD7C7B15E3F6E65F5B3683790338040425351174, compression: Oodle.
LogPakFile: Display: "Engine/Content/Slate/Old/Tiles/Arrow_L.png" offset: 14084096, size: 2393 bytes, sha1: 730E14DBB541E67494DA1D96B8DEA79B23DB1ACC, compression: Oodle.
LogPakFile: Display: "Engine/Content/Slate/Old/Tiles/Arrow_R.png" offset: 14088192, size: 2360 bytes, sha1: 6CF0E09BC311500657B5D896CDA7C02D1C11FB3C, compression: Oodle.
LogPakFile: Display: "Engine/Content/Slate/Old/Tiles/Arrow_U.png" offset: 14092288, size: 2383 bytes, sha1: 2A4C8D379D756C50F0A9E75F162CFE00926F0DBD, compression: Oodle.
LogPakFile: Display: "Engine/Content/Slate/Old/Tiles/ArrowBox.png" offset: 14096384, size: 2400 bytes, sha1: 67225087262C69237050E853B824D3C71B8C6C3B, compression: Oodle.
LogPakFile: Display: "Engine/Content/Slate/Old/Tiles/ArrowLeft.png" offset: 14100480, size: 2469 bytes, sha1: 5D9F1D0C196FE08250B4C8A3F130ED3FE70C7DD9, compression: Oodle.
LogPakFile: Display: "Engine/Content/Slate/Old/Tiles/bigdot.png" offset: 14103022, size: 1332 bytes, sha1: 691540249E05453E40B0E29C3B36B8A47D578E46, compression: Oodle.
LogPakFile: Display: "Engine/Content/Slate/Old/Tiles/blank.png" offset: 14104576, size: 1283 bytes, sha1: E2777AB04DAEBD84EE79DF20D524C92F8CB6DB9B, compression: Oodle.
LogPakFile: Display: "Engine/Content/Slate/Old/Tiles/BoxEdgeHighlight.png" offset: 14106624, size: 1386 bytes, sha1: BBE7901DD63EAF4FC865B4F6DA4E5289E2D82233, compression: Oodle.
LogPakFile: Display: "Engine/Content/Slate/Old/Tiles/Callout_Background.png" offset: 14108083, size: 373 bytes, sha1: AEEAE0F3AAABE640AD5B6B31E94297E29E471A0E, compression: None.
LogPakFile: Display: "Engine/Content/Slate/Old/Tiles/Callout_Glow.png" offset: 14108672, size: 444 bytes, sha1: 6EC48D4CA7A61617A7CBEBC91BE44FDF7ECE43BF, compression: None.
LogPakFile: Display: "Engine/Content/Slate/Old/Tiles/Callout_Outline.png" offset: 14109169, size: 1193 bytes, sha1: 37AD0040FE1D39E43E5275713099AE54CA49568C, compression: Oodle.
LogPakFile: Display: "Engine/Content/Slate/Old/Tiles/CalloutBox.png" offset: 14110720, size: 2216 bytes, sha1: E304398F88AEC2A43D0BD03FC079E211D454EDE1, compression: Oodle.
LogPakFile: Display: "Engine/Content/Slate/Old/Tiles/CalloutBox2.png" offset: 14114816, size: 2269 bytes, sha1: 2D4AC475A02D8BC5682F35C121C59114794B2F83, compression: Oodle.
LogPakFile: Display: "Engine/Content/Slate/Old/Tiles/CalloutBox3.png" offset: 14118912, size: 2212 bytes, sha1: 4C572756BA8924C0856119A6EC8F6F3E965B0279, compression: Oodle.
LogPakFile: Display: "Engine/Content/Slate/Old/Tiles/CircleBox.png" offset: 14123008, size: 2717 bytes, sha1: 55AECA695D17921A058733AA64B3B30CC7CA0C4F, compression: Oodle.
LogPakFile: Display: "Engine/Content/Slate/Old/Tiles/CircleBox2.png" offset: 14127104, size: 2157 bytes, sha1: E771F5D00E916085121C41B62ECE365B7DD55180, compression: Oodle.
LogPakFile: Display: "Engine/Content/Slate/Old/Tiles/CodeBlock_Background.png" offset: 14129334, size: 151 bytes, sha1: 8053DE4050A80CE6CE885FF2554FE0D50D483D32, compression: None.
LogPakFile: Display: "Engine/Content/Slate/Old/Tiles/CodeBlock_Glow.png" offset: 14129538, size: 417 bytes, sha1: AFB835FBBE390CEC9F0426C6E19AA89C5C711FCF, compression: None.
LogPakFile: Display: "Engine/Content/Slate/Old/Tiles/CodeBlock_Outline.png" offset: 14130008, size: 946 bytes, sha1: B086D6E1327A3A4743922D9F48528CE10BF64D33, compression: Oodle.
LogPakFile: Display: "Engine/Content/Slate/Old/Tiles/DiamondBox.png" offset: 14131200, size: 2224 bytes, sha1: 697B1C13156425F4BA03B16D89CB09349E516286, compression: Oodle.
LogPakFile: Display: "Engine/Content/Slate/Old/Tiles/DiamondBox_B.png" offset: 14135296, size: 2091 bytes, sha1: D982D1D45ED3E95A9CC0A6F1F228AE4B086B9227, compression: Oodle.
LogPakFile: Display: "Engine/Content/Slate/Old/Tiles/DiamondBox_T.png" offset: 14139392, size: 2334 bytes, sha1: A7A063B83C16B96ED795B61EB429D50FEE53BE6C, compression: Oodle.
LogPakFile: Display: "Engine/Content/Slate/Old/Tiles/DottedCircleBox_L.png" offset: 14143488, size: 2680 bytes, sha1: 24781DD3DF74E373A3AB2CCEDF9C17AC44D2E410, compression: Oodle.
LogPakFile: Display: "Engine/Content/Slate/Old/Tiles/DottedCircleBox_L_E.png" offset: 14147584, size: 2549 bytes, sha1: AE53ABC4DCAD9935C5D2C2BD2A5065D480911F55, compression: Oodle.
LogPakFile: Display: "Engine/Content/Slate/Old/Tiles/DottedCircleBox_LR.png" offset: 14151680, size: 2502 bytes, sha1: 558A4F6C91723A404331B6750B4987862A24EA0A, compression: Oodle.
LogPakFile: Display: "Engine/Content/Slate/Old/Tiles/DottedCircleBox_LR_E.png" offset: 14155776, size: 2675 bytes, sha1: F8D1862D20D557F3FA9881F7A98C9C9BF147F71E, compression: Oodle.
LogPakFile: Display: "Engine/Content/Slate/Old/Tiles/DottedCircleBox_R.png" offset: 14159872, size: 2572 bytes, sha1: A4F6E84C5F721590CA4734B25287122E6D19A50F, compression: Oodle.
LogPakFile: Display: "Engine/Content/Slate/Old/Tiles/DottedCircleBox_R_E.png" offset: 14163968, size: 2684 bytes, sha1: 01D3AB7B0CBD103F1EB1094671FA3972BF9612D3, compression: Oodle.
LogPakFile: Display: "Engine/Content/Slate/Old/Tiles/DottedSquareBox_L.png" offset: 14168064, size: 2317 bytes, sha1: 80CBC60B52B7AA7E18D5D14119D309640A29412D, compression: Oodle.
LogPakFile: Display: "Engine/Content/Slate/Old/Tiles/DottedSquareBox_LR.png" offset: 14172160, size: 2369 bytes, sha1: 063336A116A03261945CB1F1788E1CE328F719E2, compression: Oodle.
LogPakFile: Display: "Engine/Content/Slate/Old/Tiles/DottedSquareBox_LR_E.png" offset: 14176256, size: 2499 bytes, sha1: 763CEFC822964C663258D11AF53CADDE86C9EA86, compression: Oodle.
LogPakFile: Display: "Engine/Content/Slate/Old/Tiles/DottedSquareBox_R.png" offset: 14180352, size: 2264 bytes, sha1: C2071A3FF0754E47A6A625F6026831E0D835CD46, compression: Oodle.
LogPakFile: Display: "Engine/Content/Slate/Old/Tiles/DottedSquareBox_R_E.png" offset: 14184448, size: 2335 bytes, sha1: 53656C6D885023E491AC5549737F6FFC30BE9136, compression: Oodle.
LogPakFile: Display: "Engine/Content/Slate/Old/Tiles/Hat.png" offset: 14186856, size: 513 bytes, sha1: DF815C58E4716C102E18CCB2EE1492454049290D, compression: None.
LogPakFile: Display: "Engine/Content/Slate/Old/Tiles/Outer/alertOutline.png" offset: 14187422, size: 323 bytes, sha1: 483A0AAF7FE0982A5969B650C3DA9048D31C26F7, compression: None.
LogPakFile: Display: "Engine/Content/Slate/Old/Tiles/Outer/alertSolid.png" offset: 14187798, size: 254 bytes, sha1: DFD7B2A63551D9930EA88B6D79A9083109D5A04C, compression: None.
LogPakFile: Display: "Engine/Content/Slate/Old/Tiles/pin/pin.png" offset: 14188544, size: 3323 bytes, sha1: 21587D0926A6C766E5FC8425C090AA674BF2035A, compression: Oodle.
LogPakFile: Display: "Engine/Content/Slate/Old/Tiles/pin/pin_glow.png" offset: 14192640, size: 2710 bytes, sha1: 5FCA9513DAA546F3645FFDFC7BAF1EFF1BAAA257, compression: Oodle.
LogPakFile: Display: "Engine/Content/Slate/Old/Tiles/pin/pin_head.png" offset: 14196736, size: 1344 bytes, sha1: 20415B42D842D23691A65ED4741FA7A632E710C8, compression: Oodle.
LogPakFile: Display: "Engine/Content/Slate/Old/Tiles/pin/pin_head_glow.png" offset: 14198784, size: 2043 bytes, sha1: 5CB90B6A99D1C6EC44C77FEECACAB53F2564063F, compression: Oodle.
LogPakFile: Display: "Engine/Content/Slate/Old/Tiles/pin/pin_highlight.png" offset: 14200900, size: 1666 bytes, sha1: E7D42FDC6583A8789A91349C68161D6735053769, compression: Oodle.
LogPakFile: Display: "Engine/Content/Slate/Old/Tiles/pin/pin_shadow.png" offset: 14202880, size: 1948 bytes, sha1: 59DE8D7C271E71385A3E4889A91CACFF36453D98, compression: Oodle.
LogPakFile: Display: "Engine/Content/Slate/Old/Tiles/pin/pin_stick.png" offset: 14204928, size: 1809 bytes, sha1: 18833AC969E5A684B3AEBF174B00D9709723E746, compression: Oodle.
LogPakFile: Display: "Engine/Content/Slate/Old/Tiles/pin/ping.png" offset: 14206976, size: 8166 bytes, sha1: 9012012B726A53A6C1DFA4DA15B167A66B3B3727, compression: Oodle.
LogPakFile: Display: "Engine/Content/Slate/Old/Tiles/PrePost_RoundedBox.png" offset: 14217216, size: 2032 bytes, sha1: 4CF5BA3C58CDF7334EFADA9DC70F2E95F5F44942, compression: Oodle.
LogPakFile: Display: "Engine/Content/Slate/Old/Tiles/PrePost_RoundedBox_B.png" offset: 14221312, size: 2032 bytes, sha1: 4CF5BA3C58CDF7334EFADA9DC70F2E95F5F44942, compression: Oodle.
LogPakFile: Display: "Engine/Content/Slate/Old/Tiles/PrePost_RoundedBox_T.png" offset: 14225408, size: 2032 bytes, sha1: 4CF5BA3C58CDF7334EFADA9DC70F2E95F5F44942, compression: Oodle.
LogPakFile: Display: "Engine/Content/Slate/Old/Tiles/QMark.png" offset: 14227513, size: 631 bytes, sha1: 3FC36DAE2527CFCD7C911C03D1848E8FB599C802, compression: None.
LogPakFile: Display: "Engine/Content/Slate/Old/Tiles/Roboto-Bold.ttf" offset: 14229504, size: 72200 bytes, sha1: 2E5927362BFEFB663A072EED1D742DACBB5D9DBF, compression: Oodle.
LogPakFile: Display: "Engine/Content/Slate/Old/Tiles/RoundedBoxBorder.png" offset: 14303232, size: 1830 bytes, sha1: DF1872AFF8E7B3C0A68A816528AB7148E1BE31AD, compression: Oodle.
LogPakFile: Display: "Engine/Content/Slate/Old/Tiles/RoundedTile_Background.png" offset: 14305280, size: 410 bytes, sha1: 64611E95533AE891EAB3C0FA74CBA7A8E5E4EE0F, compression: None.
LogPakFile: Display: "Engine/Content/Slate/Old/Tiles/RoundedTile_Glow.png" offset: 14305743, size: 1149 bytes, sha1: 0C85D04584E349F03E413E88F5848CF8C6D23644, compression: Oodle.
LogPakFile: Display: "Engine/Content/Slate/Old/Tiles/RoundedTile_Outline.png" offset: 14307328, size: 490 bytes, sha1: 59EC7AF6AFAE5FBE423AFA81F2620F4A5FDDE739, compression: None.
LogPakFile: Display: "Engine/Content/Slate/Old/Tiles/RoundedTileFaded.png" offset: 14309376, size: 2668 bytes, sha1: 97F00B23C0663133E5197184AC79B82072EEAA7F, compression: Oodle.
LogPakFile: Display: "Engine/Content/Slate/Old/Tiles/selectionbar/selectionbar_0.png" offset: 14313472, size: 1737 bytes, sha1: B4DD09A258243C8F27EF509107C6411A24821CCA, compression: Oodle.
LogPakFile: Display: "Engine/Content/Slate/Old/Tiles/selectionbar/selectionbar_1.png" offset: 14315520, size: 1880 bytes, sha1: 5FF1C1BAF0501D9DA47F93D4FAE09739A12E4CEB, compression: Oodle.
LogPakFile: Display: "Engine/Content/Slate/Old/Tiles/selectionbar/selectionbar_2.png" offset: 14317568, size: 1841 bytes, sha1: 22D9D219B3CE8BE938544B294B1109CEB2C7CD50, compression: Oodle.
LogPakFile: Display: "Engine/Content/Slate/Old/Tiles/smalldot.png" offset: 14319616, size: 1037 bytes, sha1: 49520EC01BDBAEB1B341D6429C756ECB104744C4, compression: Oodle.
LogPakFile: Display: "Engine/Content/Slate/Old/Tiles/SolidWhite.png" offset: 14321664, size: 1016 bytes, sha1: 77FD084099CB2EC83ECD2364EF791B8E6A882DF8, compression: Oodle.
LogPakFile: Display: "Engine/Content/Slate/Old/Tiles/SquareBox.png" offset: 14323712, size: 1967 bytes, sha1: D9FBE1E6E3442305B2F232958007D46D0602ED73, compression: Oodle.
LogPakFile: Display: "Engine/Content/Slate/Old/Tiles/SquareBox_Solid_L.png" offset: 14325760, size: 1979 bytes, sha1: BB7EDEF00906B9DBE93EDC945989F70FF408899C, compression: Oodle.
LogPakFile: Display: "Engine/Content/Slate/Old/Tiles/SquigglyBox.png" offset: 14329856, size: 2150 bytes, sha1: 7BD4E9AC20F33878881F9958931B89DC7790C684, compression: Oodle.
LogPakFile: Display: "Engine/Content/Slate/Old/Tiles/Tile_Highlight.png" offset: 14332079, size: 1544 bytes, sha1: 6696CB0AED0A61874070726C4F7ADFB79427D0E2, compression: Oodle.
LogPakFile: Display: "Engine/Content/Slate/Old/Tiles/Underline.png" offset: 14333952, size: 878 bytes, sha1: 15C79E351EAA56F6324116C4051F007B4CF58437, compression: Oodle.
LogPakFile: Display: "Engine/Content/Slate/Old/ToolBar_Background.png" offset: 14336000, size: 3017 bytes, sha1: 173CE65D386959D5CD756AC9B01472AD7DC5C078, compression: None.
LogPakFile: Display: "Engine/Content/Slate/Old/ToolTip_Background.png" offset: 14339070, size: 622 bytes, sha1: A720C847199E6007EEC1456CFB3FAAE5BF0C657C, compression: None.
LogPakFile: Display: "Engine/Content/Slate/Old/ToolTip_BrightBackground.png" offset: 14340096, size: 817 bytes, sha1: 5AAD427643D0FF4832CD3360743FA739F1CB3A1F, compression: Oodle.
LogPakFile: Display: "Engine/Content/Slate/Old/White.png" offset: 14340986, size: 331 bytes, sha1: B8807DB0CE9821A2DCEC9F0102180F6276F2EC49, compression: None.
LogPakFile: Display: "Engine/Content/Slate/Starship/Common/add-circle.svg" offset: 14341370, size: 509 bytes, sha1: D9390A60AAA414B2E0765048696BF0D48835FFBA, compression: None.
LogPakFile: Display: "Engine/Content/Slate/Starship/Common/Advanced.svg" offset: 14342144, size: 1297 bytes, sha1: E3E752655F89F342DDCB4B1105B77A5886AE6EAA, compression: Oodle.
LogPakFile: Display: "Engine/Content/Slate/Starship/Common/alert-circle.svg" offset: 14343514, size: 620 bytes, sha1: 3F776D2E8D4FC9384C33A4AC8B1D9D1C367879AB, compression: None.
LogPakFile: Display: "Engine/Content/Slate/Starship/Common/alert-triangle-64.svg" offset: 14344192, size: 1761 bytes, sha1: 66EEC04F333F6B9BEDE6F39F14CF5184A09B6A89, compression: Oodle.
LogPakFile: Display: "Engine/Content/Slate/Starship/Common/alert-triangle-badge.svg" offset: 14346240, size: 914 bytes, sha1: 82B1B5A6126281FE5B15B56076AEA59998D68784, compression: Oodle.
LogPakFile: Display: "Engine/Content/Slate/Starship/Common/alert-triangle-large.svg" offset: 14347227, size: 967 bytes, sha1: 57F627741E5C82D0542EABD7273374886DF6E798, compression: None.
LogPakFile: Display: "Engine/Content/Slate/Starship/Common/alert-triangle-red-outlined.svg" offset: 14348288, size: 606 bytes, sha1: 4D9606E47A2A75B233B5A3AA9F030F3BA78C50FC, compression: Oodle.
LogPakFile: Display: "Engine/Content/Slate/Starship/Common/alert-triangle.svg" offset: 14348967, size: 638 bytes, sha1: E9E5622D5338B3695D858B80BC146C493BCB7455, compression: None.
LogPakFile: Display: "Engine/Content/Slate/Starship/Common/AllSavedAssets.svg" offset: 14350336, size: 807 bytes, sha1: 939E50900B7229209F62E2A5BE065CE0CD04F6F1, compression: Oodle.
LogPakFile: Display: "Engine/Content/Slate/Starship/Common/arrow-down.svg" offset: 14351216, size: 314 bytes, sha1: 90D35EDC9F1E2CCA2910FF788D1C29758792ACA9, compression: None.
LogPakFile: Display: "Engine/Content/Slate/Starship/Common/arrow-left.svg" offset: 14351583, size: 313 bytes, sha1: 499C36BF5EA72214E9FC659896393E63C5053E56, compression: None.
LogPakFile: Display: "Engine/Content/Slate/Starship/Common/arrow-leftright.svg" offset: 14352384, size: 437 bytes, sha1: 52D616D175310305EEDF9A0C822506EF61E48EC5, compression: None.
LogPakFile: Display: "Engine/Content/Slate/Starship/Common/arrow-right.svg" offset: 14352874, size: 314 bytes, sha1: 4D1DB6E977AB0A6EB96886AEDEAFD5335023BFB7, compression: None.
LogPakFile: Display: "Engine/Content/Slate/Starship/Common/arrow-up.svg" offset: 14353241, size: 313 bytes, sha1: EAE8DC069BA55A7A9051959CDCD139B7D85D4FA3, compression: None.
LogPakFile: Display: "Engine/Content/Slate/Starship/Common/AutomationTools.svg" offset: 14354432, size: 1105 bytes, sha1: 3F199604F49C2FDF9D7A093D17D71B1964AB1733, compression: Oodle.
LogPakFile: Display: "Engine/Content/Slate/Starship/Common/badge-modified.svg" offset: 14355610, size: 155 bytes, sha1: 150052E2C14FEFF276CD889A6D1BD76A9CB870FC, compression: None.
LogPakFile: Display: "Engine/Content/Slate/Starship/Common/badge.svg" offset: 14355818, size: 410 bytes, sha1: B272F31E0DEA84AB3B8B30935A9A214E07922E83, compression: None.
LogPakFile: Display: "Engine/Content/Slate/Starship/Common/blueprint.svg" offset: 14356480, size: 628 bytes, sha1: CF9799F3E5ACB18A10975857C7ABD6944289D3D4, compression: None.
LogPakFile: Display: "Engine/Content/Slate/Starship/Common/box-perspective.svg" offset: 14357161, size: 724 bytes, sha1: D710EFEA03ABD58620EEDC3345B3C9CC27B6F66F, compression: None.
LogPakFile: Display: "Engine/Content/Slate/Starship/Common/bullet-point.svg" offset: 14357938, size: 142 bytes, sha1: 5B5616503B811637DEE65012A0C1F45DDFE4551F, compression: None.
LogPakFile: Display: "Engine/Content/Slate/Starship/Common/bullet-point16.svg" offset: 14358133, size: 147 bytes, sha1: 775503CCEF9990577F5EEE2E97A7B167F0881905, compression: None.
LogPakFile: Display: "Engine/Content/Slate/Starship/Common/Calendar.svg" offset: 14358528, size: 837 bytes, sha1: 9A48C47CB31CD01548289B01D82767AD33A1FBBA, compression: Oodle.
LogPakFile: Display: "Engine/Content/Slate/Starship/Common/caret-down.svg" offset: 14359438, size: 761 bytes, sha1: BDFD07B3278B208C36E9A57086B577DC14396B56, compression: None.
LogPakFile: Display: "Engine/Content/Slate/Starship/Common/caret-right.svg" offset: 14360576, size: 760 bytes, sha1: 3DF085E2C72958F6673DBFF56E9C367D100C5B6F, compression: None.
LogPakFile: Display: "Engine/Content/Slate/Starship/Common/check-circle-large.svg" offset: 14361389, size: 725 bytes, sha1: 5E3841F75BC3134D26E8BCDCE84A85A3F92FA863, compression: None.
LogPakFile: Display: "Engine/Content/Slate/Starship/Common/check-circle-solid.svg" offset: 14362167, size: 386 bytes, sha1: 1723249A556017523BDFED380E5537E39B2BD18E, compression: None.
LogPakFile: Display: "Engine/Content/Slate/Starship/Common/check-circle.svg" offset: 14362624, size: 426 bytes, sha1: 4E6AB369B38D52EF016C6126AF911B47F0078196, compression: None.
LogPakFile: Display: "Engine/Content/Slate/Starship/Common/check.svg" offset: 14363103, size: 243 bytes, sha1: 035113E778959F084DA8EF5AB876EAD596E4B5E0, compression: None.
LogPakFile: Display: "Engine/Content/Slate/Starship/Common/checker.png" offset: 14363399, size: 927 bytes, sha1: 5E7097D170EEE121411387FD4115A467B2F00D02, compression: Oodle.
LogPakFile: Display: "Engine/Content/Slate/Starship/Common/chevron-down.svg" offset: 14364399, size: 208 bytes, sha1: 13B98AD3E0C91126CB6E6996738061A58EC5964B, compression: None.
LogPakFile: Display: "Engine/Content/Slate/Starship/Common/chevron-left.svg" offset: 14364672, size: 209 bytes, sha1: 3BBF6F8E97E116D294AACF443223A7683105164D, compression: None.
LogPakFile: Display: "Engine/Content/Slate/Starship/Common/chevron-right.svg" offset: 14364934, size: 208 bytes, sha1: 5D6BFDEA60BF6EA4150A29C839CB3C79575E08FD, compression: None.
LogPakFile: Display: "Engine/Content/Slate/Starship/Common/chevron-up.svg" offset: 14365195, size: 209 bytes, sha1: 42BD922128BF54FD59B82DEF4DA4F54A15980B05, compression: None.
LogPakFile: Display: "Engine/Content/Slate/Starship/Common/circle-arrow-down.svg" offset: 14365457, size: 413 bytes, sha1: 1091B6E0ACACB04248DA428AB17D8440965F71C6, compression: None.
LogPakFile: Display: "Engine/Content/Slate/Starship/Common/circle-arrow-left.svg" offset: 14365923, size: 411 bytes, sha1: 87AE7536082711DD549BCD88D87FDBA28DBD2792, compression: None.
LogPakFile: Display: "Engine/Content/Slate/Starship/Common/circle-arrow-right.svg" offset: 14366720, size: 411 bytes, sha1: ABB0EB101ACA498CA6A5B46FA6BC07CCAD9A19C9, compression: None.
LogPakFile: Display: "Engine/Content/Slate/Starship/Common/circle-arrow-up.svg" offset: 14367184, size: 413 bytes, sha1: D85DD0EF9F1FD554B51D994FC42CCD16AA4EA987, compression: None.
LogPakFile: Display: "Engine/Content/Slate/Starship/Common/close-circle.svg" offset: 14367650, size: 792 bytes, sha1: 03CA78B077929CABE18C4BAB3D40EF354C5C9555, compression: Oodle.
LogPakFile: Display: "Engine/Content/Slate/Starship/Common/close-small.svg" offset: 14368768, size: 261 bytes, sha1: 2151052357E97C20F8CC17F992EB9224882A4239, compression: None.
LogPakFile: Display: "Engine/Content/Slate/Starship/Common/close.svg" offset: 14369082, size: 305 bytes, sha1: B47F5438EEF2E6C4D7B2391BEAA6F3EB27B31B33, compression: None.
LogPakFile: Display: "Engine/Content/Slate/Starship/Common/color-grading-cross.svg" offset: 14369440, size: 275 bytes, sha1: 64326A7C0521A9E70133E714415BB92CECF721B3, compression: None.
LogPakFile: Display: "Engine/Content/Slate/Starship/Common/color-grading-selector.svg" offset: 14369768, size: 183 bytes, sha1: 89425E704575B34FF9360EDD023799798039DC7E, compression: None.
LogPakFile: Display: "Engine/Content/Slate/Starship/Common/color-grading-spinbox-selector-v.png" offset: 14370004, size: 127 bytes, sha1: 26CC3D0A42F6FE3F1AD8EFF573726C320F778491, compression: None.
LogPakFile: Display: "Engine/Content/Slate/Starship/Common/color-grading-spinbox-selector.png" offset: 14370184, size: 78 bytes, sha1: B4D43D0B4CE8EC05DE8FA5EAAC34334572B7293C, compression: None.
LogPakFile: Display: "Engine/Content/Slate/Starship/Common/ColorThemes_16.svg" offset: 14370816, size: 648 bytes, sha1: 9A5E5BCD90921CF76363472A8C308A6C9171776F, compression: Oodle.
LogPakFile: Display: "Engine/Content/Slate/Starship/Common/ColorThemes_20.svg" offset: 14371537, size: 713 bytes, sha1: 8A9B2990A159282058089292D5465AEF50A68003, compression: Oodle.
LogPakFile: Display: "Engine/Content/Slate/Starship/Common/ColorThemesOff_20.svg" offset: 14372864, size: 825 bytes, sha1: C22C327D3126EEB7D89E67FF45860606C0D8D2E5, compression: Oodle.
LogPakFile: Display: "Engine/Content/Slate/Starship/Common/Console.svg" offset: 14373762, size: 353 bytes, sha1: 2449E9F1D87A57709031E89AE95125AFBF046E47, compression: None.
LogPakFile: Display: "Engine/Content/Slate/Starship/Common/Copy.svg" offset: 14374168, size: 322 bytes, sha1: 57FB5E5CF3A78D38377B8F4B166799092AF26CED, compression: None.
LogPakFile: Display: "Engine/Content/Slate/Starship/Common/CPP.svg" offset: 14374912, size: 1062 bytes, sha1: 3BB2695DE02683539ACFEFE9D8B4C379CD861EB5, compression: Oodle.
LogPakFile: Display: "Engine/Content/Slate/Starship/Common/curve-editor-append-key-20.svg" offset: 14376047, size: 722 bytes, sha1: 1878122BF8ADD9261CD14DB9380AC87D2307BB18, compression: None.
LogPakFile: Display: "Engine/Content/Slate/Starship/Common/Cut.svg" offset: 14376960, size: 224 bytes, sha1: AF59B877042777F329A992236A2415556D067D6F, compression: None.
LogPakFile: Display: "Engine/Content/Slate/Starship/Common/cylinder.svg" offset: 14377237, size: 536 bytes, sha1: E2F9382F61CBAD0E689BFEFAEAA71ECB10403A5D, compression: None.
LogPakFile: Display: "Engine/Content/Slate/Starship/Common/Dash_Horizontal.png" offset: 14377826, size: 955 bytes, sha1: D7D56542AEAC882332C0BB71843FBE3F55F3CCAD, compression: Oodle.
LogPakFile: Display: "Engine/Content/Slate/Starship/Common/Dash_Vertical.png" offset: 14379008, size: 959 bytes, sha1: 3FD47DE2ED5B81F459D28FC880AEDBDE71CC9123, compression: Oodle.
LogPakFile: Display: "Engine/Content/Slate/Starship/Common/delete-outline.svg" offset: 14380040, size: 478 bytes, sha1: 7CBF4C6DA52F24BE9284CA944FD9BD270EAEDA49, compression: None.
LogPakFile: Display: "Engine/Content/Slate/Starship/Common/Delete.svg" offset: 14381056, size: 625 bytes, sha1: 215BB733125CB884B011BF66F8EB863549727D87, compression: Oodle.
LogPakFile: Display: "Engine/Content/Slate/Starship/Common/Developer.svg" offset: 14381754, size: 461 bytes, sha1: 54DCFEA50F652CDA86CD3DA8D1CDC775661D0BC8, compression: None.
LogPakFile: Display: "Engine/Content/Slate/Starship/Common/drag-handle.svg" offset: 14382268, size: 436 bytes, sha1: 32509B14EB75D8713F1AB3B47BF9C8D52D9D2C04, compression: Oodle.
LogPakFile: Display: "Engine/Content/Slate/Starship/Common/DropTargetBackground.png" offset: 14383104, size: 3936 bytes, sha1: 9DA0CCEFC9B39EF1F7EF551E86EDB8502E3B402C, compression: None.
LogPakFile: Display: "Engine/Content/Slate/Starship/Common/Duplicate.svg" offset: 14387200, size: 230 bytes, sha1: EB84CDEE27FD9827907000C3EF39996503D9F805, compression: None.
LogPakFile: Display: "Engine/Content/Slate/Starship/Common/edit.svg" offset: 14387483, size: 453 bytes, sha1: 0E1D157D9F7F3AB03EF9D3A54909A2D55F42E4BC, compression: None.
LogPakFile: Display: "Engine/Content/Slate/Starship/Common/EditToolbar.svg" offset: 14387989, size: 773 bytes, sha1: 888506303B941B32B2D0B3EED3F373CE5D5D79DC, compression: Oodle.
LogPakFile: Display: "Engine/Content/Slate/Starship/Common/ellipsis-horizontal-narrow.svg" offset: 14388835, size: 244 bytes, sha1: 0BA2AB309698A160C8D3CF27AF8728D5FE5C867A, compression: None.
LogPakFile: Display: "Engine/Content/Slate/Starship/Common/ellipsis-vertical-narrow.svg" offset: 14389248, size: 242 bytes, sha1: 3FF7763BAB73DBF8362BA7926E98865EB51B2B98, compression: None.
LogPakFile: Display: "Engine/Content/Slate/Starship/Common/export.svg" offset: 14389543, size: 823 bytes, sha1: 85C8D63F6D1A62388ED9A3546708F4D7F8F36752, compression: None.
LogPakFile: Display: "Engine/Content/Slate/Starship/Common/export_20.svg" offset: 14390419, size: 641 bytes, sha1: DA1B4C99760F50D24FFBFD620D850B4BC3D0F380, compression: Oodle.
LogPakFile: Display: "Engine/Content/Slate/Starship/Common/EyeDropper.svg" offset: 14391296, size: 982 bytes, sha1: 48711F8AF0CEC3C2ED0487A467572B3969D2D68B, compression: None.
LogPakFile: Display: "Engine/Content/Slate/Starship/Common/EyeDropper_20.svg" offset: 14392331, size: 727 bytes, sha1: 8B520BCEF855358B4E6A511CFD6203A90CBD94D3, compression: Oodle.
LogPakFile: Display: "Engine/Content/Slate/Starship/Common/Favorite.svg" offset: 14393344, size: 297 bytes, sha1: 0A1ACA297395529458BD336EEED01E30AA9A9692, compression: None.
LogPakFile: Display: "Engine/Content/Slate/Starship/Common/FavoriteOutline.svg" offset: 14393694, size: 473 bytes, sha1: 945B3ED093F416679608E33351C18FA10869685F, compression: None.
LogPakFile: Display: "Engine/Content/Slate/Starship/Common/favorites-category.svg" offset: 14394220, size: 289 bytes, sha1: B7BACEBB388438F8A8098DADEEDE6BCAD4C50A45, compression: None.
LogPakFile: Display: "Engine/Content/Slate/Starship/Common/fieldnotify_off.svg" offset: 14394562, size: 606 bytes, sha1: C39F123ADEF103221E799DED4663A67ED976EA1B, compression: None.
LogPakFile: Display: "Engine/Content/Slate/Starship/Common/fieldnotify_on.svg" offset: 14395392, size: 406 bytes, sha1: 5E2847C85831D1E78430448B51E13862DA117570, compression: None.
LogPakFile: Display: "Engine/Content/Slate/Starship/Common/file-tree-open.svg" offset: 14395851, size: 431 bytes, sha1: 51542D306C3BF0D4019BDA098A7262E8F7D31E7C, compression: Oodle.
LogPakFile: Display: "Engine/Content/Slate/Starship/Common/file-tree.svg" offset: 14396355, size: 393 bytes, sha1: FF94D5CA839B9108A36507A713B34CBD8B75FF73, compression: Oodle.
LogPakFile: Display: "Engine/Content/Slate/Starship/Common/file.svg" offset: 14396821, size: 245 bytes, sha1: E68D74A984702A8F98F5B05AE163A8CB2E41438A, compression: None.
LogPakFile: Display: "Engine/Content/Slate/Starship/Common/filled-circle.svg" offset: 14397440, size: 419 bytes, sha1: 7A9413E3E06C50935E2DA99575C819F179A2FC90, compression: None.
LogPakFile: Display: "Engine/Content/Slate/Starship/Common/filter.svg" offset: 14397912, size: 409 bytes, sha1: F9247729EF8E38CBD487533AEA6A98430CA869DB, compression: None.
LogPakFile: Display: "Engine/Content/Slate/Starship/Common/FilterAuto.svg" offset: 14398374, size: 977 bytes, sha1: 52C8E311A9B77149ABF9C5296457767740DF9A6B, compression: None.
LogPakFile: Display: "Engine/Content/Slate/Starship/Common/FlipHorizontal.svg" offset: 14399488, size: 399 bytes, sha1: 0516CAED3072A4B407EF130A6F9953A5A0615EF2, compression: None.
LogPakFile: Display: "Engine/Content/Slate/Starship/Common/FlipVertical.svg" offset: 14399940, size: 391 bytes, sha1: 65872D6AACA10ACD067A2D84BDEFF47096E972F5, compression: None.
LogPakFile: Display: "Engine/Content/Slate/Starship/Common/folder-cleanup.svg" offset: 14400384, size: 587 bytes, sha1: C9E960300708498A326F0A38BBBFFE68EE6B2BEA, compression: None.
LogPakFile: Display: "Engine/Content/Slate/Starship/Common/folder-closed.svg" offset: 14401024, size: 315 bytes, sha1: 1E2D17E4EA7D7F20B34F88EDF328E70DB236DBB1, compression: None.
LogPakFile: Display: "Engine/Content/Slate/Starship/Common/folder-open.svg" offset: 14401536, size: 363 bytes, sha1: FAD1EEBF00811FEFF723F0BC5FC1BFF4BC7CEA65, compression: None.
LogPakFile: Display: "Engine/Content/Slate/Starship/Common/folder-plus.svg" offset: 14401952, size: 365 bytes, sha1: E9A375B4425FAF8D62C09507C34C1CC6F4325FCC, compression: None.
LogPakFile: Display: "Engine/Content/Slate/Starship/Common/folder-virtual-closed.svg" offset: 14402370, size: 458 bytes, sha1: 71C1A45FB8D77F72D0B9435A7894885722BDFF07, compression: None.
LogPakFile: Display: "Engine/Content/Slate/Starship/Common/folder-virtual-open.svg" offset: 14403584, size: 709 bytes, sha1: 9917FCF14BA1B13E4D81D3F4A6B8A5E9656E8280, compression: None.
LogPakFile: Display: "Engine/Content/Slate/Starship/Common/Group_20.svg" offset: 14404346, size: 891 bytes, sha1: C678069C10DFC74F28A510DD4A16206E4175AC80, compression: Oodle.
LogPakFile: Display: "Engine/Content/Slate/Starship/Common/help-solid.svg" offset: 14405632, size: 641 bytes, sha1: F555DEEFFDB34AD36ACBAF842D342FD34D71856E, compression: None.
LogPakFile: Display: "Engine/Content/Slate/Starship/Common/help.svg" offset: 14406326, size: 720 bytes, sha1: D63F93A2661B197830FCCE73CB4F147AAACB5EA0, compression: None.
LogPakFile: Display: "Engine/Content/Slate/Starship/Common/hidden.svg" offset: 14407680, size: 729 bytes, sha1: 56DC5F1D8CB537DF87864473BF37A518AB43EC1F, compression: None.
LogPakFile: Display: "Engine/Content/Slate/Starship/Common/HiddenInGame.svg" offset: 14408462, size: 850 bytes, sha1: 18238476F440222F27B3CA1970A3DA665331988C, compression: None.
LogPakFile: Display: "Engine/Content/Slate/Starship/Common/import.svg" offset: 14409728, size: 713 bytes, sha1: 33DAE9CEAD46BC97E347CE8C75CCF25849977AC7, compression: None.
LogPakFile: Display: "Engine/Content/Slate/Starship/Common/import_20.svg" offset: 14410494, size: 606 bytes, sha1: 991626DAEF8B8D99CD84680DB74748C001BB811E, compression: Oodle.
LogPakFile: Display: "Engine/Content/Slate/Starship/Common/info-circle-solid.svg" offset: 14411173, size: 469 bytes, sha1: F412BFC1D60AB43D192C70B2619FA0817FC54234, compression: None.
LogPakFile: Display: "Engine/Content/Slate/Starship/Common/Info.svg" offset: 14411776, size: 526 bytes, sha1: 0F3DA09313F27A53475B4002A39FCD9786887425, compression: None.
LogPakFile: Display: "Engine/Content/Slate/Starship/Common/layout-header-body.svg" offset: 14412355, size: 256 bytes, sha1: AC6697A4A97366F0F88F9F11AAB2B7F3BA48E8E3, compression: None.
LogPakFile: Display: "Engine/Content/Slate/Starship/Common/layout-spreadsheet.svg" offset: 14412664, size: 298 bytes, sha1: F81D663DB106A47E797CC187DBE2F0C6569A19D3, compression: None.
LogPakFile: Display: "Engine/Content/Slate/Starship/Common/Layout.svg" offset: 14413015, size: 260 bytes, sha1: 388DF1EB81BC809C8A63B0CFA4566E72526BCB8C, compression: None.
LogPakFile: Display: "Engine/Content/Slate/Starship/Common/Linked.svg" offset: 14413824, size: 529 bytes, sha1: A19A097E0F64FFB2DDDFDE942E056BE905D543AB, compression: Oodle.
LogPakFile: Display: "Engine/Content/Slate/Starship/Common/lock-unlocked.svg" offset: 14414426, size: 814 bytes, sha1: 24A3CADD836AF4DED3E512736635FF1BA68E554E, compression: Oodle.
LogPakFile: Display: "Engine/Content/Slate/Starship/Common/lock.svg" offset: 14415872, size: 815 bytes, sha1: BE3DF9D11F62236946D9BB874E1A7562797DDE97, compression: Oodle.
LogPakFile: Display: "Engine/Content/Slate/Starship/Common/LookAt.svg" offset: 14416760, size: 841 bytes, sha1: 030EA182F31C1DF2153F3627C34B7F98C303044A, compression: None.
LogPakFile: Display: "Engine/Content/Slate/Starship/Common/menu.svg" offset: 14417920, size: 398 bytes, sha1: 1C90ECF355CFBAA8AFCAFB149488EEF7B83D8734, compression: None.
LogPakFile: Display: "Engine/Content/Slate/Starship/Common/Merge.svg" offset: 14418371, size: 274 bytes, sha1: CB80ED1E584D7ABBDED793A513CFF33B13F36AFF, compression: None.
LogPakFile: Display: "Engine/Content/Slate/Starship/Common/minus-circle.svg" offset: 14418698, size: 411 bytes, sha1: D9C3C29C7AC0E653EF8D108102648B583F240E38, compression: None.
LogPakFile: Display: "Engine/Content/Slate/Starship/Common/minus.svg" offset: 14419162, size: 201 bytes, sha1: 4F95B7C260E79897AD435CB5EC4717E599B530E2, compression: None.
LogPakFile: Display: "Engine/Content/Slate/Starship/Common/Monitor.svg" offset: 14419416, size: 402 bytes, sha1: 4C6B7EC97DE7677BDD0332A257321340EFCE1B31, compression: None.
LogPakFile: Display: "Engine/Content/Slate/Starship/Common/normalize.svg" offset: 14419968, size: 575 bytes, sha1: B313D0121D04D9F22138528FD361D0712653FFA6, compression: None.
LogPakFile: Display: "Engine/Content/Slate/Starship/Common/OutputLog.svg" offset: 14420596, size: 377 bytes, sha1: BCCC45F31F54D0406C93D00B21D0344A5B817B35, compression: None.
LogPakFile: Display: "Engine/Content/Slate/Starship/Common/ParentHierarchy.svg" offset: 14421026, size: 305 bytes, sha1: F86B232DA633CD66AA6503122D80ACCA45BC87D9, compression: None.
LogPakFile: Display: "Engine/Content/Slate/Starship/Common/Paste.svg" offset: 14421384, size: 204 bytes, sha1: 4FE07A1B6911314691A00720D8CDBF7C4DAB18CB, compression: None.
LogPakFile: Display: "Engine/Content/Slate/Starship/Common/play.svg" offset: 14421641, size: 239 bytes, sha1: 72D5A639DFFE0168755AADE9FEB338CB58D08944, compression: None.
LogPakFile: Display: "Engine/Content/Slate/Starship/Common/PlayerController.svg" offset: 14422016, size: 492 bytes, sha1: A0F07FBBC3F191F16017947A1C842A7435EDCD60, compression: Oodle.
LogPakFile: Display: "Engine/Content/Slate/Starship/Common/plus-circle.svg" offset: 14422581, size: 430 bytes, sha1: 715402227686EAB1B0EF4B8083D95D5A477890F8, compression: None.
LogPakFile: Display: "Engine/Content/Slate/Starship/Common/plus.svg" offset: 14423064, size: 299 bytes, sha1: 8484CACB0123F5822E17BE6D68ACA8B51E83C703, compression: None.
LogPakFile: Display: "Engine/Content/Slate/Starship/Common/Preferences.svg" offset: 14424064, size: 606 bytes, sha1: A44BBF6D181718D60F4B6EE3298BF623A39B518A, compression: Oodle.
LogPakFile: Display: "Engine/Content/Slate/Starship/Common/preview-default.svg" offset: 14424743, size: 611 bytes, sha1: 388B2EFA9ECEBB7171288255CABF9CC5C807C1EA, compression: None.
LogPakFile: Display: "Engine/Content/Slate/Starship/Common/ProjectLauncher.svg" offset: 14426112, size: 961 bytes, sha1: 8115B4228BE5E4FC30186DA724B0991643706D13, compression: Oodle.
LogPakFile: Display: "Engine/Content/Slate/Starship/Common/pyriamid.svg" offset: 14427146, size: 571 bytes, sha1: A5FCBB961143F9FEB9FAAC8222FA7F78BBB0404F, compression: None.
LogPakFile: Display: "Engine/Content/Slate/Starship/Common/Recent.svg" offset: 14428160, size: 513 bytes, sha1: 6DC8BF98D3ECBC8B82FFC2308E82B28EA8B271A5, compression: None.
LogPakFile: Display: "Engine/Content/Slate/Starship/Common/Redo.svg" offset: 14428726, size: 402 bytes, sha1: 9F47A79732C82AA7954E28167AE3C4AD37D7AD50, compression: None.
LogPakFile: Display: "Engine/Content/Slate/Starship/Common/refresh.svg" offset: 14429181, size: 368 bytes, sha1: F05F6903F4E0BC4B601A77D52987F8400746A5F4, compression: None.
LogPakFile: Display: "Engine/Content/Slate/Starship/Common/reimport.svg" offset: 14430208, size: 983 bytes, sha1: E29CABE7825BB7137125514E3F49C85995CA5BB4, compression: None.
LogPakFile: Display: "Engine/Content/Slate/Starship/Common/reject.svg" offset: 14431244, size: 399 bytes, sha1: 4332631C6BBB53521E1F3BA7B7117DC654430239, compression: None.
LogPakFile: Display: "Engine/Content/Slate/Starship/Common/Rename.svg" offset: 14431696, size: 297 bytes, sha1: 4DE85FF8D5CB1AC693BA6E966284EE16044B8B6C, compression: None.
LogPakFile: Display: "Engine/Content/Slate/Starship/Common/ResetToDefault.svg" offset: 14432256, size: 526 bytes, sha1: AB72892D974373414E9C058506DCCDD901A527DA, compression: Oodle.
LogPakFile: Display: "Engine/Content/Slate/Starship/Common/Role.svg" offset: 14432855, size: 675 bytes, sha1: EE53D5EF353F7AE5B7F1E1B1D19E4DCF8CEA11E8, compression: Oodle.
LogPakFile: Display: "Engine/Content/Slate/Starship/Common/Rotate180.svg" offset: 14434304, size: 878 bytes, sha1: E8EB131C4AF27C0D88FB8561DD2E7864ACA0340D, compression: None.
LogPakFile: Display: "Engine/Content/Slate/Starship/Common/Rotate90Clockwise.svg" offset: 14435235, size: 678 bytes, sha1: DA2A6E3EE35D086A76DC4116D3E0E67822E7FCF9, compression: None.
LogPakFile: Display: "Engine/Content/Slate/Starship/Common/Rotate90Counterclockwise.svg" offset: 14436352, size: 684 bytes, sha1: 4918AB949B0F7F802820388A36B07903C3E88AB5, compression: None.
LogPakFile: Display: "Engine/Content/Slate/Starship/Common/save-modified.svg" offset: 14437089, size: 683 bytes, sha1: B4BF43B378FEF0EA5C669C39D02256322ECD409A, compression: None.
LogPakFile: Display: "Engine/Content/Slate/Starship/Common/save.svg" offset: 14437825, size: 265 bytes, sha1: 63039619AF1E44C43B87CE1F571D44F4F11E0335, compression: None.
LogPakFile: Display: "Engine/Content/Slate/Starship/Common/search.svg" offset: 14438400, size: 468 bytes, sha1: 86BE600D7418E160129332E08AD4521F7C437239, compression: None.
LogPakFile: Display: "Engine/Content/Slate/Starship/Common/Search_20.svg" offset: 14438921, size: 715 bytes, sha1: D0917A63851C450C21D3C1D39D8DF52FA280A4DC, compression: None.
LogPakFile: Display: "Engine/Content/Slate/Starship/Common/SelectAll_16.svg" offset: 14440448, size: 824 bytes, sha1: 2041A085CF0F9E6CD5A008E756228684854332C3, compression: None.
LogPakFile: Display: "Engine/Content/Slate/Starship/Common/server.svg" offset: 14441325, size: 614 bytes, sha1: 1AF29F479ABF5C2084706D1885A4ACD0B338AF56, compression: None.
LogPakFile: Display: "Engine/Content/Slate/Starship/Common/SessionFrontend.svg" offset: 14442496, size: 600 bytes, sha1: BFF9193B0A7ED67A7F7A9EBBF669DC5B2E7C1D71, compression: Oodle.
LogPakFile: Display: "Engine/Content/Slate/Starship/Common/settings.svg" offset: 14443169, size: 767 bytes, sha1: 568E7560561B0B70ADC5930AEF255687DB91FB98, compression: Oodle.
LogPakFile: Display: "Engine/Content/Slate/Starship/Common/SortDown.svg" offset: 14444544, size: 595 bytes, sha1: AA2055D3012D8864416F7992206A4DCB2BB2B28A, compression: None.
LogPakFile: Display: "Engine/Content/Slate/Starship/Common/SortUp.svg" offset: 14445192, size: 592 bytes, sha1: DFEC5F8F18430A20257C5D954D38CF97A961CB60, compression: None.
LogPakFile: Display: "Engine/Content/Slate/Starship/Common/sphere.svg" offset: 14445837, size: 645 bytes, sha1: 333CF9E48DBC14705A409F1B2FBA5EE7E85DDF45, compression: None.
LogPakFile: Display: "Engine/Content/Slate/Starship/Common/stop.svg" offset: 14446592, size: 145 bytes, sha1: A7567D63DD6700801DEE9A7CE9C96087EFBB1DBB, compression: None.
LogPakFile: Display: "Engine/Content/Slate/Starship/Common/TagCollection_16.svg" offset: 14446790, size: 745 bytes, sha1: B2E5CD65CD2804D33EFDB1CAD87B73CBEE144251, compression: Oodle.
LogPakFile: Display: "Engine/Content/Slate/Starship/Common/TagSimple_16.svg" offset: 14447608, size: 684 bytes, sha1: CDC8214151EFCBBDDA1890CB8091343C1B3C891E, compression: None.
LogPakFile: Display: "Engine/Content/Slate/Starship/Common/Test.svg" offset: 14448640, size: 811 bytes, sha1: 98EDB603C5FF463BD0C78D04A6526467C78250C8, compression: None.
LogPakFile: Display: "Engine/Content/Slate/Starship/Common/tile.svg" offset: 14449504, size: 280 bytes, sha1: 69D225BF43F149DA82BC09C396E9F07A264070D8, compression: None.
LogPakFile: Display: "Engine/Content/Slate/Starship/Common/TokenTextBox_16.svg" offset: 14450688, size: 1366 bytes, sha1: B1B4F0D83757300A3E18DBB6541C345DD60F9313, compression: Oodle.
LogPakFile: Display: "Engine/Content/Slate/Starship/Common/TranslationPicker.svg" offset: 14452736, size: 689 bytes, sha1: 731AED3303EB12BF75BD1BECEFA1665657904A78, compression: None.
LogPakFile: Display: "Engine/Content/Slate/Starship/Common/UELogo.png" offset: 14454784, size: 4739 bytes, sha1: 47BEBC63F052F69D2020213CE25AF7AA8539AB29, compression: None.
LogPakFile: Display: "Engine/Content/Slate/Starship/Common/UELogo.svg" offset: 14460928, size: 4052 bytes, sha1: 1C87AA9088F768926860318CDEE2BE42AC94D685, compression: Oodle.
LogPakFile: Display: "Engine/Content/Slate/Starship/Common/Undo.svg" offset: 14465053, size: 445 bytes, sha1: 902E24DC7006CA4BBA59205CDC62C15F4DBB2859, compression: None.
LogPakFile: Display: "Engine/Content/Slate/Starship/Common/UndoHistory.svg" offset: 14465551, size: 619 bytes, sha1: 3F0D8F114F03C2319A78863398405B4A3DB6F34A, compression: None.
LogPakFile: Display: "Engine/Content/Slate/Starship/Common/Unlinked.svg" offset: 14467072, size: 1012 bytes, sha1: C5A7F52CA2CCDE2BBA7E06398FC80BD90814AB68, compression: None.
LogPakFile: Display: "Engine/Content/Slate/Starship/Common/unreal-circle-thick.svg" offset: 14468137, size: 751 bytes, sha1: 54E17432FF3A4683A86978ACD9A99BCFC6706AF3, compression: Oodle.
LogPakFile: Display: "Engine/Content/Slate/Starship/Common/unreal-circle-thin.svg" offset: 14469120, size: 745 bytes, sha1: F1C83C95EB1A0CEB08AD88DAC03C967594E47C00, compression: Oodle.
LogPakFile: Display: "Engine/Content/Slate/Starship/Common/unreal-small.svg" offset: 14471168, size: 3820 bytes, sha1: 5EF56EEFD5753E7AA0B28556A7355B54161B1A50, compression: Oodle.
LogPakFile: Display: "Engine/Content/Slate/Starship/Common/UnsavedAssets.svg" offset: 14475264, size: 543 bytes, sha1: B4CCD61AF7A2B15B1B0C44C773D672C4E59780B4, compression: None.
LogPakFile: Display: "Engine/Content/Slate/Starship/Common/UnsavedAssetsWarning.svg" offset: 14475860, size: 1281 bytes, sha1: CA83ECDA25521318290C798B93947ABDB836F3EE, compression: Oodle.
LogPakFile: Display: "Engine/Content/Slate/Starship/Common/Update.svg" offset: 14477312, size: 690 bytes, sha1: 48ED487384BD8AF16CA6146CC9165511C79F1E5C, compression: Oodle.
LogPakFile: Display: "Engine/Content/Slate/Starship/Common/visible.svg" offset: 14478075, size: 434 bytes, sha1: 5872C07E7ADC0785644E745272AB65B7CDEE8A93, compression: None.
LogPakFile: Display: "Engine/Content/Slate/Starship/Common/VisibleInGame.svg" offset: 14478562, size: 553 bytes, sha1: 2A207AA43E1025B0A35BFD2673AC0593D6CDDDAD, compression: None.
LogPakFile: Display: "Engine/Content/Slate/Starship/Common/Visualizer.svg" offset: 14479360, size: 823 bytes, sha1: 8A5673A8F616F07196CF170A2833CF01673B2B98, compression: None.
LogPakFile: Display: "Engine/Content/Slate/Starship/Common/world.svg" offset: 14480236, size: 660 bytes, sha1: 1691E51A86A39E21733B7B26967A3D2A34CFC2C7, compression: Oodle.
LogPakFile: Display: "Engine/Content/Slate/Starship/Common/x-circle.svg" offset: 14481408, size: 700 bytes, sha1: F504C4F8B8D6B9A19C50A7D23698A8020A73F977, compression: Oodle.
LogPakFile: Display: "Engine/Content/Slate/Starship/CoreWidgets/CheckBox/check.svg" offset: 14482181, size: 243 bytes, sha1: 035113E778959F084DA8EF5AB876EAD596E4B5E0, compression: None.
LogPakFile: Display: "Engine/Content/Slate/Starship/CoreWidgets/CheckBox/CheckBoxIndeterminate_12.svg" offset: 14482477, size: 181 bytes, sha1: CA5ABD6874A308C6474F28EACAC3A03C13F084ED, compression: None.
LogPakFile: Display: "Engine/Content/Slate/Starship/CoreWidgets/CheckBox/CheckBoxIndeterminate_14.svg" offset: 14482711, size: 189 bytes, sha1: C8370D6C3696E50333F6E3A58FB45702034BE3F6, compression: None.
LogPakFile: Display: "Engine/Content/Slate/Starship/CoreWidgets/CheckBox/indeterminate.svg" offset: 14482953, size: 182 bytes, sha1: E16DEDBBD174BD079A9AC9F55006BA19E6EB858F, compression: None.
LogPakFile: Display: "Engine/Content/Slate/Starship/CoreWidgets/CheckBox/radio-off.svg" offset: 14483456, size: 300 bytes, sha1: AA803881F4242A21CB2C86556628DB75AE170871, compression: None.
LogPakFile: Display: "Engine/Content/Slate/Starship/CoreWidgets/CheckBox/radio-on.svg" offset: 14483809, size: 514 bytes, sha1: 63EE8DA52A4F3058525E014CBE6A8FEE5533B860, compression: None.
LogPakFile: Display: "Engine/Content/Slate/Starship/CoreWidgets/ComboBox/corner-dropdown.svg" offset: 14484376, size: 201 bytes, sha1: FFE2A64399529FEDC937228E357CA461E4D9F1F6, compression: None.
LogPakFile: Display: "Engine/Content/Slate/Starship/CoreWidgets/ComboBox/wide-chevron-down.svg" offset: 14484630, size: 211 bytes, sha1: 492623CBA5503ADC932AE9DBBDD2A28F4956D9F3, compression: None.
LogPakFile: Display: "Engine/Content/Slate/Starship/CoreWidgets/FilterBar/FilterColorSegment.svg" offset: 14484894, size: 191 bytes, sha1: 484DDDC138ABE7FF78F263D4007D63933EA23F2F, compression: None.
LogPakFile: Display: "Engine/Content/Slate/Starship/CoreWidgets/NumericEntryBox/NarrowDecorator.svg" offset: 14485138, size: 235 bytes, sha1: 436D2EE58D81394C526EAD5E472D54A9FB88878A, compression: None.
LogPakFile: Display: "Engine/Content/Slate/Starship/CoreWidgets/ProgressBar/ProgressMarquee.png" offset: 14485504, size: 277 bytes, sha1: 1172986368669BF0B08EB6DEE15F41AC1097EC29, compression: None.
LogPakFile: Display: "Engine/Content/Slate/Starship/CoreWidgets/SegmentedBox/left.png" offset: 14485834, size: 193 bytes, sha1: EC1AB598842A8CDD759E9504CCC7CDDB1B3E9F6C, compression: None.
LogPakFile: Display: "Engine/Content/Slate/Starship/CoreWidgets/SegmentedBox/left.svg" offset: 14486080, size: 194 bytes, sha1: 2AA5C1EDD3B1C91E62786DC59F18FD1E4D5E32FE, compression: None.
LogPakFile: Display: "Engine/Content/Slate/Starship/CoreWidgets/SegmentedBox/right.png" offset: 14486327, size: 177 bytes, sha1: 9CECA0959CD26BED33B4D6CFE9B4A70AD2745494, compression: None.
LogPakFile: Display: "Engine/Content/Slate/Starship/CoreWidgets/SegmentedBox/right.svg" offset: 14486557, size: 198 bytes, sha1: 7DF3BEB929712AD467A284E5B55BA47881E3CE13, compression: None.
LogPakFile: Display: "Engine/Content/Slate/Starship/CoreWidgets/TableView/PinnedItemShadow.png" offset: 14486808, size: 347 bytes, sha1: F884BA8B7BC4F8E9B7B22BCE1956A9AEFD470964, compression: None.
LogPakFile: Display: "Engine/Content/Slate/Starship/CoreWidgets/TableView/sort-down-arrow.svg" offset: 14487552, size: 312 bytes, sha1: 8A04426589F7AAEDE153EEABF4C069BDEAA90BBF, compression: None.
LogPakFile: Display: "Engine/Content/Slate/Starship/CoreWidgets/TableView/sort-down-arrows.svg" offset: 14487917, size: 543 bytes, sha1: BA6A9801F0F7A188EB310B686A44E549337E6365, compression: None.
LogPakFile: Display: "Engine/Content/Slate/Starship/CoreWidgets/TableView/sort-up-arrow.svg" offset: 14488513, size: 314 bytes, sha1: 1828E15C3CADE9625491A23868B7C6F320188D61, compression: None.
LogPakFile: Display: "Engine/Content/Slate/Starship/CoreWidgets/TableView/sort-up-arrows.svg" offset: 14488880, size: 554 bytes, sha1: 07453CD17C5127A0EB4507320E9EC57A89E1D69E, compression: None.
LogPakFile: Display: "Engine/Content/Slate/Starship/CoreWidgets/Window/close.svg" offset: 14489600, size: 211 bytes, sha1: 08CAA79322634A824F67D8F463421BE6E2B3BF48, compression: None.
LogPakFile: Display: "Engine/Content/Slate/Starship/CoreWidgets/Window/enter_fullscreen.svg" offset: 14489864, size: 353 bytes, sha1: 1B5451B7A5369FBA13FFFF784EA2E9EC38ED54A9, compression: None.
LogPakFile: Display: "Engine/Content/Slate/Starship/CoreWidgets/Window/exit_fullscreen.svg" offset: 14490270, size: 357 bytes, sha1: 89D373C339CAFC51A9BE13AD1D172ED6C3590028, compression: None.
LogPakFile: Display: "Engine/Content/Slate/Starship/CoreWidgets/Window/maximize.svg" offset: 14490680, size: 164 bytes, sha1: 448230FA669A624DB014A8B5FCD5DD9CE952EA55, compression: None.
LogPakFile: Display: "Engine/Content/Slate/Starship/CoreWidgets/Window/minimize.svg" offset: 14490897, size: 162 bytes, sha1: FAFB8967A7D64FE2A1A2AB1346E87D5D102DC470, compression: None.
LogPakFile: Display: "Engine/Content/Slate/Starship/CoreWidgets/Window/restore.svg" offset: 14491112, size: 291 bytes, sha1: F168DA2B553EF090C1194E818682383B2A3D9B52, compression: None.
LogPakFile: Display: "Engine/Content/Slate/Starship/Docking/Dock_Tab_Active.png" offset: 14491456, size: 135 bytes, sha1: D88561E8D774B0BDD2D803D3865A12829482A280, compression: None.
LogPakFile: Display: "Engine/Content/Slate/Starship/Docking/DockTab_Active.png" offset: 14491648, size: 139 bytes, sha1: F064A0CAE86DD8B85C7C9B780A81D5C751127B15, compression: None.
LogPakFile: Display: "Engine/Content/Slate/Starship/Docking/DockTab_Foreground.png" offset: 14491840, size: 185 bytes, sha1: CDF4ED6138738E00E762191696522A2DC4FB998E, compression: None.
LogPakFile: Display: "Engine/Content/Slate/Starship/Docking/DockTab_Hover.png" offset: 14492078, size: 184 bytes, sha1: 3D90AFE92325C2CD95918E68AAA4FA78647E06CF, compression: None.
LogPakFile: Display: "Engine/Content/Slate/Starship/Docking/drawer-shadow.png" offset: 14493696, size: 1480 bytes, sha1: F6060268113282E6D02D69A8117DEF6E1B7F5FA1, compression: Oodle.
LogPakFile: Display: "Engine/Content/Slate/Starship/Docking/OpenTabInWindow.svg" offset: 14495744, size: 603 bytes, sha1: B54757AB57F684F76AD6C4F96BA37D6FB00D3E51, compression: None.
LogPakFile: Display: "Engine/Content/Slate/Starship/Docking/pin.svg" offset: 14496400, size: 750 bytes, sha1: 18257CE9D2B714B6BF942A3BE5064282689956EE, compression: None.
LogPakFile: Display: "Engine/Content/Slate/Starship/Docking/show-tab-well.svg" offset: 14497203, size: 151 bytes, sha1: 10BD550AA53C9F76FEAFDC77D6275AEA852A6D9E, compression: None.
LogPakFile: Display: "Engine/Content/Slate/Starship/Insights/AllTracks_20.svg" offset: 14497792, size: 837 bytes, sha1: EEA73522732A6B313E7C682BCED70CD6AFFB369D, compression: Oodle.
LogPakFile: Display: "Engine/Content/Slate/Starship/Insights/Annotation.svg" offset: 14498702, size: 154 bytes, sha1: 645ACD81607EBC3FC484AAF8EB109442FBE0BA45, compression: None.
LogPakFile: Display: "Engine/Content/Slate/Starship/Insights/Annotation_20.svg" offset: 14498909, size: 176 bytes, sha1: 90F760E19697EA7DF8748DD64F332CACE29EF291, compression: None.
LogPakFile: Display: "Engine/Content/Slate/Starship/Insights/AutoScrollDown_20.svg" offset: 14499138, size: 395 bytes, sha1: 12CC19942233952051A3B15BB706295C74035C8F, compression: None.
LogPakFile: Display: "Engine/Content/Slate/Starship/Insights/AutoScrollRight_20.svg" offset: 14499840, size: 422 bytes, sha1: 2558188E7B747963A24C7471631BD1DAB271A93D, compression: None.
LogPakFile: Display: "Engine/Content/Slate/Starship/Insights/BudgetSettings.svg" offset: 14500315, size: 510 bytes, sha1: CCCBC3BE60DDFBA5C346C2E491671A709EAF20F6, compression: None.
LogPakFile: Display: "Engine/Content/Slate/Starship/Insights/Callees.svg" offset: 14500878, size: 520 bytes, sha1: 4A0F1866BEA39946E0984A66BFFD75F8F146595E, compression: None.
LogPakFile: Display: "Engine/Content/Slate/Starship/Insights/Callees_20.svg" offset: 14501888, size: 471 bytes, sha1: 5BE6217408F575F65CCE9E55A110DEB21055F771, compression: None.
LogPakFile: Display: "Engine/Content/Slate/Starship/Insights/Callers.svg" offset: 14502412, size: 395 bytes, sha1: 854B3E42711D2DAA28455D90112B6288748CDF88, compression: None.
LogPakFile: Display: "Engine/Content/Slate/Starship/Insights/Callers_20.svg" offset: 14502860, size: 460 bytes, sha1: 66D0421C87298895AF604D5219272B9AEC500CFC, compression: None.
LogPakFile: Display: "Engine/Content/Slate/Starship/Insights/Connection.svg" offset: 14503936, size: 982 bytes, sha1: 15984F36E8E634DD0BDA580DE08DC32F80810ACE, compression: None.
LogPakFile: Display: "Engine/Content/Slate/Starship/Insights/ControlsFirst.svg" offset: 14504971, size: 314 bytes, sha1: 4EBE50066AD1D683DE9074A43C19B889804EA0DA, compression: None.
LogPakFile: Display: "Engine/Content/Slate/Starship/Insights/ControlsLast.svg" offset: 14505338, size: 325 bytes, sha1: A8A29346FC634C2914A167C1EF99C21B1B294ED7, compression: None.
LogPakFile: Display: "Engine/Content/Slate/Starship/Insights/ControlsNext.svg" offset: 14505984, size: 226 bytes, sha1: 968A010CCA46AB7AA0C9C5D7F384FB926C4BBCA3, compression: None.
LogPakFile: Display: "Engine/Content/Slate/Starship/Insights/ControlsPrevious.svg" offset: 14506263, size: 216 bytes, sha1: B4BC69663ABBAAC1B0933CCF3D772363A1054282, compression: None.
LogPakFile: Display: "Engine/Content/Slate/Starship/Insights/Counter.svg" offset: 14506532, size: 198 bytes, sha1: 5A6BA1C734846154BDA0B9F3991EC28421413AA3, compression: None.
LogPakFile: Display: "Engine/Content/Slate/Starship/Insights/Counter_20.svg" offset: 14506783, size: 222 bytes, sha1: D75CC623C9F8639627ABA3ACC8EBC36ACD18970D, compression: None.
LogPakFile: Display: "Engine/Content/Slate/Starship/Insights/CpuGpuTracks_20.svg" offset: 14507058, size: 413 bytes, sha1: 040537A45C628FC1E7F41DC5AC3CC0D3FF7CB4E0, compression: None.
LogPakFile: Display: "Engine/Content/Slate/Starship/Insights/Filter.svg" offset: 14507524, size: 170 bytes, sha1: CB0ECB47215FE36CCC16C9187EE436F3550FE9DA, compression: None.
LogPakFile: Display: "Engine/Content/Slate/Starship/Insights/FilterConfig.svg" offset: 14508032, size: 1090 bytes, sha1: 9656A1C5DF4E3D16B7830DF0CD85A0F66BF28A3A, compression: Oodle.
LogPakFile: Display: "Engine/Content/Slate/Starship/Insights/Frames.svg" offset: 14509195, size: 340 bytes, sha1: 21BD5FC7B4034C950C19CA04C3E2BCF3DE8E27DC, compression: None.
LogPakFile: Display: "Engine/Content/Slate/Starship/Insights/Frames_20.svg" offset: 14509588, size: 343 bytes, sha1: 8135889306FCC6A4BF9F412058DFDF121C7FB187, compression: None.
LogPakFile: Display: "Engine/Content/Slate/Starship/Insights/Function.svg" offset: 14510080, size: 681 bytes, sha1: 3B16CFC1DBF290665BBD36F27001DC581E44CAD2, compression: Oodle.
LogPakFile: Display: "Engine/Content/Slate/Starship/Insights/HotPath_12.svg" offset: 14510834, size: 654 bytes, sha1: 5D648B4CE3F2A1660A92428CC60B456914CDA620, compression: Oodle.
LogPakFile: Display: "Engine/Content/Slate/Starship/Insights/InfoTag_12.svg" offset: 14512128, size: 712 bytes, sha1: 4C443178D2C9F8F3F7634F45624731F64C880066, compression: None.
LogPakFile: Display: "Engine/Content/Slate/Starship/Insights/Log.svg" offset: 14512893, size: 381 bytes, sha1: 26B9DD852817750C7FA77933B6747466245AD5C8, compression: None.
LogPakFile: Display: "Engine/Content/Slate/Starship/Insights/Log_20.svg" offset: 14513327, size: 609 bytes, sha1: D08F6A53F309D890DE95C0CA21431D1718FCAA3D, compression: Oodle.
LogPakFile: Display: "Engine/Content/Slate/Starship/Insights/MemAllocTable.svg" offset: 14514176, size: 503 bytes, sha1: 1635462549A4B0D3C05ACAE3B85AFA4912FD1C72, compression: None.
LogPakFile: Display: "Engine/Content/Slate/Starship/Insights/MemInvestigation.svg" offset: 14514732, size: 860 bytes, sha1: 062D8251DC7F5F2A5CB132E95F42412E90E6D0D9, compression: None.
LogPakFile: Display: "Engine/Content/Slate/Starship/Insights/MemInvestigation_20.svg" offset: 14516224, size: 733 bytes, sha1: 36D70814A6F380CDFD9D0DDC8CC158BBE4202B29, compression: None.
LogPakFile: Display: "Engine/Content/Slate/Starship/Insights/Memory.svg" offset: 14517010, size: 651 bytes, sha1: D375B2ACCB0D2AA01C161A8D770612D8239A2A0E, compression: None.
LogPakFile: Display: "Engine/Content/Slate/Starship/Insights/MemoryAnalysis_16.svg" offset: 14518272, size: 853 bytes, sha1: 65E49E958E0633A8A98A84147475CA81AFA95B81, compression: None.
LogPakFile: Display: "Engine/Content/Slate/Starship/Insights/MemoryAnalysisSnapshot_16.svg" offset: 14519178, size: 762 bytes, sha1: 727CE5A1E69B15CCC8073654575E4783D1D92C53, compression: Oodle.
LogPakFile: Display: "Engine/Content/Slate/Starship/Insights/MemTag_Asset_12.svg" offset: 14520320, size: 814 bytes, sha1: 9D940EB1212C2783CB1A73F3A9DE47DEEDED598C, compression: None.
LogPakFile: Display: "Engine/Content/Slate/Starship/Insights/MemTag_Class_12.svg" offset: 14522368, size: 1178 bytes, sha1: 95DAFD8DCDFCF8789A62BDB4DBE047DBE684B541, compression: Oodle.
LogPakFile: Display: "Engine/Content/Slate/Starship/Insights/MemTag_System_12.svg" offset: 14524416, size: 1579 bytes, sha1: 6B516C307C37A72E3AA334469615B8FA54951991, compression: Oodle.
LogPakFile: Display: "Engine/Content/Slate/Starship/Insights/MemTags.svg" offset: 14526464, size: 866 bytes, sha1: 7D2BD4B7F0F6E2D189B067EA80ED7E2A3098DA2D, compression: Oodle.
LogPakFile: Display: "Engine/Content/Slate/Starship/Insights/MemTags_20.svg" offset: 14527403, size: 1031 bytes, sha1: 8E2C5AA338C6929141B4D9AC1C54486F0F8BBD39, compression: Oodle.
LogPakFile: Display: "Engine/Content/Slate/Starship/Insights/MemTagSet_AssetClasses.svg" offset: 14528512, size: 1217 bytes, sha1: A83D4613CD082DD71A7B0C732FAC7FBCFE25DABB, compression: Oodle.
LogPakFile: Display: "Engine/Content/Slate/Starship/Insights/MemTagSet_Assets.svg" offset: 14530560, size: 876 bytes, sha1: 2695324374E210B3A361D813639D6AC31A156B3B, compression: None.
LogPakFile: Display: "Engine/Content/Slate/Starship/Insights/MemTagSet_Systems.svg" offset: 14532608, size: 2921 bytes, sha1: 6CA64C6C390BE0F3D7068EE5AE3077AD8F592151, compression: Oodle.
LogPakFile: Display: "Engine/Content/Slate/Starship/Insights/NetStats.svg" offset: 14535602, size: 667 bytes, sha1: 1B4961CA90E933B6D64632541C720C05A63E97BD, compression: Oodle.
LogPakFile: Display: "Engine/Content/Slate/Starship/Insights/NetStats_20.svg" offset: 14536704, size: 1000 bytes, sha1: 9B71E8B9CC8B32F1FEB67FAF8B5B7E828A2DD92A, compression: Oodle.
LogPakFile: Display: "Engine/Content/Slate/Starship/Insights/Networking.svg" offset: 14537777, size: 886 bytes, sha1: F33241494C794332514D125B1AF099BF3D33422F, compression: Oodle.
LogPakFile: Display: "Engine/Content/Slate/Starship/Insights/Object.svg" offset: 14538752, size: 512 bytes, sha1: 56226E167E8CAF1665062F1D52B3BB0043E446E8, compression: None.
LogPakFile: Display: "Engine/Content/Slate/Starship/Insights/PacketContent.svg" offset: 14539317, size: 875 bytes, sha1: 0F97C21A0C1FFAFCF4DCC4D68F3DEFE7A3098189, compression: Oodle.
LogPakFile: Display: "Engine/Content/Slate/Starship/Insights/PacketContent_20.svg" offset: 14540800, size: 951 bytes, sha1: 3D0CD933DA30197A81C08C196C663AACCF52D51C, compression: Oodle.
LogPakFile: Display: "Engine/Content/Slate/Starship/Insights/Packets.svg" offset: 14541824, size: 547 bytes, sha1: 9CAD5F3484B7646114A2D824578B3715230D0F3D, compression: None.
LogPakFile: Display: "Engine/Content/Slate/Starship/Insights/Packets_20.svg" offset: 14542848, size: 627 bytes, sha1: CEEFD30FD944365AB5DB8051C895CBBDE809962C, compression: None.
LogPakFile: Display: "Engine/Content/Slate/Starship/Insights/PluginTracks_20.svg" offset: 14543528, size: 333 bytes, sha1: 73A0A2C20FFFDEE9F1FBAB4228FEE946B62CBCD8, compression: None.
LogPakFile: Display: "Engine/Content/Slate/Starship/Insights/RoundedBullet.svg" offset: 14543914, size: 161 bytes, sha1: 0363FF77BC434CABB0A960A695B3B62B164B9542, compression: None.
LogPakFile: Display: "Engine/Content/Slate/Starship/Insights/Session.svg" offset: 14544896, size: 1001 bytes, sha1: 5168D218C2B0D033C54715BB8D83DE0F90F4901A, compression: Oodle.
LogPakFile: Display: "Engine/Content/Slate/Starship/Insights/SizeLarge.svg" offset: 14545970, size: 263 bytes, sha1: 6B6288EDD678E75A9BFE49B28FE002B55B43696B, compression: None.
LogPakFile: Display: "Engine/Content/Slate/Starship/Insights/SizeLarge_20.svg" offset: 14546286, size: 263 bytes, sha1: 5A734CC3D9885FD2338FA3AB09EDF1DC95DED6E8, compression: None.
LogPakFile: Display: "Engine/Content/Slate/Starship/Insights/SizeMedium.svg" offset: 14546602, size: 263 bytes, sha1: 0AF829AEA2997AA69D9B469FF54B0274249A781A, compression: None.
LogPakFile: Display: "Engine/Content/Slate/Starship/Insights/SizeMedium_20.svg" offset: 14546944, size: 263 bytes, sha1: 419D8DA08AC1D3D0725FB4754A94559F38B34525, compression: None.
LogPakFile: Display: "Engine/Content/Slate/Starship/Insights/SizeSmall.svg" offset: 14547260, size: 260 bytes, sha1: A2D533C2A7B6805717402D375FDD2A1126512028, compression: None.
LogPakFile: Display: "Engine/Content/Slate/Starship/Insights/SizeSmall_20.svg" offset: 14547573, size: 263 bytes, sha1: 5029803C01C16B20744780F7FE35F2F01C80148D, compression: None.
LogPakFile: Display: "Engine/Content/Slate/Starship/Insights/SpecialTracks_20.svg" offset: 14547889, size: 513 bytes, sha1: 9427CBC4C59CE53D457B2003F089F770FBAF755F, compression: None.
LogPakFile: Display: "Engine/Content/Slate/Starship/Insights/Tasks.svg" offset: 14548992, size: 1012 bytes, sha1: BD5D0CF4AD59AE32A539947863B74E1AD99182C5, compression: None.
LogPakFile: Display: "Engine/Content/Slate/Starship/Insights/Tasks_20.svg" offset: 14551040, size: 961 bytes, sha1: DE19D00838A242CEB117EDF16D609B8A8C28C63D, compression: None.
LogPakFile: Display: "Engine/Content/Slate/Starship/Insights/TimeMarkerSettings.svg" offset: 14552054, size: 391 bytes, sha1: 51FC8A86CA1F7BECC60EE17AABB6A3BDA2BAB706, compression: None.
LogPakFile: Display: "Engine/Content/Slate/Starship/Insights/Timer.svg" offset: 14553088, size: 1106 bytes, sha1: 2CECD2B981B288AD7F82E2D12BB4E6D95A55E10D, compression: Oodle.
LogPakFile: Display: "Engine/Content/Slate/Starship/Insights/Timer_20.svg" offset: 14555136, size: 1675 bytes, sha1: 052C9AE2A2DE1FE45C82439EEA7359F1DEA2E534, compression: Oodle.
LogPakFile: Display: "Engine/Content/Slate/Starship/Insights/Timing.svg" offset: 14557184, size: 784 bytes, sha1: D1347DB6F79E9CBBD913416D424F05E84332591E, compression: None.
LogPakFile: Display: "Engine/Content/Slate/Starship/Insights/Timing_20.svg" offset: 14558021, size: 937 bytes, sha1: D73FA90F9ABED379DFFF4FEC20B2B0C221DBF223, compression: Oodle.
LogPakFile: Display: "Engine/Content/Slate/Starship/Insights/TraceStore.svg" offset: 14559232, size: 483 bytes, sha1: 617C9ABE57EBD2A04ADF418539FB7C733FC8CA5D, compression: None.
LogPakFile: Display: "Engine/Content/Slate/Starship/Insights/TraceStore_20.svg" offset: 14559768, size: 505 bytes, sha1: 87774980BB5181F766097C74080873B30723AEF7, compression: None.
LogPakFile: Display: "Engine/Content/Slate/Starship/Insights/TraceTools/RecordTraceCenter.svg" offset: 14560326, size: 328 bytes, sha1: DFD7F489E774BC870667F6376D3B7019664028A8, compression: None.
LogPakFile: Display: "Engine/Content/Slate/Starship/Insights/TraceTools/RecordTraceOutline.svg" offset: 14560707, size: 167 bytes, sha1: ED5E5D9F8C0DC29E666F4902B68CB68ACFF4F8A0, compression: None.
LogPakFile: Display: "Engine/Content/Slate/Starship/Insights/TraceTools/RecordTraceRecording.svg" offset: 14561280, size: 392 bytes, sha1: F10F6D5329D0EF0C4FF50769183D499F3312D5B4, compression: None.
LogPakFile: Display: "Engine/Content/Slate/Starship/Insights/TraceTools/TracePause.svg" offset: 14561725, size: 201 bytes, sha1: D93D40D1F1C000C0D52A2E0D5755A7ADE6FF541A, compression: None.
LogPakFile: Display: "Engine/Content/Slate/Starship/Insights/TraceTools/TraceResume.svg" offset: 14561979, size: 239 bytes, sha1: 72D5A639DFFE0168755AADE9FEB338CB58D08944, compression: None.
LogPakFile: Display: "Engine/Content/Slate/Starship/Insights/TraceTools/TraceSnapshot.svg" offset: 14562271, size: 943 bytes, sha1: 52CEEECA3334D9CE452CBC8D015515F95E60BBD9, compression: None.
LogPakFile: Display: "Engine/Content/Slate/Starship/Insights/TraceTools/TraceStart.svg" offset: 14563328, size: 406 bytes, sha1: DAA0363B2766D6986E1624C0391A6F9A0BD383FA, compression: None.
LogPakFile: Display: "Engine/Content/Slate/Starship/Insights/TraceTools/TraceStop.svg" offset: 14563787, size: 249 bytes, sha1: E2C47EC5114FE1559723F61FE10FCE8F974CF4F3, compression: None.
LogPakFile: Display: "Engine/Content/Slate/Starship/Insights/UnrealInsights.svg" offset: 14564089, size: 806 bytes, sha1: FC9BE73987CAF652CC5827D93A4DF3C4914DCAC9, compression: Oodle.
LogPakFile: Display: "Engine/Content/Slate/Starship/Insights/UObject.svg" offset: 14565376, size: 1313 bytes, sha1: 135C8EE6258F578DC1DA6429075E0246881B8D19, compression: Oodle.
LogPakFile: Display: "Engine/Content/Slate/Starship/Insights/UObject_12.svg" offset: 14567424, size: 1281 bytes, sha1: 10D6264759CBB1964A8749B05C996961A661BE42, compression: Oodle.
LogPakFile: Display: "Engine/Content/Slate/Starship/Insights/UTrace.svg" offset: 14569472, size: 866 bytes, sha1: 96F2778C28655ED6D31C5DEFE735A230EB31F376, compression: None.
LogPakFile: Display: "Engine/Content/Slate/Starship/Insights/ViewMode_20.svg" offset: 14570391, size: 539 bytes, sha1: FCD8631A9B5E6DD9D1A465DFC4BF1D3E93812EEA, compression: Oodle.
LogPakFile: Display: "Engine/Content/Slate/Starship/Insights/ZeroCountFilter.svg" offset: 14571520, size: 738 bytes, sha1: 85BF304C01AACCB43900E9F26ED1BA705F681F8A, compression: Oodle.
LogPakFile: Display: "Engine/Content/Slate/Starship/Launcher/PaperAirplane.svg" offset: 14572331, size: 328 bytes, sha1: F9B8EB40ED57162006718632062CD778D3F1E619, compression: None.
LogPakFile: Display: "Engine/Content/Slate/Starship/Notifications/Throbber.png" offset: 14573568, size: 1002 bytes, sha1: 6E60BE7CF5D274175856C304D036292F5381D9EC, compression: None.
LogPakFile: Display: "Engine/Content/Slate/Starship/SourceControl/icon_SCC_Change_Source_Control_Settings.svg" offset: 14574623, size: 834 bytes, sha1: 366FA6D75708C2D28C13F52C112347C9247F7C21, compression: Oodle.
LogPakFile: Display: "Engine/Content/Slate/Starship/SourceControl/icon_SCC_History.svg" offset: 14575616, size: 746 bytes, sha1: 24F54ADCFE4D9A206668F3E9A6C357861657E21C, compression: Oodle.
LogPakFile: Display: "Engine/Content/Slate/Starship/SourceControl/icon_SCC_Revert.svg" offset: 14576435, size: 350 bytes, sha1: 691320E167083FD8D64CE93143705E130D0658C0, compression: None.
LogPakFile: Display: "Engine/Content/Slate/Starship/SourceControl/RC_Added.svg" offset: 14576838, size: 299 bytes, sha1: 140483DB9AF051F5C7ECF11B454755AA047C3FD8, compression: None.
LogPakFile: Display: "Engine/Content/Slate/Starship/SourceControl/RC_Branch.svg" offset: 14577664, size: 471 bytes, sha1: 0C127CE5D36ECFB0EAEF07B73E1CB3D7A437901C, compression: None.
LogPakFile: Display: "Engine/Content/Slate/Starship/SourceControl/RC_BranchCircle_Branch.svg" offset: 14578188, size: 680 bytes, sha1: 20FDA91225E1C12DC5E97BCDFC1F8B92A3C4D47F, compression: None.
LogPakFile: Display: "Engine/Content/Slate/Starship/SourceControl/RC_BranchCircle_Circle.svg" offset: 14579712, size: 780 bytes, sha1: 61B7272C343E7FC112A1033B60655D400609BF56, compression: None.
LogPakFile: Display: "Engine/Content/Slate/Starship/SourceControl/RC_BranchExplorer.svg" offset: 14580545, size: 471 bytes, sha1: 0C127CE5D36ECFB0EAEF07B73E1CB3D7A437901C, compression: None.
LogPakFile: Display: "Engine/Content/Slate/Starship/SourceControl/RC_BranchModifiedBadge.svg" offset: 14581069, size: 551 bytes, sha1: 9ED069AA08F80410244AC7D2C4A32FBD061223DE, compression: None.
LogPakFile: Display: "Engine/Content/Slate/Starship/SourceControl/RC_CheckCircleLine_Check.svg" offset: 14581760, size: 249 bytes, sha1: B018BA59727DEAEF66B96A109B0978C0A07D6149, compression: None.
LogPakFile: Display: "Engine/Content/Slate/Starship/SourceControl/RC_CheckCircleLine_Circle.svg" offset: 14582062, size: 604 bytes, sha1: 17585C1789833E738D729DAB026E023EC987D75D, compression: None.
LogPakFile: Display: "Engine/Content/Slate/Starship/SourceControl/RC_CheckedBranch.svg" offset: 14582719, size: 584 bytes, sha1: FA38A27E606D46816E04AA7786F9CE559E2F8467, compression: None.
LogPakFile: Display: "Engine/Content/Slate/Starship/SourceControl/RC_CheckedBranchBadge.svg" offset: 14583808, size: 429 bytes, sha1: F089B0AF65B856D4FF38D0385D6238D379FF9F2A, compression: None.
LogPakFile: Display: "Engine/Content/Slate/Starship/SourceControl/RC_CheckedOther.svg" offset: 14584290, size: 815 bytes, sha1: F2554E048FA247B52ABFA8B94EE4BCBE4AEAB42B, compression: Oodle.
LogPakFile: Display: "Engine/Content/Slate/Starship/SourceControl/RC_CheckedOtherBadge.svg" offset: 14585178, size: 430 bytes, sha1: 46CD0636296F4CF1FC43BABBA10B87B94C0A32F9, compression: None.
LogPakFile: Display: "Engine/Content/Slate/Starship/SourceControl/RC_CheckIn.svg" offset: 14585856, size: 375 bytes, sha1: 8287253F4598E7422B596299B195945CE84E545A, compression: None.
LogPakFile: Display: "Engine/Content/Slate/Starship/SourceControl/RC_CheckInAvailable.svg" offset: 14586284, size: 615 bytes, sha1: D1AB64C1E1C7ED510B10CF6A959EE070141E2723, compression: Oodle.
LogPakFile: Display: "Engine/Content/Slate/Starship/SourceControl/RC_CheckInAvailableRewound.svg" offset: 14586972, size: 578 bytes, sha1: A084246E2084F1D21A00E78A028631F1328EC002, compression: Oodle.
LogPakFile: Display: "Engine/Content/Slate/Starship/SourceControl/RC_Conflicted.svg" offset: 14587904, size: 593 bytes, sha1: E6A6B754BC12D05B66896D5789BCEBE8BE549C08, compression: None.
LogPakFile: Display: "Engine/Content/Slate/Starship/SourceControl/RC_ConflictedState.svg" offset: 14588550, size: 737 bytes, sha1: 3F00A5706F746A5F82227841A1D2540FCD3999C7, compression: None.
LogPakFile: Display: "Engine/Content/Slate/Starship/SourceControl/RC_ConflictResolution_Clear.svg" offset: 14589340, size: 390 bytes, sha1: C52C928529DF9E618ADEB833710EE78EDBBE8C6C, compression: None.
LogPakFile: Display: "Engine/Content/Slate/Starship/SourceControl/RC_ConflictResolution_OpenExternal.svg" offset: 14589952, size: 593 bytes, sha1: 72876DD0BA6A954C6098060E9117D13609DE6FDB, compression: None.
LogPakFile: Display: "Engine/Content/Slate/Starship/SourceControl/RC_Diff.svg" offset: 14590598, size: 982 bytes, sha1: FAAED2D8F39431EFAC17919AB50E3745D38FCD1F, compression: None.
LogPakFile: Display: "Engine/Content/Slate/Starship/SourceControl/RC_DiskSize.svg" offset: 14592000, size: 568 bytes, sha1: A030999C837BDD0460C332F19750A55547E34DCE, compression: Oodle.
LogPakFile: Display: "Engine/Content/Slate/Starship/SourceControl/RC_File.svg" offset: 14592641, size: 1206 bytes, sha1: A21EEB9F3E39CD3D2E5FB24BD10875FD6B59AF77, compression: Oodle.
LogPakFile: Display: "Engine/Content/Slate/Starship/SourceControl/RC_LineCircle.svg" offset: 14594048, size: 1012 bytes, sha1: E670B5FCAA8EE94CE4D34D46EC6117CD935B6CCA, compression: None.
LogPakFile: Display: "Engine/Content/Slate/Starship/SourceControl/RC_MarkedForAdd.svg" offset: 14595113, size: 303 bytes, sha1: C895B169C3A812280AC17AB6C87A13F81D2A8A37, compression: None.
LogPakFile: Display: "Engine/Content/Slate/Starship/SourceControl/RC_Merged.svg" offset: 14595469, size: 276 bytes, sha1: 3E7F571A1CCC0ED70053800BD7D014B3EA0FC5BA, compression: None.
LogPakFile: Display: "Engine/Content/Slate/Starship/SourceControl/RC_Modified.svg" offset: 14596096, size: 382 bytes, sha1: 42DF4A9B5CAF890E1FAB2533422F8ED92FD69BD5, compression: None.
LogPakFile: Display: "Engine/Content/Slate/Starship/SourceControl/RC_ModifiedLocally.svg" offset: 14596531, size: 477 bytes, sha1: 799745CAE20F0F5FE30948C131692028572BC14A, compression: None.
LogPakFile: Display: "Engine/Content/Slate/Starship/SourceControl/RC_NewBranch.svg" offset: 14597061, size: 481 bytes, sha1: 409952C1FC3C4DD111101EEAC5767727520D905E, compression: None.
LogPakFile: Display: "Engine/Content/Slate/Starship/SourceControl/RC_NewerVersion.svg" offset: 14597595, size: 446 bytes, sha1: 981D91249D372B87F1AEF511CEBBD541513B6639, compression: None.
LogPakFile: Display: "Engine/Content/Slate/Starship/SourceControl/RC_Promote.svg" offset: 14598144, size: 1041 bytes, sha1: FE5AA9716E5292E5D81C90C61998AE3F9CF75B75, compression: Oodle.
LogPakFile: Display: "Engine/Content/Slate/Starship/SourceControl/RC_Promote_Large.svg" offset: 14600192, size: 961 bytes, sha1: 9EA387E627E2CB768A7CFAF92203F7ADEB7E1FEC, compression: Oodle.
LogPakFile: Display: "Engine/Content/Slate/Starship/SourceControl/RC_Removed.svg" offset: 14601226, size: 537 bytes, sha1: 256D1FDCF6FC303A56C27C8E44B4C837DBE16871, compression: None.
LogPakFile: Display: "Engine/Content/Slate/Starship/SourceControl/RC_Rewind.svg" offset: 14602240, size: 751 bytes, sha1: 8CAEDC78F27CADBCC5ADA22CD70B40B495398AD4, compression: Oodle.
LogPakFile: Display: "Engine/Content/Slate/Starship/SourceControl/RC_Rewound.svg" offset: 14603064, size: 818 bytes, sha1: 3A9A345F7D2AF171FB4E53E1E55DDC5FFDAB54FC, compression: None.
LogPakFile: Display: "Engine/Content/Slate/Starship/SourceControl/RC_StatusLocalUpload.svg" offset: 14604288, size: 663 bytes, sha1: F6D47773B830352687F3CEB06AE563BEBF689C88, compression: None.
LogPakFile: Display: "Engine/Content/Slate/Starship/SourceControl/RC_StatusLocalUpToDate.svg" offset: 14605004, size: 872 bytes, sha1: 397D80958DF06D8D8B8DDD4A0AC04571B2AAD666, compression: None.
LogPakFile: Display: "Engine/Content/Slate/Starship/SourceControl/RC_StatusRemoteDownload.svg" offset: 14606336, size: 446 bytes, sha1: 981D91249D372B87F1AEF511CEBBD541513B6639, compression: None.
LogPakFile: Display: "Engine/Content/Slate/Starship/SourceControl/RC_StatusRemoteUpToDate.svg" offset: 14606835, size: 858 bytes, sha1: EC13CC21481CD292211F30A2A971045740BBC2D0, compression: None.
LogPakFile: Display: "Engine/Content/Slate/Starship/SourceControl/RC_Sync.svg" offset: 14607746, size: 377 bytes, sha1: 149801B0E4B04407601100BAF6FF2F5450CD6D16, compression: None.
LogPakFile: Display: "Engine/Content/Slate/Starship/SourceControl/RC_SyncAndCheckOut.svg" offset: 14608384, size: 435 bytes, sha1: 76D1F79789910D2B4FB00A7B4321C4A4B1F24E06, compression: None.
LogPakFile: Display: "Engine/Content/Slate/Starship/SourceControl/RC_VerticalLine.svg" offset: 14608872, size: 162 bytes, sha1: 81C37CA96645B98B6C4D9F7D8AD5B3E4D64BAE7F, compression: None.
LogPakFile: Display: "Engine/Content/Slate/Starship/SourceControl/RC_VerticalLineDashed.svg" offset: 14609087, size: 479 bytes, sha1: A0225665DA77EEA2E72EEF46BF849C5CA80DCF98, compression: None.
LogPakFile: Display: "Engine/Content/Slate/Starship/SourceControl/RC_VerticalLineEnd.svg" offset: 14609619, size: 573 bytes, sha1: BC573D9E1F9C4A6E32598AC1AECE318A3671AD40, compression: None.
LogPakFile: Display: "Engine/Content/Slate/Starship/SourceControl/RC_VerticalLineStart.svg" offset: 14610432, size: 239 bytes, sha1: D3BB1D110A3143FA8CBD20ECC62B681A62CCF533, compression: None.
LogPakFile: Display: "Engine/Content/Slate/Starship/SourceControl/SCC_Action_Diff.svg" offset: 14610724, size: 210 bytes, sha1: 10D0EA79DDF301579A2819FDAD51B5862CFC44FF, compression: None.
LogPakFile: Display: "Engine/Content/Slate/Starship/SourceControl/SCC_Action_Integrate.svg" offset: 14610987, size: 312 bytes, sha1: CE5DDCE6F4BE125ECB57BD9007E0119C2090784A, compression: None.
LogPakFile: Display: "Engine/Content/Slate/Starship/SourceControl/SCC_Branched.svg" offset: 14611352, size: 629 bytes, sha1: 56DF48459B77CA343E41E34B435B052F2D5B1E6E, compression: None.
LogPakFile: Display: "Engine/Content/Slate/Starship/SourceControl/SCC_Changelist.svg" offset: 14612034, size: 146 bytes, sha1: 6DADEB53C111D3843D6585CEEB83A6F00AD8C22E, compression: None.
LogPakFile: Display: "Engine/Content/Slate/Starship/SourceControl/SCC_CheckedOut.svg" offset: 14612480, size: 221 bytes, sha1: 49427D3DF3649ACBB89BC79A1689359F2C57DBFD, compression: None.
LogPakFile: Display: "Engine/Content/Slate/Starship/SourceControl/SCC_ContentAdd.svg" offset: 14612754, size: 291 bytes, sha1: 371D19B45A5F7B3AE1021072697F85B5ED112A6C, compression: None.
LogPakFile: Display: "Engine/Content/Slate/Starship/SourceControl/SCC_DlgCheckedOutOther.svg" offset: 14613098, size: 803 bytes, sha1: 7BAE6565C587FB77E2A61FF2DB17B38790B1D89B, compression: None.
LogPakFile: Display: "Engine/Content/Slate/Starship/SourceControl/SCC_DlgNotCurrent.svg" offset: 14614528, size: 653 bytes, sha1: 2DAB3830DDA7A1BBA95680F766DC7031C8C98085, compression: None.
LogPakFile: Display: "Engine/Content/Slate/Starship/SourceControl/SCC_DlgReadOnly.svg" offset: 14615234, size: 740 bytes, sha1: 19FDA3CAB355D106BC957A492619E047AD5BD62B, compression: Oodle.
LogPakFile: Display: "Engine/Content/Slate/Starship/SourceControl/SCC_Lock.svg" offset: 14616576, size: 1332 bytes, sha1: C21A4EAB04DE0C21378569AFE9D6809C623BE5BC, compression: Oodle.
LogPakFile: Display: "Engine/Content/Slate/Starship/SourceControl/SCC_MarkedForDelete.svg" offset: 14618624, size: 685 bytes, sha1: E48A3EBBBBA00C1E56E24F9428F3226EB62918C5, compression: None.
LogPakFile: Display: "Engine/Content/Slate/Starship/SourceControl/SCC_ModifiedOtherBranch.svg" offset: 14619362, size: 878 bytes, sha1: C0EF408E5EF17DB4252056C426275DD491564FAA, compression: None.
LogPakFile: Display: "Engine/Content/Slate/Starship/SourceControl/SCC_NotInDepot.svg" offset: 14620672, size: 741 bytes, sha1: D1B9E06686A75B503C0C9E0FD908A97A7B41E3B9, compression: Oodle.
LogPakFile: Display: "Engine/Content/Slate/Starship/SourceControl/SCC_Shelved.svg" offset: 14621486, size: 408 bytes, sha1: F57AE058CC82FFAC673312429514A2CB57B7078A, compression: None.
LogPakFile: Display: "Engine/Content/Slate/Starship/SourceControl/SourceControl.svg" offset: 14622720, size: 835 bytes, sha1: 94882E8A614E36E7BE1EAB76F5EB76729CEEFD02, compression: None.
LogPakFile: Display: "Engine/Content/Slate/Starship/SourceControl/Status/RevisionControl.svg" offset: 14623608, size: 847 bytes, sha1: FD27A8F1AE66C2193D2D9ACCD007A163A80E58F0, compression: None.
LogPakFile: Display: "Engine/Content/Slate/Starship/SourceControl/Status/RevisionControlBadgeConnected.svg" offset: 14624768, size: 741 bytes, sha1: 81ABC36C974166ADACC12125D5BF50F4A44B6ED2, compression: Oodle.
LogPakFile: Display: "Engine/Content/Slate/Starship/SourceControl/Status/RevisionControlBadgeWarning.svg" offset: 14625582, size: 914 bytes, sha1: 82B1B5A6126281FE5B15B56076AEA59998D68784, compression: Oodle.
LogPakFile: Display: "Engine/Content/Slate/Starship/StaticMeshEditor/DisabledOverlay_x16.png" offset: 14626569, size: 183 bytes, sha1: 9ADAC312285EBF7D39C097D2D4CB160A124AE9C0, compression: None.
LogPakFile: Display: "Engine/Content/Slate/Starship/StatusBar/drawer-shadow-bottom.png" offset: 14626816, size: 1693 bytes, sha1: 851471DF890BC64473996E5687099FFD3DBA3374, compression: Oodle.
LogPakFile: Display: "Engine/Content/Slate/Testing/BrushWireframe.png" offset: 14628864, size: 3282 bytes, sha1: E0B83BFB134ECFCEDBCDBABE6AB807AF275F4FF5, compression: None.
LogPakFile: Display: "Engine/Content/Slate/Testing/DefaultPawn_16px.png" offset: 14632960, size: 8444 bytes, sha1: B820600F881278B4CCFC958BAC30FF2AC4BB38C7, compression: Oodle.
LogPakFile: Display: "Engine/Content/Slate/Testing/FlatColorSquare.png" offset: 14643200, size: 2791 bytes, sha1: 53A6AA1F9D327C0909154731B6361F2548E13074, compression: None.
LogPakFile: Display: "Engine/Content/Slate/Testing/Hyperlink.png" offset: 14646044, size: 303 bytes, sha1: FDF13717A1DA6D22CF012E8DEF1D2C49C1D58A98, compression: None.
LogPakFile: Display: "Engine/Content/Slate/Testing/Lit.png" offset: 14647296, size: 3487 bytes, sha1: A2C963B78B38A4DF2ED7DC0E86BFB24B3F130F12, compression: None.
LogPakFile: Display: "Engine/Content/Slate/Testing/NewLevelBlank.png" offset: 14651392, size: 2748 bytes, sha1: D1D085886F8C38B56D0B6A37A1FFA7E969AD6F58, compression: Oodle.
LogPakFile: Display: "Engine/Content/Slate/Testing/TestRotation.png" offset: 14654213, size: 854 bytes, sha1: 08A997B7E86C69129C91D02F76456E092513F752, compression: None.
LogPakFile: Display: "Engine/Content/Slate/Testing/Unlit.png" offset: 14655488, size: 3440 bytes, sha1: 5651B6C1FD31023B4D1FCA603263EC84D18983B1, compression: None.
LogPakFile: Display: "Engine/Content/Slate/Testing/Wireframe.png" offset: 14659584, size: 3368 bytes, sha1: 9CA3F5A457FF0AF99151A9D93C497163CC5CFF9C, compression: None.
LogPakFile: Display: "Engine/Content/Slate/Tutorials/TutorialBorder.png" offset: 14663680, size: 992 bytes, sha1: F919D76FECC22BAB4E548A4FB268A50017A57918, compression: Oodle.
LogPakFile: Display: "Engine/Content/Slate/Tutorials/TutorialShadow.png" offset: 14665728, size: 957 bytes, sha1: 91B2089066B0628D8EDD04322D311836FAE1D1ED, compression: None.
LogPakFile: Display: "Engine/GlobalShaderCache-PCD3D_SM6.bin" offset: 14667776, size: 463842 bytes, sha1: 98AF43A2034311858DB294D579B771A804219968, compression: Oodle.
LogPakFile: Display: "Engine/Plugins/2D/Paper2D/Config/DefaultPaper2D.ini" offset: 15132672, size: 753 bytes, sha1: 3D406750A99C7E66FA49C2B2E65BB602118B9F0B, compression: None.
LogPakFile: Display: "Engine/Plugins/2D/Paper2D/Paper2D.uplugin" offset: 15133478, size: 1012 bytes, sha1: 4124FCE4C697610906F714E4842129D49A8B87BC, compression: None.
LogPakFile: Display: "Engine/Plugins/AI/AISupport/AISupport.uplugin" offset: 15134720, size: 625 bytes, sha1: 72D9021AB56CBF606A54AFB1F17B198B1512BED0, compression: None.
LogPakFile: Display: "Engine/Plugins/AI/EnvironmentQueryEditor/EnvironmentQueryEditor.uplugin" offset: 15135398, size: 678 bytes, sha1: 754393A99921E5D1515420700DAD08DB5CB02834, compression: None.
LogPakFile: Display: "Engine/Plugins/Animation/ACLPlugin/ACLPlugin.uplugin" offset: 15136768, size: 697 bytes, sha1: A137460720FA664B04174E40336FDB39544BBF08, compression: None.
LogPakFile: Display: "Engine/Plugins/Animation/ACLPlugin/Config/FilterPlugin.ini" offset: 15137518, size: 43 bytes, sha1: A996710B9AC618A3157CEC095BB3663572074F8E, compression: None.
LogPakFile: Display: "Engine/Plugins/Animation/AnimationData/AnimationData.uplugin" offset: 15137614, size: 577 bytes, sha1: 702402901140FBEDC9B21D01FA7066F6F31B0775, compression: None.
LogPakFile: Display: "Engine/Plugins/Animation/AnimatorKit/AnimatorKit.uplugin" offset: 15138816, size: 1021 bytes, sha1: 9BDDD5F4545841858F4DDE87FD54BE6D8E1ACAD5, compression: None.
LogPakFile: Display: "Engine/Plugins/Animation/AnimatorKit/Config/Editor.ini" offset: 15139890, size: 703 bytes, sha1: 536D802272517ABBD4D9A426C940AD6B091EB77E, compression: None.
LogPakFile: Display: "Engine/Plugins/Animation/ControlRig/Config/DefaultControlRig.ini" offset: 15140864, size: 4718 bytes, sha1: E187E8707D8141203E194C70A93D8CB72F72B18E, compression: Oodle.
LogPakFile: Display: "Engine/Plugins/Animation/ControlRig/ControlRig.uplugin" offset: 15145655, size: 497 bytes, sha1: D8A3AAFCA69110077EBEEF246FF81DAA347FE9FB, compression: Oodle.
LogPakFile: Display: "Engine/Plugins/Animation/ControlRigModules/ControlRigModules.uplugin" offset: 15147008, size: 799 bytes, sha1: 7AB7C1219B84EFBAC06BA216C4B2E2713B456290, compression: None.
LogPakFile: Display: "Engine/Plugins/Animation/ControlRigSpline/ControlRigSpline.uplugin" offset: 15147860, size: 688 bytes, sha1: 016E77DE263CD623FE941F05CC061A7993D06733, compression: None.
LogPakFile: Display: "Engine/Plugins/Animation/DeformerGraph/Config/DefaultDeformerGraph.ini" offset: 15149056, size: 607 bytes, sha1: E99E6005CD8988B110067DC31E88001E80BBDFA7, compression: Oodle.
LogPakFile: Display: "Engine/Plugins/Animation/DeformerGraph/Config/Editor.ini" offset: 15149736, size: 93 bytes, sha1: A43D8F6A5F8A0824AD877CBAA5BD85D1A4F61FE0, compression: None.
LogPakFile: Display: "Engine/Plugins/Animation/DeformerGraph/DeformerGraph.uplugin" offset: 15149882, size: 967 bytes, sha1: 4A4D843E50C873E5C8333D5B04759EC8C0E70207, compression: None.
LogPakFile: Display: "Engine/Plugins/Animation/EaseCurveTool/EaseCurveTool.uplugin" offset: 15151104, size: 591 bytes, sha1: 63527DF34746F4750EC96C2CF2E87408DDBF5A94, compression: None.
LogPakFile: Display: "Engine/Plugins/Animation/GameplayInsights/GameplayInsights.uplugin" offset: 15151748, size: 470 bytes, sha1: 1B16AA213EF7F163B4B01F2C2FB428CF789B8E49, compression: Oodle.
LogPakFile: Display: "Engine/Plugins/Animation/IKRig/Config/DefaultIKRig.ini" offset: 15152291, size: 634 bytes, sha1: 5EF04FD6A709E0EF2C0796BC724C221F8C5C7E42, compression: None.
LogPakFile: Display: "Engine/Plugins/Animation/IKRig/IKRig.uplugin" offset: 15153152, size: 475 bytes, sha1: 8942C1FFA8CEDB5C437955C2A94CD68C8898DB8F, compression: Oodle.
LogPakFile: Display: "Engine/Plugins/Animation/PhysicsControl/Config/DefaultPhysicsControl.ini" offset: 15153700, size: 302 bytes, sha1: F483846BEA5F34C8021F4100A851348F79AB5458, compression: Oodle.
LogPakFile: Display: "Engine/Plugins/Animation/PhysicsControl/PhysicsControl.uplugin" offset: 15154075, size: 856 bytes, sha1: 23AE938599CA143F7F3B8A4C3042475F5AB8931B, compression: None.
LogPakFile: Display: "Engine/Plugins/Animation/RigLogic/Config/DefaultRigLogic.ini" offset: 15154984, size: 157 bytes, sha1: E581AEAB58421C355DAD8C58C5A4E8383AAD0CB9, compression: None.
LogPakFile: Display: "Engine/Plugins/Animation/RigLogic/RigLogic.uplugin" offset: 15155200, size: 477 bytes, sha1: 97ACF9BBAD1F964CEB8B356E140BFDC2E5E0D008, compression: Oodle.
LogPakFile: Display: "Engine/Plugins/Animation/SkeletalMeshModelingTools/SkeletalMeshModelingTools.uplugin" offset: 15155750, size: 803 bytes, sha1: BD1A1ED7829B68678401FAB1F3EA400C33E501EC, compression: None.
LogPakFile: Display: "Engine/Plugins/Animation/TweeningUtils/TweeningUtils.uplugin" offset: 15157248, size: 595 bytes, sha1: A6AEF50E5BAD6D9438AFF80A2FB595A38E117497, compression: None.
LogPakFile: Display: "Engine/Plugins/AudioInsights/AudioInsights.uplugin" offset: 15157896, size: 854 bytes, sha1: BEA93BF87BE92F14C6AF8E19AB7A0C92B71BC8AE, compression: None.
LogPakFile: Display: "Engine/Plugins/AudioInsightsRuntime/AudioInsightsRuntime.uplugin" offset: 15159296, size: 591 bytes, sha1: B17408670F40BAC353B9F0934248BDF1221AC041, compression: None.
LogPakFile: Display: "Engine/Plugins/AudioModulationInsights/AudioModulationInsights.uplugin" offset: 15159940, size: 762 bytes, sha1: 1B148297230038D2F51DBB53434997C78AB33B77, compression: None.
LogPakFile: Display: "Engine/Plugins/BaseMaterial/BaseMaterial.uplugin" offset: 15160755, size: 443 bytes, sha1: F71F79E9A4D4D3ABE65CA95D3F3339210F1BE2D8, compression: None.
LogPakFile: Display: "Engine/Plugins/Bridge/Bridge.uplugin" offset: 15161344, size: 923 bytes, sha1: 3440E277BA19EBE550AAD6C3F27413C5DC29D433, compression: None.
LogPakFile: Display: "Engine/Plugins/Bridge/Config/FilterPlugin.ini" offset: 15162320, size: 46 bytes, sha1: 69CBF251431CABF0339410BC765B44CA8CB3F170, compression: None.
LogPakFile: Display: "Engine/Plugins/Bridge/Config/FilterPluginLinux.ini" offset: 15162419, size: 42 bytes, sha1: D27FBC3C394F17629F41638F2853033A528E96A9, compression: None.
LogPakFile: Display: "Engine/Plugins/Bridge/Config/FilterPluginMac.ini" offset: 15162514, size: 40 bytes, sha1: B70423D07C28C851431E50C1766C1B20CABB20C0, compression: None.
LogPakFile: Display: "Engine/Plugins/Bridge/Config/FilterPluginWin64.ini" offset: 15162607, size: 40 bytes, sha1: D6E189A23A99D05C8FD0C47FFA65DD3EFEB54748, compression: None.
LogPakFile: Display: "Engine/Plugins/Cameras/CameraShakePreviewer/CameraShakePreviewer.uplugin" offset: 15163392, size: 711 bytes, sha1: 65275C4342D68A874C97B4A746257941B05F841D, compression: None.
LogPakFile: Display: "Engine/Plugins/Cameras/EngineCameras/EngineCameras.uplugin" offset: 15164156, size: 568 bytes, sha1: 07BD104DF5E3CC7AB3704FA02953D256E3E3B570, compression: None.
LogPakFile: Display: "Engine/Plugins/Cameras/GameplayCameras/Config/DefaultGameplayCameras.ini" offset: 15165440, size: 765 bytes, sha1: 216462675A70B4207229644E62309DB1183F799B, compression: Oodle.
LogPakFile: Display: "Engine/Plugins/Cameras/GameplayCameras/GameplayCameras.uplugin" offset: 15166278, size: 960 bytes, sha1: 82AF3D6224C7FC8A36E72F0D4E163B140CE3A5B7, compression: None.
LogPakFile: Display: "Engine/Plugins/ChaosCloth/ChaosCloth.uplugin" offset: 15167488, size: 742 bytes, sha1: F7FA12E20873234F7211DDF33C5D43442A0620D2, compression: None.
LogPakFile: Display: "Engine/Plugins/ChaosVD/ChaosVD.uplugin" offset: 15168283, size: 506 bytes, sha1: 672E6B1E03DBB0AA7932B96FA910831213CB9FBC, compression: Oodle.
LogPakFile: Display: "Engine/Plugins/ChaosVD/Config/ConfigRedirects.ini" offset: 15168862, size: 323 bytes, sha1: B75D45CE6DCBE6F8272FC3EBE49725B7BFFBCDCE, compression: None.
LogPakFile: Display: "Engine/Plugins/ChaosVD/Config/DefaultChaosVD.ini" offset: 15169536, size: 638 bytes, sha1: F1747676FC618D6F8CED563693B284B4E53259EA, compression: None.
LogPakFile: Display: "Engine/Plugins/ChaosVD/Config/Engine.ini" offset: 15170227, size: 611 bytes, sha1: BED91446DB645B46991EC8AB2933AB26A450F60E, compression: None.
LogPakFile: Display: "Engine/Plugins/Compositing/CompositeCore/CompositeCore.uplugin" offset: 15170891, size: 640 bytes, sha1: 43D7DD6F5C7EF4FB76DDDF41C92C607D4D7ACF58, compression: None.
LogPakFile: Display: "Engine/Plugins/Compositing/CompositeCore/Config/DefaultCompositeCore.ini" offset: 15171584, size: 619 bytes, sha1: 0B0C30AC4F78703A34FA7571EA1CD14E1278E22B, compression: None.
LogPakFile: Display: "Engine/Plugins/Compression/OodleNetwork/OodleNetwork.uplugin" offset: 15172256, size: 514 bytes, sha1: 6394F5DD7ADDF26FF5EE2B145F449325971B65B4, compression: None.
LogPakFile: Display: "Engine/Plugins/Dataflow/Dataflow.uplugin" offset: 15172823, size: 557 bytes, sha1: 62127BEC850B632AF9B0DF6BF44D7F7BA49219CC, compression: Oodle.
LogPakFile: Display: "Engine/Plugins/Developer/AnimationSharing/AnimationSharing.uplugin" offset: 15173632, size: 779 bytes, sha1: A6879C351CEB4EFE9972C18E65320BE5A8ED512C, compression: None.
LogPakFile: Display: "Engine/Plugins/Developer/Concert/ConcertMain/ConcertMain.uplugin" offset: 15174464, size: 520 bytes, sha1: 8538D2724562F4DCB4DD31A775EAEBB65E4A2ED6, compression: Oodle.
LogPakFile: Display: "Engine/Plugins/Developer/Concert/ConcertSync/ConcertSyncClient/ConcertSyncClient.uplugin" offset: 15175680, size: 827 bytes, sha1: 1FD6B4314A4C2CDF0EBA64A4270A83F2FAA330D4, compression: None.
LogPakFile: Display: "Engine/Plugins/Developer/Concert/ConcertSync/ConcertSyncCore/ConcertSyncCore.uplugin" offset: 15176560, size: 553 bytes, sha1: 89EC89B967F0CA4C34D5857255BA3F1D4DA537F0, compression: Oodle.
LogPakFile: Display: "Engine/Plugins/Developer/Concert/ConcertSync/ConcertSyncCore/Config/DefaultConcertSyncCore.ini" offset: 15177728, size: 718 bytes, sha1: CFC362074D05937BDFD3D6D9C87983BF7308AEFD, compression: Oodle.
LogPakFile: Display: "Engine/Plugins/Developer/Concert/ConcertUI/ConcertSharedSlate/ConcertSharedSlate.uplugin" offset: 15178519, size: 1003 bytes, sha1: FC44EAEF8F8709C6F818DB54698CAFC02CE2788C, compression: None.
LogPakFile: Display: "Engine/Plugins/Developer/DumpGPUServices/DumpGPUServices.uplugin" offset: 15179776, size: 664 bytes, sha1: CD3A64E747754196452D360EC99E75EF7643AC21, compression: None.
LogPakFile: Display: "Engine/Plugins/Developer/GPUReshape/GPUReshape.uplugin" offset: 15180493, size: 524 bytes, sha1: C567224A4E126BB35F1DD12540A7FA815113A840, compression: None.
LogPakFile: Display: "Engine/Plugins/Developer/NamingTokens/NamingTokens.uplugin" offset: 15181824, size: 892 bytes, sha1: 8FF115FF0142F5ACDDE130EB330E0FAC29E743DF, compression: None.
LogPakFile: Display: "Engine/Plugins/Developer/PixWinPlugin/PixWinPlugin.uplugin" offset: 15182769, size: 556 bytes, sha1: DB724ECAD53C2DFB0A45FE1E615D90542D1C10F4, compression: None.
LogPakFile: Display: "Engine/Plugins/Developer/PluginUtils/PluginUtils.uplugin" offset: 15183872, size: 745 bytes, sha1: E0F4C0650E6DDF217CD0600CF7F89E5232023D1F, compression: None.
LogPakFile: Display: "Engine/Plugins/Developer/ProjectLauncher/ProjectLauncher.uplugin" offset: 15184670, size: 986 bytes, sha1: 518F2F324E51F37D112FA4AE16B4E2D83C18E6FC, compression: None.
LogPakFile: Display: "Engine/Plugins/Developer/RenderDocPlugin/RenderDocPlugin.uplugin" offset: 15185920, size: 568 bytes, sha1: C67BEC78E47BAF9713F002AB6E2490119A5DA3B2, compression: None.
LogPakFile: Display: "Engine/Plugins/Developer/Sandbox/FileSandbox/FileSandbox.uplugin" offset: 15186541, size: 644 bytes, sha1: E9C36B96F6E2DFB18642DE7F48D98EC8968E0873, compression: None.
LogPakFile: Display: "Engine/Plugins/Developer/UObjectPlugin/UObjectPlugin.uplugin" offset: 15187238, size: 636 bytes, sha1: 668DEDC472227E77EA8506C8761AF2079D77A96A, compression: None.
LogPakFile: Display: "Engine/Plugins/Editor/AssetManagerEditor/AssetManagerEditor.uplugin" offset: 15187968, size: 672 bytes, sha1: 8F58863B8A9438E643F8EF398FAEEAF3F05687C0, compression: None.
LogPakFile: Display: "Engine/Plugins/Editor/AssetReferenceRestrictions/AssetReferenceRestrictions.uplugin" offset: 15188693, size: 679 bytes, sha1: AF3C3A70997C005E074B9F51953B81604524E996, compression: None.
LogPakFile: Display: "Engine/Plugins/Editor/BlueprintHeaderView/BlueprintHeaderView.uplugin" offset: 15190016, size: 615 bytes, sha1: 6B2877F80BA523BFB39E3423376DA56344BA1637, compression: None.
LogPakFile: Display: "Engine/Plugins/Editor/BlueprintMaterialTextureNodes/BlueprintMaterialTextureNodes.uplugin" offset: 15190684, size: 674 bytes, sha1: A34184A43B300B98E0942B4A2A57CC63B048396E, compression: None.
LogPakFile: Display: "Engine/Plugins/Editor/ColorGrading/ColorGrading.uplugin" offset: 15191411, size: 596 bytes, sha1: 7C04F60DA61F5FCCBBDDFBF802672756A581F3D0, compression: None.
LogPakFile: Display: "Engine/Plugins/Editor/ConsoleVariablesEditor/Config/DefaultConsoleVariables.ini" offset: 15192064, size: 172 bytes, sha1: 65C237E80F5AD62C959E61635194FE1E347D9734, compression: None.
LogPakFile: Display: "Engine/Plugins/Editor/ConsoleVariablesEditor/ConsoleVariables.uplugin" offset: 15192289, size: 979 bytes, sha1: EDE645F28C47857696B86AE95FB1D291D6270B66, compression: None.
LogPakFile: Display: "Engine/Plugins/Editor/ContentBrowser/ContentBrowserAssetDataSource/ContentBrowserAssetDataSource.uplugin" offset: 15193321, size: 683 bytes, sha1: 53380D5011DC38AD2E7DF12A7F59EF61AFA9F030, compression: None.
LogPakFile: Display: "Engine/Plugins/Editor/CurveEditorTools/CurveEditorTools.uplugin" offset: 15194112, size: 623 bytes, sha1: 602A9D22D5C59A8180D194EF7AF92DEEC3CE19C3, compression: None.
LogPakFile: Display: "Engine/Plugins/Editor/DataValidation/DataValidation.uplugin" offset: 15194788, size: 554 bytes, sha1: 3D9A41D84CAC8B84C900C7E1CA09C08974F9C169, compression: None.
LogPakFile: Display: "Engine/Plugins/Editor/EditorScriptingUtilities/Config/DefaultEditorScriptingUtilities.ini" offset: 15195395, size: 317 bytes, sha1: FDBEAA2CD9C19A425FCC2E8C5274E4DC1D9A2B99, compression: Oodle.
LogPakFile: Display: "Engine/Plugins/Editor/EditorScriptingUtilities/EditorScriptingUtilities.uplugin" offset: 15196160, size: 625 bytes, sha1: 31C4B3F89894A787F922E89A297A6EF3F06C6518, compression: None.
LogPakFile: Display: "Engine/Plugins/Editor/EngineAssetDefinitions/EngineAssetDefinitions.uplugin" offset: 15196838, size: 537 bytes, sha1: 4E180FD271841B24BD07BF9C12F2A1FBB66686B7, compression: None.
LogPakFile: Display: "Engine/Plugins/Editor/FacialAnimation/FacialAnimation.uplugin" offset: 15198208, size: 739 bytes, sha1: 03A858A669A8DC89640016486D0913F2ED0BDDC7, compression: None.
LogPakFile: Display: "Engine/Plugins/Editor/GameplayTagsEditor/GameplayTagsEditor.uplugin" offset: 15199000, size: 637 bytes, sha1: 0CDB11983E41EDD5B70642C6A6C7EC3992A0AFBB, compression: None.
LogPakFile: Display: "Engine/Plugins/Editor/GeometryMode/GeometryMode.uplugin" offset: 15200256, size: 689 bytes, sha1: 178559BF8CB89938AD1397E0D2D1F4A7A3B13DCF, compression: None.
LogPakFile: Display: "Engine/Plugins/Editor/MaterialAssetWizard/MaterialAssetWizard.uplugin" offset: 15200998, size: 683 bytes, sha1: FFD512D35B442ADAB4F3AAFA4328C6C8AC94861D, compression: None.
LogPakFile: Display: "Engine/Plugins/Editor/ObjectMixer/LightMixer/LightMixer.uplugin" offset: 15202304, size: 630 bytes, sha1: FEF8D6A8A79891F3CBF3931A04F399FBF59ED49D, compression: None.
LogPakFile: Display: "Engine/Plugins/Editor/ObjectMixer/ObjectMixer/ObjectMixer.uplugin" offset: 15202987, size: 650 bytes, sha1: B3228C60DFEC57A5490286D5014D847290BAC63C, compression: None.
LogPakFile: Display: "Engine/Plugins/Editor/ProxyLODPlugin/ProxyLODPlugin.uplugin" offset: 15204352, size: 615 bytes, sha1: 3DABA40F3AACF9B08E2708F2960D9AFB4E9C5FD6, compression: None.
LogPakFile: Display: "Engine/Plugins/Editor/SequencerAnimTools/SequencerAnimTools.uplugin" offset: 15205020, size: 759 bytes, sha1: 7E802EC87031FDD69C91899D161A46800D289146, compression: None.
LogPakFile: Display: "Engine/Plugins/Editor/SpeedTreeImporter/SpeedTreeImporter.uplugin" offset: 15206400, size: 524 bytes, sha1: 5763583E8AF38C6DBFD6D8EC0FF35B61BAB7C1E2, compression: None.
LogPakFile: Display: "Engine/Plugins/Editor/UMGWidgetPreview/UMGWidgetPreview.uplugin" offset: 15206977, size: 647 bytes, sha1: 19469C4395000514A5AA698D6221790CA9A15BBD, compression: None.
LogPakFile: Display: "Engine/Plugins/Editor/UVEditor/UVEditor.uplugin" offset: 15208448, size: 975 bytes, sha1: F2FA34F0C2D8070F945CA3972848DCC16A125D71, compression: None.
LogPakFile: Display: "Engine/Plugins/EnhancedInput/Config/DefaultEnhancedInput.ini" offset: 15209476, size: 476 bytes, sha1: 84244BBE3AD863388448ECCCA594A23BE9827C46, compression: Oodle.
LogPakFile: Display: "Engine/Plugins/EnhancedInput/Config/Input.ini" offset: 15210496, size: 564 bytes, sha1: 2F5BBE637E7708F75AA7EB2C2FAE087DFB3BE877, compression: None.
LogPakFile: Display: "Engine/Plugins/EnhancedInput/EnhancedInput.uplugin" offset: 15211113, size: 872 bytes, sha1: 297E456AC2E044206E63335E2A531FC354C480F2, compression: None.
LogPakFile: Display: "Engine/Plugins/Enterprise/DatasmithContent/Config/DefaultDatasmithContent.ini" offset: 15212544, size: 645 bytes, sha1: 09D7FACF4F63B9B00C962978C28552578B2C3430, compression: Oodle.
LogPakFile: Display: "Engine/Plugins/Enterprise/DatasmithContent/DatasmithContent.uplugin" offset: 15213262, size: 776 bytes, sha1: 71B98EB4F102198243ED53AA1F36BC9D2ED05A94, compression: None.
LogPakFile: Display: "Engine/Plugins/Enterprise/GLTFExporter/Config/DefaultGLTFExporter.ini" offset: 15214091, size: 110 bytes, sha1: ABE339199DA4DDC1BBEBD02C4C7F5735F3FEBFC3, compression: None.
LogPakFile: Display: "Engine/Plugins/Enterprise/GLTFExporter/Config/FilterPlugin.ini" offset: 15214254, size: 31 bytes, sha1: EDE428AC242CAF1D0B8169B4A4076BC541B4DEFA, compression: None.
LogPakFile: Display: "Engine/Plugins/Enterprise/GLTFExporter/GLTFExporter.uplugin" offset: 15214592, size: 798 bytes, sha1: 96667B5F83E3FA10B52B6861ED6DC83F30EB9859, compression: None.
LogPakFile: Display: "Engine/Plugins/Enterprise/VariantManager/VariantManager.uplugin" offset: 15215443, size: 675 bytes, sha1: 59A701D20BB1D071E2CB43900A573CE5597675C7, compression: None.
LogPakFile: Display: "Engine/Plugins/Enterprise/VariantManagerContent/Config/DefaultVariantManagerContent.ini" offset: 15216171, size: 163 bytes, sha1: B280956857EE0E4DB4EEE9FBF3A016D29749BE8B, compression: None.
LogPakFile: Display: "Engine/Plugins/Enterprise/VariantManagerContent/VariantManagerContent.uplugin" offset: 15216640, size: 734 bytes, sha1: E39D2D014FDE9295D0F5B5FD766F94CC83AB7BEA, compression: None.
LogPakFile: Display: "Engine/Plugins/Experimental/Animation/Scribble/Config/DefaultScribble.ini" offset: 15217427, size: 3 bytes, sha1: 57218C316B6921E2CD61027A2387EDC31A2D9471, compression: None.
LogPakFile: Display: "Engine/Plugins/Experimental/Animation/Scribble/Scribble.uplugin" offset: 15217483, size: 640 bytes, sha1: EB0E4B90F4954BF0EDAF276A1E080D537B29B028, compression: None.
LogPakFile: Display: "Engine/Plugins/Experimental/AutomationUtils/AutomationUtils.uplugin" offset: 15218688, size: 657 bytes, sha1: D8AF8D825C3BAEB63BC9F39C9AFFC61B2D578DAA, compression: None.
LogPakFile: Display: "Engine/Plugins/Experimental/BackChannel/BackChannel.uplugin" offset: 15219398, size: 522 bytes, sha1: C7F5FA51F9CF9D07BB54C8C4293E1B519F94C924, compression: None.
LogPakFile: Display: "Engine/Plugins/Experimental/Buoyancy/Buoyancy.uplugin" offset: 15220736, size: 717 bytes, sha1: 163963120FBFBC8D17850205776CBE5CD599964D, compression: None.
LogPakFile: Display: "Engine/Plugins/Experimental/ChaosCaching/ChaosCaching.uplugin" offset: 15221506, size: 747 bytes, sha1: 504D934F0031D4224748B8CE89FD7320DB1D184E, compression: None.
LogPakFile: Display: "Engine/Plugins/Experimental/ChaosEditor/ChaosEditor.uplugin" offset: 15222784, size: 882 bytes, sha1: 0BFF42677D75BEA11F678C0D3CF170ABA272F631, compression: None.
LogPakFile: Display: "Engine/Plugins/Experimental/ChaosNiagara/ChaosNiagara.uplugin" offset: 15223719, size: 686 bytes, sha1: C1C9AE76FB2543E6E1B61496A55C04E2E442EB93, compression: None.
LogPakFile: Display: "Engine/Plugins/Experimental/ChaosSolverPlugin/ChaosSolverPlugin.uplugin" offset: 15224832, size: 572 bytes, sha1: 8BF253776E2728E96ED4B79023B4B7C909DF2295, compression: None.
LogPakFile: Display: "Engine/Plugins/Experimental/ChaosUserDataPT/ChaosUserDataPT.uplugin" offset: 15225457, size: 565 bytes, sha1: DEAD3B14E0DB1CB4C898C8742EF4DA94B6F287F9, compression: None.
LogPakFile: Display: "Engine/Plugins/Experimental/CharacterAI/CharacterAI.uplugin" offset: 15226075, size: 578 bytes, sha1: 8E3DB38A6064B1F55A7E39B460784448589C0A71, compression: None.
LogPakFile: Display: "Engine/Plugins/Experimental/ControlRigPhysics/Config/DefaultControlRigPhysics.ini" offset: 15226880, size: 161 bytes, sha1: A2A33A21A9466AEAF54F74039E1104B8DEB09217, compression: None.
LogPakFile: Display: "Engine/Plugins/Experimental/ControlRigPhysics/ControlRigPhysics.uplugin" offset: 15227094, size: 816 bytes, sha1: 070CC7396D51C726F6938FC3CC784A264ADF8F4E, compression: None.
LogPakFile: Display: "Engine/Plugins/Experimental/EditorDataStorage/EditorDataStorage.uplugin" offset: 15227963, size: 748 bytes, sha1: 7F509F1074F831E9AF57AFBCD4292C7894299981, compression: None.
LogPakFile: Display: "Engine/Plugins/Experimental/EditorDataStorageFeatures/EditorDataStorageFeatures.uplugin" offset: 15228928, size: 575 bytes, sha1: 6F012B23C7372D7BDC271463BA89FD5E9BBB0B88, compression: Oodle.
LogPakFile: Display: "Engine/Plugins/Experimental/EditorPerformance/EditorPerformance.uplugin" offset: 15229576, size: 839 bytes, sha1: 950CB289616B219E9147D6063065857335A3B651, compression: None.
LogPakFile: Display: "Engine/Plugins/Experimental/EditorTRSGizmo/EditorTRSGizmo.uplugin" offset: 15230976, size: 524 bytes, sha1: 0ACA48C319D43D24E1658A3C771403B2CDC4F331, compression: None.
LogPakFile: Display: "Engine/Plugins/Experimental/Fracture/Fracture.uplugin" offset: 15231553, size: 583 bytes, sha1: 36E3CE689925071E0127297D9D6187D09F7723E1, compression: None.
LogPakFile: Display: "Engine/Plugins/Experimental/FullBodyIK/Config/DefaultFullBodyIK.ini" offset: 15232189, size: 125 bytes, sha1: 83EDFE112D3047E5FAB9946C9335BA4FA035C6E1, compression: None.
LogPakFile: Display: "Engine/Plugins/Experimental/FullBodyIK/FullBodyIK.uplugin" offset: 15233024, size: 632 bytes, sha1: BF3CEBCECC770E9B0886525147F929B6753DCBF0, compression: None.
LogPakFile: Display: "Engine/Plugins/Experimental/GeometryCollectionPlugin/GeometryCollectionPlugin.uplugin" offset: 15233709, size: 509 bytes, sha1: FA06EF8F3D09E4D87EA1CCD55655118C5E60E9CC, compression: Oodle.
LogPakFile: Display: "Engine/Plugins/Experimental/GeometryDataflow/GeometryDataflow.uplugin" offset: 15235072, size: 815 bytes, sha1: DE474DBE05F4BB24EC2D30DC014868608C351E51, compression: None.
LogPakFile: Display: "Engine/Plugins/Experimental/GizmoFramework/GizmoFramework.uplugin" offset: 15235940, size: 521 bytes, sha1: F0DE862F39C1749BC1DA65AF9D9B6EAE9DED8E00, compression: None.
LogPakFile: Display: "Engine/Plugins/Experimental/GlobalConfigurationData/GlobalConfigurationData.uplugin" offset: 15237120, size: 822 bytes, sha1: 38C54099B07C1192DF7B7953CED1C1B0A7D5E004, compression: None.
LogPakFile: Display: "Engine/Plugins/Experimental/InterchangeAxF/Assets/Config/DefaultInterchangeAxFAssets.ini" offset: 15237995, size: 862 bytes, sha1: 110CD77BF588FFAF2AECD653C4158E8F2AEDA782, compression: Oodle.
LogPakFile: Display: "Engine/Plugins/Experimental/InterchangeAxF/Assets/Config/FilterPlugin.ini" offset: 15238930, size: 19 bytes, sha1: EECAB0BC2978E70526CB6AC9270714259C547B52, compression: None.
LogPakFile: Display: "Engine/Plugins/Experimental/InterchangeAxF/Assets/InterchangeAxfAssets.uplugin" offset: 15239168, size: 689 bytes, sha1: 0EB79DB6D82ABF56FD2319A0208F87E6BA10DB74, compression: None.
LogPakFile: Display: "Engine/Plugins/Experimental/Landmass/Landmass.uplugin" offset: 15239910, size: 526 bytes, sha1: D987D2DFC31BDF3E7FF6592D45E689E19374B787, compression: None.
LogPakFile: Display: "Engine/Plugins/Experimental/LevelSequenceNavigatorBridge/LevelSequenceNavigatorBridge.uplugin" offset: 15241216, size: 759 bytes, sha1: 891683463052885245EA7F3D3593CE04EC31BB01, compression: None.
LogPakFile: Display: "Engine/Plugins/Experimental/LocalizableMessage/LocalizableMessage.uplugin" offset: 15242028, size: 711 bytes, sha1: 2F196A792FF566F21FDDE7F9BD529E4BF7F29ED4, compression: None.
LogPakFile: Display: "Engine/Plugins/Experimental/MutableAssetUserData/MutableAssetUserData.uplugin" offset: 15243264, size: 641 bytes, sha1: 48E624345E14C32FC10B4A161EF865BDD71A4CD3, compression: None.
LogPakFile: Display: "Engine/Plugins/Experimental/NFORDenoise/NFORDenoise.uplugin" offset: 15243958, size: 941 bytes, sha1: BEB3C0C5D83F525D1B15598A197666131BCA4EE1, compression: None.
LogPakFile: Display: "Engine/Plugins/Experimental/PlanarCutPlugin/PlanarCut.uplugin" offset: 15245312, size: 709 bytes, sha1: 18A8262D1038B4DB552D327E45A8650A5B40A73B, compression: None.
LogPakFile: Display: "Engine/Plugins/Experimental/PlatformCrypto/PlatformCrypto.uplugin" offset: 15246074, size: 577 bytes, sha1: 2D6C290F98BA494CE91446FEB6708CC28B12EB2F, compression: Oodle.
LogPakFile: Display: "Engine/Plugins/Experimental/PythonScriptPlugin/PythonScriptPlugin.uplugin" offset: 15247360, size: 1006 bytes, sha1: F9938FB650E01AC73CD45C01DDCB541EF8F78B85, compression: None.
LogPakFile: Display: "Engine/Plugins/Experimental/RuntimeTelemetry/RuntimeTelemetry.uplugin" offset: 15248419, size: 560 bytes, sha1: 57E2E28D657CF40EB6820042EDFA938B7C2B9F93, compression: None.
LogPakFile: Display: "Engine/Plugins/Experimental/ToolPresets/Config/DefaultToolPresets.ini" offset: 15249408, size: 325 bytes, sha1: C8230E7CACC0B0D442CA6780E9C8D59E3B1694ED, compression: Oodle.
LogPakFile: Display: "Engine/Plugins/Experimental/ToolPresets/ToolPresets.uplugin" offset: 15249806, size: 658 bytes, sha1: 68631607F12A3C9F5F8DDC65AA207889047B5727, compression: None.
LogPakFile: Display: "Engine/Plugins/Experimental/Water/Water.uplugin" offset: 15251456, size: 974 bytes, sha1: DC29BC9A9CB45DB1E05F7F97B8A0749178320029, compression: None.
LogPakFile: Display: "Engine/Plugins/Fab/Config/DefaultFab.ini" offset: 15252483, size: 540 bytes, sha1: 3853964656487F5D361C825E228B7A871D72369E, compression: Oodle.
LogPakFile: Display: "Engine/Plugins/Fab/Config/Engine.ini" offset: 15253096, size: 50 bytes, sha1: E89E5ED06C31F9FEA9BD6CA12C51E46C96EEB5DF, compression: None.
LogPakFile: Display: "Engine/Plugins/Fab/Config/FilterPlugin.ini" offset: 15253199, size: 88 bytes, sha1: B9BD82F039FE5C6501EEC77E5A0CCEE2005580D0, compression: None.
LogPakFile: Display: "Engine/Plugins/Fab/Config/FilterPluginLinux.ini" offset: 15253340, size: 61 bytes, sha1: 312497A561D14143E715927801079CBCFAFE1E44, compression: None.
LogPakFile: Display: "Engine/Plugins/Fab/Config/FilterPluginMac.ini" offset: 15253504, size: 153 bytes, sha1: 082572A4B9E1FB4713BC2E93BB1339A02B76E6B1, compression: None.
LogPakFile: Display: "Engine/Plugins/Fab/Config/FilterPluginWin64.ini" offset: 15253710, size: 59 bytes, sha1: 72020B497E89732FD9CF5CD865CFF683A631FE81, compression: None.
LogPakFile: Display: "Engine/Plugins/Fab/Fab.uplugin" offset: 15253822, size: 931 bytes, sha1: 117200F0773797981ACC627107249C563F6BB371, compression: None.
LogPakFile: Display: "Engine/Plugins/FX/Cascade/Cascade.uplugin" offset: 15254806, size: 613 bytes, sha1: F6D1D7DAAD6D57F7E6611C44650B383E10C16B8C, compression: None.
LogPakFile: Display: "Engine/Plugins/FX/Niagara/Config/DefaultNiagara.ini" offset: 15255552, size: 4989 bytes, sha1: 3C42C8CE09A7707E2A856E236DD2FED43AA902C4, compression: Oodle.
LogPakFile: Display: "Engine/Plugins/FX/Niagara/Niagara.uplugin" offset: 15260614, size: 481 bytes, sha1: 87973183F3B09E1CA9BD04F431E5ECDC42D611FE, compression: Oodle.
LogPakFile: Display: "Engine/Plugins/FX/NiagaraPreviewContent/NiagaraPreviewContent.uplugin" offset: 15261696, size: 541 bytes, sha1: 49913EC667CEB247163B1C1F6C1D0BC070FF9413, compression: None.
LogPakFile: Display: "Engine/Plugins/FX/NiagaraSimCaching/NiagaraSimCaching.uplugin" offset: 15262290, size: 938 bytes, sha1: 00E6D2FA0217F04A0D0539B98D56A135744ABDF0, compression: None.
LogPakFile: Display: "Engine/Plugins/Importers/AlembicImporter/AlembicImporter.uplugin" offset: 15263744, size: 894 bytes, sha1: F005040363CFDF5824C8B202BBB9383C2DC28B71, compression: None.
LogPakFile: Display: "Engine/Plugins/Interchange/Assets/Config/DefaultInterchangeAssets.ini" offset: 15265792, size: 1803 bytes, sha1: 16354B9B50A47C9987380C3199F45177201261E1, compression: Oodle.
LogPakFile: Display: "Engine/Plugins/Interchange/Assets/InterchangeAssets.uplugin" offset: 15267840, size: 710 bytes, sha1: 7D214721851E29A0E294D826D09C27BCFDD991F6, compression: None.
LogPakFile: Display: "Engine/Plugins/Interchange/Editor/InterchangeEditor.uplugin" offset: 15268603, size: 507 bytes, sha1: A76D807F48C370A937FEC82F18E7867510952C41, compression: Oodle.
LogPakFile: Display: "Engine/Plugins/Interchange/Runtime/Config/DefaultInterchange.ini" offset: 15269888, size: 1818 bytes, sha1: 0AA4759ED4AD914C549603720C0FFBDF5E7C595D, compression: Oodle.
LogPakFile: Display: "Engine/Plugins/Interchange/Runtime/Interchange.uplugin" offset: 15271936, size: 741 bytes, sha1: 8FA5EE82A5C3696ABAA2F9940C735A260D4FB1B6, compression: Oodle.
LogPakFile: Display: "Engine/Plugins/Media/AvfMedia/AvfMedia.uplugin" offset: 15272750, size: 580 bytes, sha1: C5045BA07CFB202B10028090AB87B1B3A70D4EDE, compression: Oodle.
LogPakFile: Display: "Engine/Plugins/Media/ImgMedia/ImgMedia.uplugin" offset: 15273984, size: 681 bytes, sha1: 7229C23496A1B384A30AC647A5D91BCC84F63B90, compression: Oodle.
LogPakFile: Display: "Engine/Plugins/Media/MediaCompositing/MediaCompositing.uplugin" offset: 15274738, size: 767 bytes, sha1: CF81EA8A228C921CAE3DF1CD2A54D25CC7713C8D, compression: None.
LogPakFile: Display: "Engine/Plugins/Media/MediaPlate/MediaPlate.uplugin" offset: 15276032, size: 499 bytes, sha1: ABB23FD7D1C789655A3A0FC0B7462EEAEB0B37C1, compression: Oodle.
LogPakFile: Display: "Engine/Plugins/Media/MP4Utilities/MP4Utilities.uplugin" offset: 15276604, size: 690 bytes, sha1: 0D463D895CB9A6603E34C0F38CF521F184953654, compression: None.
LogPakFile: Display: "Engine/Plugins/Media/TmvMedia/TmvMedia.uplugin" offset: 15277347, size: 577 bytes, sha1: E38C65D76CA1D034C89FE5C83F55B1B130C6B0FB, compression: Oodle.
LogPakFile: Display: "Engine/Plugins/Media/WebMMedia/WebMMedia.uplugin" offset: 15278080, size: 991 bytes, sha1: 0C7929A92617E02EE835B8A6353432BA504B62AF, compression: None.
LogPakFile: Display: "Engine/Plugins/Media/WmfMedia/WmfMedia.uplugin" offset: 15279124, size: 572 bytes, sha1: 2EA61BED28619BB05817845CE3378E107782EAAD, compression: Oodle.
LogPakFile: Display: "Engine/Plugins/MeshPainting/MeshPainting.uplugin" offset: 15280128, size: 909 bytes, sha1: F3B2223A24B1FE6A0306477F9A113A395FBD98B4, compression: None.
LogPakFile: Display: "Engine/Plugins/Messaging/TcpMessaging/TcpMessaging.uplugin" offset: 15281090, size: 840 bytes, sha1: 185FB30A1680D5A67F8EDD03138F75EE627191B9, compression: None.
LogPakFile: Display: "Engine/Plugins/Messaging/UdpMessaging/UdpMessaging.uplugin" offset: 15282176, size: 691 bytes, sha1: E2AA85EFC066F5C90D0868FE01DE39559FE31915, compression: Oodle.
LogPakFile: Display: "Engine/Plugins/MetaHuman/MetaHumanSDK/Config/DefaultMetaHumanSDK.ini" offset: 15282940, size: 665 bytes, sha1: CA8E35CBE8A9F3CCFE03D9FD5D044DFB4D9CD7F1, compression: Oodle.
LogPakFile: Display: "Engine/Plugins/MetaHuman/MetaHumanSDK/MetaHumanSDK.uplugin" offset: 15284224, size: 501 bytes, sha1: 6246D7AE136C82DE0A432614497F65F864199812, compression: Oodle.
LogPakFile: Display: "Engine/Plugins/MovieScene/ActorSequence/ActorSequence.uplugin" offset: 15284798, size: 654 bytes, sha1: C5E41F364029406EFCCD039DA7C8BC087FFFA5AA, compression: None.
LogPakFile: Display: "Engine/Plugins/MovieScene/LevelSequenceEditor/LevelSequenceEditor.uplugin" offset: 15285505, size: 712 bytes, sha1: B6E04F5D7F7513DD6CA646699126A6BA3409C678, compression: None.
LogPakFile: Display: "Engine/Plugins/MovieScene/SequencerScripting/SequencerScripting.uplugin" offset: 15286272, size: 839 bytes, sha1: 7BFBC88623C5AF31BA99FD0D954F7DE23FE7DD90, compression: None.
LogPakFile: Display: "Engine/Plugins/MovieScene/SequenceValidator/SequenceValidator.uplugin" offset: 15287164, size: 679 bytes, sha1: 0C6EAE0B22064B6999DD14F66643C89272DACAB2, compression: None.
LogPakFile: Display: "Engine/Plugins/MovieScene/TemplateSequence/TemplateSequence.uplugin" offset: 15288320, size: 721 bytes, sha1: 86E762B1C563D16AB7A75AD7C7EB5A63C924F605, compression: None.
LogPakFile: Display: "Engine/Plugins/Mutable/Config/DefaultMutable.ini" offset: 15290368, size: 1364 bytes, sha1: 8056871B31E5E1349AD993E32D0F6CBDDAB0F5AB, compression: Oodle.
LogPakFile: Display: "Engine/Plugins/Mutable/Config/FilterPlugin.ini" offset: 15291805, size: 19 bytes, sha1: EECAB0BC2978E70526CB6AC9270714259C547B52, compression: None.
LogPakFile: Display: "Engine/Plugins/Mutable/Mutable.uplugin" offset: 15292416, size: 1006 bytes, sha1: C8F381D3357854835F6AA56866953027AE2F12DE, compression: None.
LogPakFile: Display: "Engine/Plugins/NNE/NNEDenoiser/Config/Game.ini" offset: 15293475, size: 96 bytes, sha1: 8C7C0EF917B159671AF911F21F9267699844AA77, compression: None.
LogPakFile: Display: "Engine/Plugins/NNE/NNEDenoiser/NNEDenoiser.uplugin" offset: 15294464, size: 826 bytes, sha1: CFB7984B006264F58EC10670DDF3C516EA0B8621, compression: None.
LogPakFile: Display: "Engine/Plugins/NNE/NNERuntimeORT/NNERuntimeORT.uplugin" offset: 15295343, size: 877 bytes, sha1: 65E509AA6F1573C84FACB1B93277559854B3D990, compression: None.
LogPakFile: Display: "Engine/Plugins/Online/OnlineBase/OnlineBase.uplugin" offset: 15296512, size: 395 bytes, sha1: 4695103485F95629F98E8681BF832BBCD72EF2D5, compression: None.
LogPakFile: Display: "Engine/Plugins/Online/OnlineFramework/Config/Localization/OnlineFramework.ini" offset: 15296960, size: 472 bytes, sha1: 9C4D1FD8182AD694F0472C53FFEA79A0CCD44A75, compression: Oodle.
LogPakFile: Display: "Engine/Plugins/Online/OnlineFramework/Content/Localization/OnlineFramework/en/OnlineFramework.locres" offset: 15297505, size: 823 bytes, sha1: AE0094817B38BDB3EE86C2C2C8968567179AFE74, compression: Oodle.
LogPakFile: Display: "Engine/Plugins/Online/OnlineFramework/Content/Localization/OnlineFramework/OnlineFramework.locmeta" offset: 15298401, size: 54 bytes, sha1: 06E674EF2DC45D0B862AC285859B43A5304ADB03, compression: None.
LogPakFile: Display: "Engine/Plugins/Online/OnlineFramework/Content/Localization/OnlineFramework/zh-Hans/OnlineFramework.locres" offset: 15298560, size: 285 bytes, sha1: CD6945312269DE114828EB94893C417C2BC68A6E, compression: None.
LogPakFile: Display: "Engine/Plugins/Online/OnlineFramework/OnlineFramework.uplugin" offset: 15298898, size: 559 bytes, sha1: A8EDA294257AB430F65B85EBF424B07F0670F3B8, compression: Oodle.
LogPakFile: Display: "Engine/Plugins/Online/OnlineFrameworkCommon/OnlineFrameworkCommon.uplugin" offset: 15299530, size: 737 bytes, sha1: 175FE795A1A734DA5D7A586AB9CA4BF75C2166CC, compression: None.
LogPakFile: Display: "Engine/Plugins/Online/OnlineServices/OnlineServices.uplugin" offset: 15300608, size: 725 bytes, sha1: 884D58885FB66E9E74EEF2ABA6642DF08AFDF2F7, compression: None.
LogPakFile: Display: "Engine/Plugins/Online/OnlineServicesNull/Config/Engine.ini" offset: 15301386, size: 577 bytes, sha1: 5596F9C8C908BC23C15544312B1A0853200116E4, compression: Oodle.
LogPakFile: Display: "Engine/Plugins/Online/OnlineServicesNull/OnlineServicesNull.uplugin" offset: 15302656, size: 629 bytes, sha1: ABBC4E716692571EB303416B359E29905BE03A60, compression: None.
LogPakFile: Display: "Engine/Plugins/Online/OnlineServicesOSSAdapter/OnlineServicesOSSAdapter.uplugin" offset: 15303338, size: 581 bytes, sha1: 0DEF6B63889FD5D10455724AADF609D253DEDE0B, compression: None.
LogPakFile: Display: "Engine/Plugins/Online/OnlineSubsystem/Config/Localization/OnlineSubsystem.ini" offset: 15303972, size: 471 bytes, sha1: B9121FA67D476D490F7A6B166CFC87CF2ED62632, compression: Oodle.
LogPakFile: Display: "Engine/Plugins/Online/OnlineSubsystem/Content/Localization/OnlineSubsystem/en/OnlineSubsystem.locres" offset: 15304704, size: 820 bytes, sha1: 9ECB98B1A03E130B4C70D95C26FF2D7555ADACFB, compression: Oodle.
LogPakFile: Display: "Engine/Plugins/Online/OnlineSubsystem/Content/Localization/OnlineSubsystem/OnlineSubsystem.locmeta" offset: 15305597, size: 54 bytes, sha1: E5C1A3FF4B4C9B91A209C73248A70BC7D05410B6, compression: None.
LogPakFile: Display: "Engine/Plugins/Online/OnlineSubsystem/Content/Localization/OnlineSubsystem/zh-Hans/OnlineSubsystem.locres" offset: 15305704, size: 276 bytes, sha1: C169382AC8EBCDEEF006442757516C50E982B1BD, compression: None.
LogPakFile: Display: "Engine/Plugins/Online/OnlineSubsystem/OnlineSubsystem.uplugin" offset: 15306033, size: 595 bytes, sha1: 0BC5A09FB44CBB8E0785A80D56A55C6B2BFED6C3, compression: None.
LogPakFile: Display: "Engine/Plugins/Online/OnlineSubsystemNull/OnlineSubsystemNull.uplugin" offset: 15306752, size: 587 bytes, sha1: 8B54A0995C8E15ED6A6B3AADC497F0C2DAB7161F, compression: None.
LogPakFile: Display: "Engine/Plugins/Online/OnlineSubsystemUtils/Config/Editor.ini" offset: 15307392, size: 92 bytes, sha1: 1F46CB2A80EF12566F340B2AEBB09FC4CE40D1B5, compression: None.
LogPakFile: Display: "Engine/Plugins/Online/OnlineSubsystemUtils/Config/Localization/OnlineSubsystemUtils.ini" offset: 15307537, size: 479 bytes, sha1: 7F4C567C92420263C6B5480B581C3551081152DA, compression: Oodle.
LogPakFile: Display: "Engine/Plugins/Online/OnlineSubsystemUtils/Content/Localization/OnlineSubsystemUtils/en/OnlineSubsystemUtils.locres" offset: 15308800, size: 819 bytes, sha1: A9FFA14533086593CF6422A6D1CF00764012317D, compression: Oodle.
LogPakFile: Display: "Engine/Plugins/Online/OnlineSubsystemUtils/Content/Localization/OnlineSubsystemUtils/OnlineSubsystemUtils.locmeta" offset: 15309692, size: 59 bytes, sha1: AF961D73BE50DE82DF4C67D2A202F98EB924DF0E, compression: None.
LogPakFile: Display: "Engine/Plugins/Online/OnlineSubsystemUtils/Content/Localization/OnlineSubsystemUtils/zh-Hans/OnlineSubsystemUtils.locres" offset: 15309804, size: 919 bytes, sha1: DAB46513A4FE6D2B844839BAAECB059E17AFC106, compression: Oodle.
LogPakFile: Display: "Engine/Plugins/Online/OnlineSubsystemUtils/OnlineSubsystemUtils.uplugin" offset: 15310848, size: 897 bytes, sha1: 8F97DB45C512329ED0DDEB4A4338C57E3A1B36BB, compression: None.
LogPakFile: Display: "Engine/Plugins/PCG/Config/DefaultPCG.ini" offset: 15312896, size: 1839 bytes, sha1: 024185749FA2BE85B90FCC45EAE302A7187DAB46, compression: Oodle.
LogPakFile: Display: "Engine/Plugins/PCG/Config/EditorPerProjectUserSettings.ini" offset: 15314944, size: 648 bytes, sha1: 002D84916A8F312F51852BAFD3CD2B7BF19C898F, compression: Oodle.
LogPakFile: Display: "Engine/Plugins/PCG/PCG.uplugin" offset: 15315665, size: 577 bytes, sha1: 0F7944DB3FE3F2D9876CDE4ADAE4A98D2CC35047, compression: Oodle.
LogPakFile: Display: "Engine/Plugins/Performance/AutomatedPerfTestTools/AutomatedPerfTestTools.uplugin" offset: 15316992, size: 848 bytes, sha1: E4BF6EE42ED88168BE27FFC74410BB9AA4AD604D, compression: None.
LogPakFile: Display: "Engine/Plugins/Portal/LauncherChunkInstaller/LauncherChunkInstaller.uplugin" offset: 15317893, size: 669 bytes, sha1: 0BC2C8CCA57CA9B44B5E7CBDA87E80F92BA354EC, compression: None.
LogPakFile: Display: "Engine/Plugins/Runtime/ActorLayerUtilities/ActorLayerUtilities.uplugin" offset: 15319040, size: 681 bytes, sha1: C74DF382FF147B3CEB58A32CA3318BDC6AA4FAEA, compression: None.
LogPakFile: Display: "Engine/Plugins/Runtime/AndroidFileServer/AndroidFileServer.uplugin" offset: 15319774, size: 936 bytes, sha1: DD87D210A8DF62596A4D7EAEE47B28BD8385544C, compression: None.
LogPakFile: Display: "Engine/Plugins/Runtime/AndroidPermission/AndroidPermission.uplugin" offset: 15321088, size: 530 bytes, sha1: ACBCC57C74409C7E12B38F8D7FF15E85BA70E485, compression: None.
LogPakFile: Display: "Engine/Plugins/Runtime/AppleImageUtils/AppleImageUtils.uplugin" offset: 15321671, size: 840 bytes, sha1: 3E8B679910CF1F91E8BDB5E1AD233D6BE8A48E2D, compression: None.
LogPakFile: Display: "Engine/Plugins/Runtime/ArchVisCharacter/ArchVisCharacter.uplugin" offset: 15323136, size: 567 bytes, sha1: D2DCCC4AC75DEB5D388EB4A0946A24CF757049E8, compression: None.
LogPakFile: Display: "Engine/Plugins/Runtime/AssetTags/AssetTags.uplugin" offset: 15323756, size: 595 bytes, sha1: 4898CD11197663EB8F068185A64572E549584137, compression: None.
LogPakFile: Display: "Engine/Plugins/Runtime/AudioCapture/AudioCapture.uplugin" offset: 15325184, size: 815 bytes, sha1: DE4DB75F18D13BBEBE175AA10B2CA033C93B3D87, compression: None.
LogPakFile: Display: "Engine/Plugins/Runtime/AudioSynesthesia/AudioSynesthesia.uplugin" offset: 15326052, size: 805 bytes, sha1: B8ADA895598AD73F4A17B56F4F13432E5F68D8EE, compression: None.
LogPakFile: Display: "Engine/Plugins/Runtime/AudioWidgets/AudioWidgets.uplugin" offset: 15327232, size: 930 bytes, sha1: 45FF10FFFC0DCE24E32E9575DBF3DBF3866FA4A7, compression: None.
LogPakFile: Display: "Engine/Plugins/Runtime/CableComponent/CableComponent.uplugin" offset: 15328215, size: 534 bytes, sha1: FE0E4BDA4343EE6C57D056152F94EAA74C8B72E9, compression: None.
LogPakFile: Display: "Engine/Plugins/Runtime/ChunkDownloader/ChunkDownloader.uplugin" offset: 15329280, size: 461 bytes, sha1: 87250CED7E0CDFFCC1AD5F9A4B4A2460AF17C96A, compression: None.
LogPakFile: Display: "Engine/Plugins/Runtime/CommonUI/CommonUI.uplugin" offset: 15329794, size: 916 bytes, sha1: 2F76A969EB49CE044584C43E06A2FD7792233F00, compression: None.
LogPakFile: Display: "Engine/Plugins/Runtime/CommonUI/Config/DefaultCommonUI.ini" offset: 15330763, size: 347 bytes, sha1: E56A525F31A98BF89C5EF85EFF23F33D0D7F6F5A, compression: None.
LogPakFile: Display: "Engine/Plugins/Runtime/CommonUI/Config/Input.ini" offset: 15331328, size: 123 bytes, sha1: 8C7EE660FFB523ED0EA4CB8E1CB0BCEDA40FFB66, compression: None.
LogPakFile: Display: "Engine/Plugins/Runtime/ComputeFramework/ComputeFramework.uplugin" offset: 15331504, size: 925 bytes, sha1: F95AE76EB68A1258CD83EFB7FEA13F3498D8AEAD, compression: None.
LogPakFile: Display: "Engine/Plugins/Runtime/CustomMeshComponent/CustomMeshComponent.uplugin" offset: 15332482, size: 650 bytes, sha1: 90ACE5AF4316D3037822C8456890DFFCB300C1BA, compression: None.
LogPakFile: Display: "Engine/Plugins/Runtime/DataRegistry/DataRegistry.uplugin" offset: 15333376, size: 810 bytes, sha1: 88C279B3A3D3A0EF482F83447BD893CFCD10218B, compression: None.
LogPakFile: Display: "Engine/Plugins/Runtime/ExampleDeviceProfileSelector/ExampleDeviceProfileSelector.uplugin" offset: 15334239, size: 649 bytes, sha1: 25D682EAFD8D004E67E0A1951F7BB765029F002E, compression: None.
LogPakFile: Display: "Engine/Plugins/Runtime/GameFeatures/Config/DedicatedServer/DedicatedServerInstallBundle.ini" offset: 15334941, size: 53 bytes, sha1: 26A471227EA0732B37779535071A800FB6AD2F27, compression: None.
LogPakFile: Display: "Engine/Plugins/Runtime/GameFeatures/GameFeatures.uplugin" offset: 15335424, size: 996 bytes, sha1: 2AFFC49C09E457900DB7B9A700E6B6085D241110, compression: None.
LogPakFile: Display: "Engine/Plugins/Runtime/GameplayAbilities/Config/DefaultGameplayAbilities.ini" offset: 15337472, size: 1014 bytes, sha1: 9B26A1EBBD20182E4FF6F540D9BA774C2AB5097E, compression: None.
LogPakFile: Display: "Engine/Plugins/Runtime/GameplayAbilities/Config/Input.ini" offset: 15338539, size: 173 bytes, sha1: 603F0D394B03668A3B00CFAEF8C581CE61BE46AC, compression: None.
LogPakFile: Display: "Engine/Plugins/Runtime/GameplayAbilities/GameplayAbilities.uplugin" offset: 15339520, size: 962 bytes, sha1: 897DD26DD71B654868E8D303409A1987DF32B832, compression: None.
LogPakFile: Display: "Engine/Plugins/Runtime/GeometryCache/GeometryCache.uplugin" offset: 15340535, size: 536 bytes, sha1: 90AD9E1E84953657889C6B0E9AAA512EE1A087E4, compression: Oodle.
LogPakFile: Display: "Engine/Plugins/Runtime/GeometryProcessing/GeometryProcessing.uplugin" offset: 15341568, size: 752 bytes, sha1: 66D812774CDDFD5DA4AFC8C77DAAF3BFDAE45CA8, compression: None.
LogPakFile: Display: "Engine/Plugins/Runtime/GooglePAD/GooglePAD.uplugin" offset: 15342373, size: 748 bytes, sha1: 321A57C2111C10E3B11726A4B6D1031B181E9CAA, compression: None.
LogPakFile: Display: "Engine/Plugins/Runtime/HairStrands/Config/DefaultHairStrands.ini" offset: 15343616, size: 562 bytes, sha1: 4FE5DB8159C62012CCA129BEAEF0861C574CE484, compression: Oodle.
LogPakFile: Display: "Engine/Plugins/Runtime/HairStrands/HairStrands.uplugin" offset: 15344251, size: 550 bytes, sha1: ADE4DCA364543806845D7B1DDD97FBA740C1A07F, compression: Oodle.
LogPakFile: Display: "Engine/Plugins/Runtime/InputDebugging/Config/Input.ini" offset: 15344874, size: 310 bytes, sha1: 5FF33E02022C5EE964919718AE2600CE62D852F7, compression: None.
LogPakFile: Display: "Engine/Plugins/Runtime/InputDebugging/InputDebugging.uplugin" offset: 15345664, size: 657 bytes, sha1: D6DC865EA6D3C32CEDBC51744B2AA03FF690178A, compression: None.
LogPakFile: Display: "Engine/Plugins/Runtime/LocationServicesBPLibrary/LocationServicesBPLibrary.uplugin" offset: 15346374, size: 630 bytes, sha1: 0EA5BB9F64FB0FCD970D97550E7A29A9A941DA1B, compression: None.
LogPakFile: Display: "Engine/Plugins/Runtime/MeshModelingToolset/MeshModelingToolset.uplugin" offset: 15347057, size: 552 bytes, sha1: 22B1B72D6FB543495C6E3514D0293AF06C4FDF98, compression: Oodle.
LogPakFile: Display: "Engine/Plugins/Runtime/Metasound/Config/DefaultMetaSound.ini" offset: 15347712, size: 713 bytes, sha1: 691B13CFEFC3C3E48948BD59EEE37572BE6A8F83, compression: Oodle.
LogPakFile: Display: "Engine/Plugins/Runtime/Metasound/Metasound.uplugin" offset: 15348498, size: 649 bytes, sha1: F654C4FF125F2F26805E39AB3B63495860886DBC, compression: Oodle.
LogPakFile: Display: "Engine/Plugins/Runtime/MobilePatchingUtils/MobilePatchingUtils.uplugin" offset: 15349760, size: 603 bytes, sha1: E7AD1FD8D9BFE0D85F6AA0CC990EB8631156E229, compression: None.
LogPakFile: Display: "Engine/Plugins/Runtime/ModelViewViewModel/Config/DefaultModelViewViewModel.ini" offset: 15350416, size: 925 bytes, sha1: DB1FE95F43E62B70E92BB4770B2B7D7333AEC0CA, compression: Oodle.
LogPakFile: Display: "Engine/Plugins/Runtime/ModelViewViewModel/ModelViewViewModel.uplugin" offset: 15351808, size: 1010 bytes, sha1: 3D6D81A4026922FC1A3F029D0BB87A78E595A6DA, compression: None.
LogPakFile: Display: "Engine/Plugins/Runtime/ModularGameplay/ModularGameplay.uplugin" offset: 15352871, size: 563 bytes, sha1: 10DB7C17969733D95B7B62CFD5BE69F4A4C94159, compression: None.
LogPakFile: Display: "Engine/Plugins/Runtime/MsQuic/MsQuic.uplugin" offset: 15353856, size: 1017 bytes, sha1: D2E53094E8F2D4A5C544565820EE962076681B25, compression: None.
LogPakFile: Display: "Engine/Plugins/Runtime/ProceduralMeshComponent/ProceduralMeshComponent.uplugin" offset: 15354926, size: 882 bytes, sha1: B9775FF987493708382F839705A8D715E42E0F3B, compression: None.
LogPakFile: Display: "Engine/Plugins/Runtime/PropertyAccess/PropertyAccessEditor.uplugin" offset: 15355904, size: 715 bytes, sha1: D16F9865837DB66BFDC09FAFEFD841C0963E9662, compression: None.
LogPakFile: Display: "Engine/Plugins/Runtime/PropertyBindingUtils/Config/DefaultPropertyBindingUtils.ini" offset: 15356672, size: 279 bytes, sha1: 9C1A4D2EE82C0D540A9D41CF147A31B51FC96321, compression: None.
LogPakFile: Display: "Engine/Plugins/Runtime/PropertyBindingUtils/PropertyBindingUtils.uplugin" offset: 15357004, size: 789 bytes, sha1: A1BB4AD66E5AEA43062971445B4981531BBEE27D, compression: None.
LogPakFile: Display: "Engine/Plugins/Runtime/ResonanceAudio/ResonanceAudio.uplugin" offset: 15357952, size: 543 bytes, sha1: 5007DBCB5E787178FA8A5F6598E6D53F43958571, compression: Oodle.
LogPakFile: Display: "Engine/Plugins/Runtime/RigVM/Config/DefaultRigVM.ini" offset: 15358568, size: 402 bytes, sha1: 14EE8F2F7981CC8A6C884621C2571B410353C45D, compression: None.
LogPakFile: Display: "Engine/Plugins/Runtime/RigVM/Config/Editor.ini" offset: 15359023, size: 510 bytes, sha1: B180F3E5697717A9064AD15405E83BB33BDDB3AE, compression: None.
LogPakFile: Display: "Engine/Plugins/Runtime/RigVM/RigVM.uplugin" offset: 15360000, size: 977 bytes, sha1: 711949AD11059ECF2407B9525B4DD21F3F301EAC, compression: None.
LogPakFile: Display: "Engine/Plugins/Runtime/SignificanceManager/SignificanceManager.uplugin" offset: 15361030, size: 691 bytes, sha1: 31040EB714D077859B55912690D09C9F33E362F2, compression: None.
LogPakFile: Display: "Engine/Plugins/Runtime/SkeletalMerging/SkeletalMerging.uplugin" offset: 15362048, size: 573 bytes, sha1: 5123E4A02C60C312AA08BDEB1BEC0585D0B98058, compression: None.
LogPakFile: Display: "Engine/Plugins/Runtime/SoundFields/SoundFields.uplugin" offset: 15362674, size: 538 bytes, sha1: D355F2E25CF82A0E995FC5B4FE13285C218BBB34, compression: None.
LogPakFile: Display: "Engine/Plugins/Runtime/StateTree/Config/DefaultStateTree.ini" offset: 15364096, size: 1232 bytes, sha1: 9E8091ABD0AF7BD9458AA13A5D33D84174A23749, compression: Oodle.
LogPakFile: Display: "Engine/Plugins/Runtime/StateTree/StateTree.uplugin" offset: 15365401, size: 511 bytes, sha1: FD13DDFB9E529925CB6E62637981BCFDDAA3E3AD, compression: Oodle.
LogPakFile: Display: "Engine/Plugins/Runtime/Synthesis/Config/DefaultSynthesis.ini" offset: 15366144, size: 520 bytes, sha1: F3156E1A47F6ED154EDF56F9948C0A5D92C51AE7, compression: None.
LogPakFile: Display: "Engine/Plugins/Runtime/Synthesis/Synthesis.uplugin" offset: 15366717, size: 743 bytes, sha1: AA835CF33DB13BA9A6F5A3D65AF6AC08E09B6A79, compression: None.
LogPakFile: Display: "Engine/Plugins/Runtime/WaveTable/WaveTable.uplugin" offset: 15368192, size: 692 bytes, sha1: 0B81C4D95983C7318A64B2AF239B92A4A2A3A7BC, compression: None.
LogPakFile: Display: "Engine/Plugins/Runtime/WebMMoviePlayer/WebMMoviePlayer.uplugin" offset: 15368937, size: 760 bytes, sha1: FCB05BDBE55F4C61AF696D562BDE15C99095F8B6, compression: None.
LogPakFile: Display: "Engine/Plugins/Runtime/Windows/XInputDevice/Config/Input.ini" offset: 15369750, size: 207 bytes, sha1: F1D0B1BF2B9D09B731D7DD10AA45250B79A397C5, compression: None.
LogPakFile: Display: "Engine/Plugins/Runtime/Windows/XInputDevice/XInputDevice.uplugin" offset: 15370240, size: 604 bytes, sha1: 8B7D5D4F8591EBBF74D69CF73CAFFF88A0B50A11, compression: None.
LogPakFile: Display: "Engine/Plugins/Runtime/WindowsDeviceProfileSelector/WindowsDeviceProfileSelector.uplugin" offset: 15370897, size: 706 bytes, sha1: 2FEC8456CA6E42A7B9FB52A047417F33D255619F, compression: None.
LogPakFile: Display: "Engine/Plugins/Runtime/WindowsMoviePlayer/WindowsMoviePlayer.uplugin" offset: 15372288, size: 646 bytes, sha1: E67FBD879D5D972CA07A77EE274FD22EA6D31861, compression: None.
LogPakFile: Display: "Engine/Plugins/Tests/InterchangeTests/InterchangeTests.uplugin" offset: 15372987, size: 977 bytes, sha1: 93FAAD6D3D9A69F198FB97B3D163016A0AD7AD95, compression: None.
LogPakFile: Display: "Engine/Plugins/TraceUtilities/Config/DefaultTraceUtilities.ini" offset: 15374017, size: 125 bytes, sha1: 19A7DF7E750E0EBF7760C9700D48075519DF9764, compression: None.
LogPakFile: Display: "Engine/Plugins/TraceUtilities/TraceUtilities.uplugin" offset: 15374336, size: 809 bytes, sha1: F95599CE61507730140EB2FF7B1D5EE98FBC2AB7, compression: None.
LogPakFile: Display: "Engine/Plugins/VirtualProduction/Takes/Config/DefaultTakes.ini" offset: 15375198, size: 116 bytes, sha1: 1276C1A463A638538C6290DC7C15E2F1F6793907, compression: None.
LogPakFile: Display: "Engine/Plugins/VirtualProduction/Takes/Takes.uplugin" offset: 15375367, size: 633 bytes, sha1: 6B1DFCBFB1CE56250AB93502829D23FE9ADF4880, compression: Oodle.
LogPakFile: Display: "Engine/Plugins/WorldMetrics/WorldMetrics.uplugin" offset: 15376384, size: 913 bytes, sha1: 1F1519026941014D07791CC07D3F1F103A2E5A60, compression: None.
LogPakFile: Display: "MMORPG/AssetRegistry.bin" offset: 15378432, size: 40664 bytes, sha1: 60BE1E53D98661F4787BBC68774B26D8FAF1A88A, compression: Oodle.
LogPakFile: Display: "MMORPG/Config/DefaultEngine.ini" offset: 15419392, size: 535 bytes, sha1: 1BF518BFCBF1FCD63A9C25C92A6757082EF08613, compression: None.
LogPakFile: Display: "MMORPG/Config/DefaultGame.ini" offset: 15419980, size: 782 bytes, sha1: AC1D809A04062A87911B1AD9E878D6BCABE04CA3, compression: Oodle.
LogPakFile: Display: "MMORPG/Config/DefaultGameplayTags.ini" offset: 15421440, size: 870 bytes, sha1: 15543D2216CEE550BCFE540079840B03747EA39F, compression: None.
LogPakFile: Display: "MMORPG/Config/DefaultGameUserSettings.ini" offset: 15422363, size: 574 bytes, sha1: 4F9930598ED9F3816C0B66FB125E694FB0872BA9, compression: None.
LogPakFile: Display: "MMORPG/Config/DefaultInput.ini" offset: 15422990, size: 177 bytes, sha1: ECDF89C8DA0C8914830586D38E257840DC292FDC, compression: None.
LogPakFile: Display: "MMORPG/Config/Windows/WindowsEngine.ini" offset: 15423488, size: 288 bytes, sha1: 2825EF0A4B6AF4E1B44B6B159400E0B5B511E156, compression: None.
LogPakFile: Display: "MMORPG/Content/Localization/MMO/en/MMO.locres" offset: 15425536, size: 3260 bytes, sha1: 25E12234720D779E5D42A4E2484C8EACEC5AC27E, compression: Oodle.
LogPakFile: Display: "MMORPG/Content/Localization/MMO/MMO.locmeta" offset: 15428869, size: 69 bytes, sha1: F1E32F1E37DDDD5E92A72C13A7D7FC42894C0CBE, compression: None.
LogPakFile: Display: "MMORPG/Content/Localization/MMO/zh-Hans/MMO.locres" offset: 15429632, size: 3062 bytes, sha1: 0101E2EBA0FA9C8C53571723FFF58C691E059B7C, compression: Oodle.
LogPakFile: Display: "MMORPG/Content/ShaderTypeInfo-Global-PCD3D_SM6-PCD3D_SM6.stinfo" offset: 15433728, size: 23038 bytes, sha1: AAC0C6880454193397807D1FBC58D000694DE951, compression: Oodle.
LogPakFile: Display: "MMORPG/Content/ShaderTypeInfo-MMORPG-PCD3D_SM6-PCD3D_SM6.stinfo" offset: 15458304, size: 3798 bytes, sha1: 836C53E302C379CEC2DFD9282B4182D8B4EB0B31, compression: Oodle.
LogPakFile: Display: "MMORPG/MMORPG.uproject" offset: 15462400, size: 436 bytes, sha1: 31E51533DC9820C60A1F3BAF9C9C79DBFFBA583E, compression: Oodle.
LogPakFile: Display: "MMORPG/Plugins/CommonGame/CommonGame.uplugin" offset: 15462909, size: 794 bytes, sha1: B033D26D716D9EA48ED4B4ABC58A23D898CF0B20, compression: None.
LogPakFile: Display: "MMORPG/Plugins/CommonUser/CommonUser.uplugin" offset: 15464448, size: 796 bytes, sha1: FD40ABCC92526B227A9940D9AA27FC4CF46C9EAB, compression: None.
LogPakFile: Display: "MMORPG/Plugins/GameFeatures/MMOCore/MMOCore.uplugin" offset: 15465297, size: 463 bytes, sha1: 1CBA9CCB18E53478E973C1D60CFBBA91D5F58DFE, compression: None.
LogPakFile: Display: "MMORPG/Plugins/MMOFramework/MMOFramework.uplugin" offset: 15465813, size: 607 bytes, sha1: EC4EDF09D44B700E6193E799962A264E700BD247, compression: None.
LogPakFile: Display: "MMORPG/Plugins/MMOIntegration/MMOIntegration.uplugin" offset: 15466496, size: 284 bytes, sha1: D9EB35166EDA4ED75ED29B6C389C2C48660189D0, compression: None.
LogPakFile: Display: "MMORPG/Plugins/MMORPG.upluginmanifest" offset: 15468544, size: 22827 bytes, sha1: F483A74A921C94BF1CF8116C911B4CCFA5BA87C3, compression: Oodle.
LogPakFile: Display: "MMORPG/Plugins/ModularGameplayActors/ModularGameplayActors.uplugin" offset: 15491492, size: 668 bytes, sha1: 47D12B41BD2FCF17963B2F8BCE67C271CB301523, compression: None.
LogPakFile: Display: "MMORPG/Plugins/UIExtension/UIExtension.uplugin" offset: 15492213, size: 705 bytes, sha1: 6E55D3E749B25225C9FFB3E77DF39214A402D19C, compression: None.
LogPakFile: Display: 2218 files (14840288 bytes), (0 filtered bytes).
LogPakFile: Display: UnrealPak executed in 0.017263 seconds

LogStreaming: Display: AsyncLoading2 - Created: Async Loading Thread: false, Async Post Load: false, Multithreaded: false
LogPakFile: Display: ProjectDir: ../../../Engine/Programs/UnrealPak/
LogIoStore: Display: Using command line for crypto configuration
LogIoStore: Display: No directory index for container 'F:\UE\LyraDocLabs\MMORPG\Saved\StagedBuilds\WindowsClient\MMORPG\Content\Paks\global.utoc'
LogIoStore: Display: Listing container 'F:\UE\LyraDocLabs\MMORPG\Saved\StagedBuilds\WindowsClient\MMORPG\Content\Paks\global.utoc'
LogPakFile: Display: UnrealPak executed in 0.036610 seconds

OrderInContainer, ChunkId, PackageId, PackageName, Filename, ContainerName, Offset, OffsetOnDisk, Size, CompressedSize, Hash, ChunkType, ClassType, PakChunk, Platform, InstallType, DeliveryType, PartitionIndex, OffsetInPartition
0, 000000000000000000000005, 0x0, , <ScriptObjects>, global, 0, 0, 3396874, 3396874, 0x2e8a821ac32ee422c21ed79370581d88021e7e69, ScriptObjects, , global, Unknown, Base, Installed, 0, 0

LogStreaming: Display: AsyncLoading2 - Created: Async Loading Thread: false, Async Post Load: false, Multithreaded: false
LogPakFile: Display: ProjectDir: ../../../Engine/Programs/UnrealPak/
LogIoStore: Display: Using command line for crypto configuration
LogIoStore: Display: Listing container 'F:\UE\LyraDocLabs\MMORPG\Saved\StagedBuilds\WindowsClient\MMORPG\Content\Paks\MMORPG-WindowsClient.utoc'
LogPakFile: Display: UnrealPak executed in 0.098761 seconds

OrderInContainer, ChunkId, PackageId, PackageName, Filename, ContainerName, Offset, OffsetOnDisk, Size, CompressedSize, Hash, ChunkType, ClassType, PakChunk, Platform, InstallType, DeliveryType, PartitionIndex, OffsetInPartition
0, 1680bae1ae38d5b900000008, 0xB9D538AEE1BA8016, , ../../../MMORPG/Content/ShaderArchive-Global-PCD3D_SM6-PCD3D_SM6.ushaderbytecode, MMORPG-WindowsClient, 0, 0, 216216, 216216, 0x73e5322e3dfa0e5783ea903f89702fcbe569fe36, ShaderCodeLibrary, , MMORPG, WindowsClient, Base, Installed, 0, 0
1, 4514e25b1f9e4ae200000008, 0xE24A9E1F5BE21445, , ../../../MMORPG/Content/ShaderArchive-MMORPG-PCD3D_SM6-PCD3D_SM6.ushaderbytecode, MMORPG-WindowsClient, 262144, 217088, 61716, 61716, 0xc86380bfc3d1b8fcb6de10568650b5c19cd181df, ShaderCodeLibrary, , MMORPG, WindowsClient, Base, Installed, 0, 217088
2, a976701b18fc3de900000009, 0xE93DFC181B7076A9, , <ShaderCode>, MMORPG-WindowsClient, 327680, 280576, 157688, 157688, 0x4cc37e435f6111e6cfea18b07a473072b169197e, ShaderCode, , MMORPG, WindowsClient, Base, Installed, 0, 280576
3, 4831843fb62b903300000009, 0x33902BB63F843148, , <ShaderCode>, MMORPG-WindowsClient, 524288, 438272, 24282, 24282, 0xffd4c2c5feb6cd8f206c0b6b60a33d510fe57b3f, ShaderCode, , MMORPG, WindowsClient, Base, Installed, 0, 438272
4, 23cb2d51b33e22ab00000009, 0xAB223EB3512DCB23, , <ShaderCode>, MMORPG-WindowsClient, 589824, 462848, 119234, 119234, 0x1de27398df95b7a41e25342aaf54a827f6ef15da, ShaderCode, , MMORPG, WindowsClient, Base, Installed, 0, 462848
5, bb29a98be2b0008400000009, 0x8400B0E28BA929BB, , <ShaderCode>, MMORPG-WindowsClient, 720896, 583680, 76389, 76389, 0x0a114a14a5c3fcac31317c82ba0b30eb50ac39dd, ShaderCode, , MMORPG, WindowsClient, Base, Installed, 0, 583680
6, fbb287be3d091dd100000009, 0xD11D093DBE87B2FB, , <ShaderCode>, MMORPG-WindowsClient, 851968, 661504, 2240, 2240, 0x100d3b392c06f722b67048fb4de57a146928ae5f, ShaderCode, , MMORPG, WindowsClient, Base, Installed, 0, 661504
7, f622b58362efae4800000009, 0x48AEEF6283B522F6, , <ShaderCode>, MMORPG-WindowsClient, 917504, 665600, 27761, 27761, 0xc9e9e853574efa63adf9a3151f50d8bb74c48417, ShaderCode, , MMORPG, WindowsClient, Base, Installed, 0, 665600
8, fffacc2c099b07f700000009, 0xF7079B092CCCFAFF, , <ShaderCode>, MMORPG-WindowsClient, 983040, 694272, 178561, 178561, 0xaeecbcaaac0c8234913970fa65c2520aed490d31, ShaderCode, , MMORPG, WindowsClient, Base, Installed, 0, 694272
9, 93b77c7a6a0e13c700000009, 0xC7130E6A7A7CB793, , <ShaderCode>, MMORPG-WindowsClient, 1179648, 874496, 20140, 20140, 0x1fa03caa5746b17671776c71c6e4c60348c3b689, ShaderCode, , MMORPG, WindowsClient, Base, Installed, 0, 874496
10, 6b6e3928aa8c31a800000009, 0xA8318CAA28396E6B, , <ShaderCode>, MMORPG-WindowsClient, 1245184, 894976, 375205, 375205, 0xa74fc7c5cbd46eec9f74a3f2f1a9137cd840611a, ShaderCode, , MMORPG, WindowsClient, Base, Installed, 0, 894976
11, 77c2569ff32b911f00000009, 0x1F912BF39F56C277, , <ShaderCode>, MMORPG-WindowsClient, 1638400, 1271808, 150673, 150673, 0x13b663377fed491aa2208abbb231ff24ea8258bc, ShaderCode, , MMORPG, WindowsClient, Base, Installed, 0, 1271808
12, ce531b9ac7514f1500000009, 0x154F51C79A1B53CE, , <ShaderCode>, MMORPG-WindowsClient, 1835008, 1423360, 434118, 434118, 0x9c19f04299ec60883aacda8299ade09b8c1a268a, ShaderCode, , MMORPG, WindowsClient, Base, Installed, 0, 1423360
13, 7c6f99a37a152a5b00000009, 0x5B2A157AA3996F7C, , <ShaderCode>, MMORPG-WindowsClient, 2293760, 1857536, 153149, 153149, 0xc0cf65cc0ad042c921972ef405f58d3e70724ece, ShaderCode, , MMORPG, WindowsClient, Base, Installed, 0, 1857536
14, add110d65380214e00000009, 0x4E218053D610D1AD, , <ShaderCode>, MMORPG-WindowsClient, 2490368, 2011136, 35905, 35905, 0x6970c1028bc3370ea40694630301b759b8937e0a, ShaderCode, , MMORPG, WindowsClient, Base, Installed, 0, 2011136
15, 335c84c06042618300000009, 0x83614260C0845C33, , <ShaderCode>, MMORPG-WindowsClient, 2555904, 2048000, 47321, 47321, 0xc2ca645a5bc756b561ddac31514feb795684cd78, ShaderCode, , MMORPG, WindowsClient, Base, Installed, 0, 2048000
16, 30897b63b1727c0f00000009, 0xF7C72B1637B8930, , <ShaderCode>, MMORPG-WindowsClient, 2621440, 2097152, 493359, 493359, 0xcf0a68cf68dd8442d1a6f81ed859b81d3d8666d2, ShaderCode, , MMORPG, WindowsClient, Base, Installed, 0, 2097152
17, 380c4c62bd1d980400000009, 0x4981DBD624C0C38, , <ShaderCode>, MMORPG-WindowsClient, 3145728, 2590720, 320878, 320878, 0xf807a723b52cb35355eadfc8d730854935a0f31d, ShaderCode, , MMORPG, WindowsClient, Base, Installed, 0, 2590720
18, 172aabaa57bb5b9a00000009, 0x9A5BBB57AAAB2A17, , <ShaderCode>, MMORPG-WindowsClient, 3473408, 2912256, 8157, 8157, 0x059394562aa3f222b6d895c1b890c352449fa2b5, ShaderCode, , MMORPG, WindowsClient, Base, Installed, 0, 2912256
19, 2bec0aff686071d600000009, 0xD6716068FF0AEC2B, , <ShaderCode>, MMORPG-WindowsClient, 3538944, 2920448, 371846, 371846, 0xe149e8ac8b5da707124bfcd502d793052e04600c, ShaderCode, , MMORPG, WindowsClient, Base, Installed, 0, 2920448
20, 86dcd9affdaddb6d00000009, 0x6DDBADFDAFD9DC86, , <ShaderCode>, MMORPG-WindowsClient, 3932160, 3293184, 27213, 27213, 0xc3a88cb0c29283544a422435310166777f14fd54, ShaderCode, , MMORPG, WindowsClient, Base, Installed, 0, 3293184
21, 997032c920cfacbd00000009, 0xBDACCF20C9327099, , <ShaderCode>, MMORPG-WindowsClient, 3997696, 3321856, 179825, 179825, 0xd4b6710e6bbb1fb913b6f29d43048abe48e95ca8, ShaderCode, , MMORPG, WindowsClient, Base, Installed, 0, 3321856
22, e65eb99db4b7118400000009, 0x8411B7B49DB95EE6, , <ShaderCode>, MMORPG-WindowsClient, 4194304, 3502080, 453976, 453976, 0xd9d80d97152e1f4c661268afc8cb42cf897b4ccf, ShaderCode, , MMORPG, WindowsClient, Base, Installed, 0, 3502080
23, 9373372f62d7b2ea00000009, 0xEAB2D7622F377393, , <ShaderCode>, MMORPG-WindowsClient, 4653056, 3956736, 375056, 375056, 0x7f99b9200ef9b7dc271be7688ad23441d416389e, ShaderCode, , MMORPG, WindowsClient, Base, Installed, 0, 3956736
24, 478c9aa6e0ac4fbe00000009, 0xBE4FACE0A69A8C47, , <ShaderCode>, MMORPG-WindowsClient, 5046272, 4333568, 239413, 239413, 0x49b8f98baff0180500b263097dba0623cdd85452, ShaderCode, , MMORPG, WindowsClient, Base, Installed, 0, 4333568
25, b160ba13d7e0075400000009, 0x5407E0D713BA60B1, , <ShaderCode>, MMORPG-WindowsClient, 5308416, 4573184, 15058, 15058, 0xbae615f4e0ad6a4ef9a98cbe8d05672fc85c5179, ShaderCode, , MMORPG, WindowsClient, Base, Installed, 0, 4573184
26, ee755b6e961641d100000009, 0xD14116966E5B75EE, , <ShaderCode>, MMORPG-WindowsClient, 5373952, 4589568, 209460, 209460, 0x1b1c30046d776b7105622aae41cbc03e7ee96b9b, ShaderCode, , MMORPG, WindowsClient, Base, Installed, 0, 4589568
27, cc75c0330a6afb6e00000009, 0x6EFB6A0A33C075CC, , <ShaderCode>, MMORPG-WindowsClient, 5636096, 4800512, 513959, 513959, 0x845d8bf1a0547bbae17d93391353f3a93c487aa6, ShaderCode, , MMORPG, WindowsClient, Base, Installed, 0, 4800512
28, 93b1799b74e4c81400000009, 0x14C8E4749B79B193, , <ShaderCode>, MMORPG-WindowsClient, 6160384, 5314560, 7964, 7964, 0xb128cdcb051f82f30eec68c46d5bb46b8928615f, ShaderCode, , MMORPG, WindowsClient, Base, Installed, 0, 5314560
29, 2129fe14338d265300000009, 0x53268D3314FE2921, , <ShaderCode>, MMORPG-WindowsClient, 6225920, 5322752, 7031, 7031, 0xdbfd6d8a358aa873f853ae98a52026051cb80c55, ShaderCode, , MMORPG, WindowsClient, Base, Installed, 0, 5322752
30, 46792afa345fdf5700000009, 0x57DF5F34FA2A7946, , <ShaderCode>, MMORPG-WindowsClient, 6291456, 5330944, 381997, 381997, 0x632600a83dc01846aeaf67c504801526959b4729, ShaderCode, , MMORPG, WindowsClient, Base, Installed, 0, 5330944
31, 34fabf7c82b696ce00000009, 0xCE96B6827CBFFA34, , <ShaderCode>, MMORPG-WindowsClient, 6684672, 5713920, 87116, 87116, 0x28da33bf8fa9f8fbd32a621adf6d9f930a1065f8, ShaderCode, , MMORPG, WindowsClient, Base, Installed, 0, 5713920
32, 462ef397034604e200000009, 0xE204460397F32E46, , <ShaderCode>, MMORPG-WindowsClient, 6815744, 5801984, 157558, 157558, 0x56b75fb24774efc786eb56d14e30c67c90537ddd, ShaderCode, , MMORPG, WindowsClient, Base, Installed, 0, 5801984
33, f5a13f09b6e6cace00000009, 0xCECAE6B6093FA1F5, , <ShaderCode>, MMORPG-WindowsClient, 7012352, 5959680, 38141, 38141, 0xc9de51749f086e5c83d3cbe59ef917b28d1deff3, ShaderCode, , MMORPG, WindowsClient, Base, Installed, 0, 5959680
34, c3c83d9cdefd4de000000009, 0xE04DFDDE9C3DC8C3, , <ShaderCode>, MMORPG-WindowsClient, 7077888, 5998592, 30110, 30110, 0x9a834872be04897a62151498cbc70e770b16fcdd, ShaderCode, , MMORPG, WindowsClient, Base, Installed, 0, 5998592
35, d1f73ec90f86f20000000009, 0xF2860FC93EF7D1, , <ShaderCode>, MMORPG-WindowsClient, 7143424, 6029312, 506472, 506472, 0x861f27bae7386d9a5d9f0dc37fa4b1893c8271dc, ShaderCode, , MMORPG, WindowsClient, Base, Installed, 0, 6029312
36, fbb00ed67d2b53e000000009, 0xE0532B7DD60EB0FB, , <ShaderCode>, MMORPG-WindowsClient, 7667712, 6537216, 48156, 48156, 0x6e2f980a5ab7e277afc2c984df0cdb1c0f379653, ShaderCode, , MMORPG, WindowsClient, Base, Installed, 0, 6537216
37, f286d343c977e4ef00000009, 0xEFE477C943D386F2, , <ShaderCode>, MMORPG-WindowsClient, 7733248, 6586368, 376954, 376954, 0xfa47de70a12b3767a6a8daed0eadc31f42ba6d80, ShaderCode, , MMORPG, WindowsClient, Base, Installed, 0, 6586368
38, d2917c34195eaa5c00000009, 0x5CAA5E19347C91D2, , <ShaderCode>, MMORPG-WindowsClient, 8126464, 6965248, 493521, 493521, 0x70a5a23be5cb5bc546deadeee0a53178ba80ddb9, ShaderCode, , MMORPG, WindowsClient, Base, Installed, 0, 6965248
39, bfba756ab223a1ab00000009, 0xABA123B26A75BABF, , <ShaderCode>, MMORPG-WindowsClient, 8650752, 7458816, 15805, 15805, 0x724bfa9af0f7fb4baa1ac58e191c2fc03435c1d7, ShaderCode, , MMORPG, WindowsClient, Base, Installed, 0, 7458816
40, c81d9f0433d162c900000009, 0xC962D133049F1DC8, , <ShaderCode>, MMORPG-WindowsClient, 8716288, 7475200, 154174, 154174, 0xf329969911405a6d08e919ab962fe1a40bc3f34b, ShaderCode, , MMORPG, WindowsClient, Base, Installed, 0, 7475200
41, 108a28a51cfc2d1600000009, 0x162DFC1CA5288A10, , <ShaderCode>, MMORPG-WindowsClient, 8912896, 7630848, 604049, 604049, 0x90f54fe0fef796338f09cbd114609588a71e244f, ShaderCode, , MMORPG, WindowsClient, Base, Installed, 0, 7630848
42, 1323d9bc9235003a00000009, 0x3A003592BCD92313, , <ShaderCode>, MMORPG-WindowsClient, 9568256, 8235008, 401295, 401295, 0x829a8ec20abd9ff5db15d083f4ae12c7863a05f2, ShaderCode, , MMORPG, WindowsClient, Base, Installed, 0, 8235008
43, e946ea222e627a3100000009, 0x317A622E22EA46E9, , <ShaderCode>, MMORPG-WindowsClient, 10027008, 8636416, 487667, 487667, 0x314fda1432094ebcccbcb2a1aef91ac2794edc6b, ShaderCode, , MMORPG, WindowsClient, Base, Installed, 0, 8636416
44, 5ceefbddba1304c200000009, 0xC20413BADDFBEE5C, , <ShaderCode>, MMORPG-WindowsClient, 10551296, 9125888, 508692, 508692, 0xd1e3c441f80602909a62e1a169642e48c233d950, ShaderCode, , MMORPG, WindowsClient, Base, Installed, 0, 9125888
45, 2821fb6bebfbe69600000009, 0x96E6FBEB6BFB2128, , <ShaderCode>, MMORPG-WindowsClient, 11075584, 9635840, 511264, 511264, 0x9e39855825231a81b2fa21d4aa4af33df6caed99, ShaderCode, , MMORPG, WindowsClient, Base, Installed, 0, 9635840
46, e94d884968a2442000000009, 0x2044A26849884DE9, , <ShaderCode>, MMORPG-WindowsClient, 11599872, 10147840, 6402, 6402, 0x3b5c4a05bc7818511fa60b2be62d1df3a4986660, ShaderCode, , MMORPG, WindowsClient, Base, Installed, 0, 10147840
47, b2d887f62bfe74de00000009, 0xDE74FE2BF687D8B2, , <ShaderCode>, MMORPG-WindowsClient, 11665408, 10156032, 280021, 280021, 0x81b63b1702ea2011738f111c775c2eb7069abda3, ShaderCode, , MMORPG, WindowsClient, Base, Installed, 0, 10156032
48, 8855443cb9c0b14e00000009, 0x4EB1C0B93C445588, , <ShaderCode>, MMORPG-WindowsClient, 11993088, 10436608, 408628, 408628, 0x499bb47dee5b34fc915c7018b0209b012df0b533, ShaderCode, , MMORPG, WindowsClient, Base, Installed, 0, 10436608
49, 673b76ddcafce64300000009, 0x43E6FCCADD763B67, , <ShaderCode>, MMORPG-WindowsClient, 12451840, 10846208, 376918, 376918, 0xb1971623c63f6b5c7590352dee5dbb572106595f, ShaderCode, , MMORPG, WindowsClient, Base, Installed, 0, 10846208
50, 8d9416c45d47a5df00000009, 0xDFA5475DC416948D, , <ShaderCode>, MMORPG-WindowsClient, 12845056, 11225088, 9625, 9625, 0x20b7a5626311317181a4fc9dfb69c808d193b1a6, ShaderCode, , MMORPG, WindowsClient, Base, Installed, 0, 11225088
51, d8bce60e082eb23700000009, 0x37B22E080EE6BCD8, , <ShaderCode>, MMORPG-WindowsClient, 12910592, 11235328, 501714, 501714, 0xce6e78526d2fab6dcb670d2b05e416935418fc9d, ShaderCode, , MMORPG, WindowsClient, Base, Installed, 0, 11235328
52, 72cc013c44c3d7e400000009, 0xE4D7C3443C01CC72, , <ShaderCode>, MMORPG-WindowsClient, 13434880, 11737088, 215503, 215503, 0x0969bfb5ab2089cdf44a454023e674ca568ae7b7, ShaderCode, , MMORPG, WindowsClient, Base, Installed, 0, 11737088
53, b8802ce327db01a000000009, 0xA001DB27E32C80B8, , <ShaderCode>, MMORPG-WindowsClient, 13697024, 11954176, 3842, 3842, 0x9b53d39d974c3f6093db7440eb2e1b0a8add886e, ShaderCode, , MMORPG, WindowsClient, Base, Installed, 0, 11954176
54, d1ba471320f194ef00000009, 0xEF94F1201347BAD1, , <ShaderCode>, MMORPG-WindowsClient, 13762560, 11958272, 367803, 367803, 0x795bf28b36288443f3329c63b0781099ce904e6d, ShaderCode, , MMORPG, WindowsClient, Base, Installed, 0, 11958272
55, afbdb379ed55f17200000009, 0x72F155ED79B3BDAF, , <ShaderCode>, MMORPG-WindowsClient, 14155776, 12326912, 376755, 376755, 0x2db68045607461622dd61cd50c6b91200e3195df, ShaderCode, , MMORPG, WindowsClient, Base, Installed, 0, 12326912
56, 794b209a9486fd1300000009, 0x13FD86949A204B79, , <ShaderCode>, MMORPG-WindowsClient, 14548992, 12703744, 146287, 146287, 0x971f7f40a466d25f33c7d9f0f784bff744e02b0d, ShaderCode, , MMORPG, WindowsClient, Base, Installed, 0, 12703744
57, 4001344c93be861e00000009, 0x1E86BE934C340140, , <ShaderCode>, MMORPG-WindowsClient, 14745600, 12851200, 496639, 496639, 0x335e4c461c15ba0512dcc6f740b98548c177e6c4, ShaderCode, , MMORPG, WindowsClient, Base, Installed, 0, 12851200
58, c05c093cc97d1a6100000009, 0x611A7DC93C095CC0, , <ShaderCode>, MMORPG-WindowsClient, 15269888, 13348864, 20909, 20909, 0x904c6c3ad483e1f9d12a55f9ef34fd2b58a2f9a1, ShaderCode, , MMORPG, WindowsClient, Base, Installed, 0, 13348864
59, 0ec746633885d3d000000009, 0xD0D385386346C70E, , <ShaderCode>, MMORPG-WindowsClient, 15335424, 13371392, 23895, 23895, 0x22ce8d1c58ea9f8c7b8a298a559de2cc3e999c59, ShaderCode, , MMORPG, WindowsClient, Base, Installed, 0, 13371392
60, c6c1434d2068753800000009, 0x387568204D43C1C6, , <ShaderCode>, MMORPG-WindowsClient, 15400960, 13395968, 514360, 514360, 0x6d3fb1c6e2bc282fd802b09ebbb8847328b86417, ShaderCode, , MMORPG, WindowsClient, Base, Installed, 0, 13395968
61, 2b2a7e42fd91be4c00000009, 0x4CBE91FD427E2A2B, , <ShaderCode>, MMORPG-WindowsClient, 15925248, 13912064, 45922, 45922, 0xd327ba867fccbecda5b38a1b77c8b1421ec7a6bc, ShaderCode, , MMORPG, WindowsClient, Base, Installed, 0, 13912064
62, 7e88737fc33639c700000009, 0xC73936C37F73887E, , <ShaderCode>, MMORPG-WindowsClient, 15990784, 13959168, 507803, 507803, 0x62660b7f374e398574faa95044dfcefe47989761, ShaderCode, , MMORPG, WindowsClient, Base, Installed, 0, 13959168
63, e29d83f665790a9b00000009, 0x9B0A7965F6839DE2, , <ShaderCode>, MMORPG-WindowsClient, 16515072, 14467072, 286960, 286960, 0xa9f03385a394ad6ceae415736d1c61d5f8685f11, ShaderCode, , MMORPG, WindowsClient, Base, Installed, 0, 14467072
64, 73807d54e596524700000009, 0x475296E5547D8073, , <ShaderCode>, MMORPG-WindowsClient, 16842752, 14755840, 6115, 6115, 0x808e4ed7907ad0900bc7e57b6894d002ae7cfd1a, ShaderCode, , MMORPG, WindowsClient, Base, Installed, 0, 14755840
65, 0d25c4293c0d0e6500000009, 0x650E0D3C29C4250D, , <ShaderCode>, MMORPG-WindowsClient, 16908288, 14761984, 14350, 14350, 0x097b3f8d9eb138507fc2044bd8a97fb0f2247757, ShaderCode, , MMORPG, WindowsClient, Base, Installed, 0, 14761984
66, df195b27c1649a5d00000009, 0x5D9A64C1275B19DF, , <ShaderCode>, MMORPG-WindowsClient, 16973824, 14778368, 51718, 51718, 0xc9111951b33d9fe4f8b433aa86b97c0f54868711, ShaderCode, , MMORPG, WindowsClient, Base, Installed, 0, 14778368
67, 6972c93af34deb5700000009, 0x57EB4DF33AC97269, , <ShaderCode>, MMORPG-WindowsClient, 17039360, 14831616, 22663, 22663, 0x90849e71f47b67887f69399d4be5c76a741a877b, ShaderCode, , MMORPG, WindowsClient, Base, Installed, 0, 14831616
68, d0843fb349d1211b00000009, 0x1B21D149B33F84D0, , <ShaderCode>, MMORPG-WindowsClient, 17104896, 14856192, 541633, 541633, 0x04f64f0618eee414204f73660892a4e73554049e, ShaderCode, , MMORPG, WindowsClient, Base, Installed, 0, 14856192
69, 94eec5a325a3791600000009, 0x1679A325A3C5EE94, , <ShaderCode>, MMORPG-WindowsClient, 17694720, 15398912, 195498, 195498, 0x1490cc93f2d4f17f46ee484d8ac63b38248838f2, ShaderCode, , MMORPG, WindowsClient, Base, Installed, 0, 15398912
70, 83b1cdb28530fc8300000009, 0x83FC3085B2CDB183, , <ShaderCode>, MMORPG-WindowsClient, 17891328, 15595520, 538245, 538245, 0x431ec725daa0f633dddb865c564eaa61fca69229, ShaderCode, , MMORPG, WindowsClient, Base, Installed, 0, 15595520
71, 671aa5de0edf542700000009, 0x2754DF0EDEA51A67, , <ShaderCode>, MMORPG-WindowsClient, 18481152, 16134144, 384827, 384827, 0xb1dd1d0e6d68f6ea1943077d087451ae2b58f2b1, ShaderCode, , MMORPG, WindowsClient, Base, Installed, 0, 16134144
72, 75dbf9878ee2a8bf00000009, 0xBFA8E28E87F9DB75, , <ShaderCode>, MMORPG-WindowsClient, 18874368, 16519168, 4863, 4863, 0x83225969a34025328c796d60ff8f601f649d6710, ShaderCode, , MMORPG, WindowsClient, Base, Installed, 0, 16519168
73, 6b91fc4f21f19dea00000009, 0xEA9DF1214FFC916B, , <ShaderCode>, MMORPG-WindowsClient, 18939904, 16525312, 486074, 486074, 0xdaafa52204e6e2f7905686779548b37d56279a05, ShaderCode, , MMORPG, WindowsClient, Base, Installed, 0, 16525312
74, b2a2e4f1810520de00000009, 0xDE200581F1E4A2B2, , <ShaderCode>, MMORPG-WindowsClient, 19464192, 17012736, 323224, 323224, 0x049169dd4e5bf5a27c4a95b5da5141d361d9bd5d, ShaderCode, , MMORPG, WindowsClient, Base, Installed, 0, 17012736
75, bf1062ecb720f46800000009, 0x68F420B7EC6210BF, , <ShaderCode>, MMORPG-WindowsClient, 19791872, 17336320, 19254, 19254, 0xcdbd7e2653a86e315c34a54d29a04fa8a535b14f, ShaderCode, , MMORPG, WindowsClient, Base, Installed, 0, 17336320
76, 2152ef0f41f20d5700000009, 0x570DF2410FEF5221, , <ShaderCode>, MMORPG-WindowsClient, 19857408, 17356800, 299608, 299608, 0xd85a85d4af853e77efe489b715171e9d8bc8ee6d, ShaderCode, , MMORPG, WindowsClient, Base, Installed, 0, 17356800
77, 34bf591d67aa1df200000009, 0xF21DAA671D59BF34, , <ShaderCode>, MMORPG-WindowsClient, 20185088, 17657856, 445939, 445939, 0x6a598b90e4951ceadaeef1cb380f06954b0641e5, ShaderCode, , MMORPG, WindowsClient, Base, Installed, 0, 17657856
78, 76ddb28ef1168adc00000009, 0xDC8A16F18EB2DD76, , <ShaderCode>, MMORPG-WindowsClient, 20643840, 18104320, 490510, 490510, 0x2bcb9706c514102ced2c05003ccc912a1a731470, ShaderCode, , MMORPG, WindowsClient, Base, Installed, 0, 18104320
79, e088ec33ca483beb00000009, 0xEB3B48CA33EC88E0, , <ShaderCode>, MMORPG-WindowsClient, 21168128, 18595840, 10262, 10262, 0xfdeb445f3096a12051946d2ffa8c9f249b9dd003, ShaderCode, , MMORPG, WindowsClient, Base, Installed, 0, 18595840
80, a7cfb1fd537c601600000009, 0x16607C53FDB1CFA7, , <ShaderCode>, MMORPG-WindowsClient, 21233664, 18608128, 373322, 373322, 0x0290f5ae04d8199056989f2cf3f0d838605f6390, ShaderCode, , MMORPG, WindowsClient, Base, Installed, 0, 18608128
81, 206799eb6e2bacec00000009, 0xECAC2B6EEB996720, , <ShaderCode>, MMORPG-WindowsClient, 21626880, 18982912, 9537, 9537, 0x453c85cabf9d1e8dd49e3c379fb9592eb60f8f47, ShaderCode, , MMORPG, WindowsClient, Base, Installed, 0, 18982912
82, be291610392e9ac600000009, 0xC69A2E39101629BE, , <ShaderCode>, MMORPG-WindowsClient, 21692416, 18993152, 386637, 386637, 0x65798204324d5c63265fadb8c3dd2ca55e5dc0e9, ShaderCode, , MMORPG, WindowsClient, Base, Installed, 0, 18993152
83, de04f14eab706fe200000009, 0xE26F70AB4EF104DE, , <ShaderCode>, MMORPG-WindowsClient, 22085632, 19380224, 47831, 47831, 0x2453e9dbd77ecb826a1ab785d402b99c2108855d, ShaderCode, , MMORPG, WindowsClient, Base, Installed, 0, 19380224
84, af02976023d673e300000009, 0xE373D623609702AF, , <ShaderCode>, MMORPG-WindowsClient, 22151168, 19429376, 141516, 141516, 0x4bbc704a7ecf04262a265586e2881771c07045cf, ShaderCode, , MMORPG, WindowsClient, Base, Installed, 0, 19429376
85, d44463d0b211a37800000009, 0x78A311B2D06344D4, , <ShaderCode>, MMORPG-WindowsClient, 22347776, 19572736, 3388, 3388, 0x06d35e58aa1ff4458b188a303e9a6563860558dc, ShaderCode, , MMORPG, WindowsClient, Base, Installed, 0, 19572736
86, ffa16c7bd4b8637e00000009, 0x7E63B8D47B6CA1FF, , <ShaderCode>, MMORPG-WindowsClient, 22413312, 19576832, 72397, 72397, 0x82a98f77a61de508f8460a1d1dda4f21acecf113, ShaderCode, , MMORPG, WindowsClient, Base, Installed, 0, 19576832
87, 4901afb9e7bce41000000009, 0x10E4BCE7B9AF0149, , <ShaderCode>, MMORPG-WindowsClient, 22544384, 19650560, 297027, 297027, 0xdcde36c39a5d707f273ad212ae870c22f60f9aac, ShaderCode, , MMORPG, WindowsClient, Base, Installed, 0, 19650560
88, be3168aa2cc2061600000009, 0x1606C22CAA6831BE, , <ShaderCode>, MMORPG-WindowsClient, 22872064, 19949568, 281046, 281046, 0xf39a550048c527e3e76319c2f66d31b45d76b851, ShaderCode, , MMORPG, WindowsClient, Base, Installed, 0, 19949568
89, 4ab19b6946e2a9f000000009, 0xF0A9E246699BB14A, , <ShaderCode>, MMORPG-WindowsClient, 23199744, 20232192, 432909, 432909, 0xe9e970aed7e2c5cb75a6484e14db9671315a35fa, ShaderCode, , MMORPG, WindowsClient, Base, Installed, 0, 20232192
90, 9dcb780dd28edfd000000009, 0xD0DF8ED20D78CB9D, , <ShaderCode>, MMORPG-WindowsClient, 23658496, 20666368, 55536, 55536, 0x19110a01cc4049b5427a68a079ee90efbee6b7e9, ShaderCode, , MMORPG, WindowsClient, Base, Installed, 0, 20666368
91, b61dcabaac78595000000009, 0x505978ACBACA1DB6, , <ShaderCode>, MMORPG-WindowsClient, 23724032, 20723712, 497839, 497839, 0x85e2587361e6a8695e124fa65b7897bf82454bc6, ShaderCode, , MMORPG, WindowsClient, Base, Installed, 0, 20723712
92, 244a9188a4a6b90400000009, 0x4B9A6A488914A24, , <ShaderCode>, MMORPG-WindowsClient, 24248320, 21223424, 3810, 3810, 0xfb083419d6e2c4267c0a652e5f155df5fdf45fec, ShaderCode, , MMORPG, WindowsClient, Base, Installed, 0, 21223424
93, 095b5f0286f8f9c600000009, 0xC6F9F886025F5B09, , <ShaderCode>, MMORPG-WindowsClient, 24313856, 21227520, 428433, 428433, 0x4238669b05ed78a00386049f9b49b188b9bc884a, ShaderCode, , MMORPG, WindowsClient, Base, Installed, 0, 21227520
94, d1c7c45f305f49c900000009, 0xC9495F305FC4C7D1, , <ShaderCode>, MMORPG-WindowsClient, 24772608, 21657600, 375580, 375580, 0xf3bf78c0be61806c910ab69f0753a2cdd832a047, ShaderCode, , MMORPG, WindowsClient, Base, Installed, 0, 21657600
95, 0f2b5964cc88e31b00000009, 0x1BE388CC64592B0F, , <ShaderCode>, MMORPG-WindowsClient, 25165824, 22034432, 582220, 582220, 0x9d5ec9196f0d81e963a9c7b2df2c184efcf51a04, ShaderCode, , MMORPG, WindowsClient, Base, Installed, 0, 22034432
96, 59750fd671df554600000009, 0x4655DF71D60F7559, , <ShaderCode>, MMORPG-WindowsClient, 25755648, 22618112, 426980, 426980, 0x002bdac111c243b2ac37246168e76385d5a6e223, ShaderCode, , MMORPG, WindowsClient, Base, Installed, 0, 22618112
97, cb43e400839e8d4000000009, 0x408D9E8300E443CB, , <ShaderCode>, MMORPG-WindowsClient, 26214400, 23046144, 25794, 25794, 0x2d79c11362782a5fd9451c833757e3b15988d1e6, ShaderCode, , MMORPG, WindowsClient, Base, Installed, 0, 23046144
98, 1b34368961d8e01e00000009, 0x1EE0D8618936341B, , <ShaderCode>, MMORPG-WindowsClient, 26279936, 23072768, 391960, 391960, 0xc39b574df58e701a7640be5470198f3995118c64, ShaderCode, , MMORPG, WindowsClient, Base, Installed, 0, 23072768
99, 40c0ace8333a77dc00000009, 0xDC773A33E8ACC040, , <ShaderCode>, MMORPG-WindowsClient, 26673152, 23465984, 17660, 17660, 0x3086ebe0649a47598c8245b914ada8fda2de67e9, ShaderCode, , MMORPG, WindowsClient, Base, Installed, 0, 23465984
100, 2b3ee527966a23e900000009, 0xE9236A9627E53E2B, , <ShaderCode>, MMORPG-WindowsClient, 26738688, 23484416, 383328, 383328, 0x6d683ad6356fbb346ba577ebf1ef6d981ed8cb9e, ShaderCode, , MMORPG, WindowsClient, Base, Installed, 0, 23484416
101, ef4fd3304115578800000009, 0x8857154130D34FEF, , <ShaderCode>, MMORPG-WindowsClient, 27131904, 23869440, 2661, 2661, 0x3585d16b57b53d63cb3dff103510f2ab757bf82a, ShaderCode, , MMORPG, WindowsClient, Base, Installed, 0, 23869440
102, 1dd883804279464c00000009, 0x4C4679428083D81D, , <ShaderCode>, MMORPG-WindowsClient, 27197440, 23873536, 15857, 15857, 0x92db1532dd54463f703e961e89dbef8bd56d7459, ShaderCode, , MMORPG, WindowsClient, Base, Installed, 0, 23873536
103, 127604815027c75300000009, 0x53C7275081047612, , <ShaderCode>, MMORPG-WindowsClient, 27262976, 23889920, 25639, 25639, 0xaf5d8b53679dca43bf505c78cc78f5590f3bb5dc, ShaderCode, , MMORPG, WindowsClient, Base, Installed, 0, 23889920
104, 07770e92c3d7a00600000009, 0x6A0D7C3920E7707, , <ShaderCode>, MMORPG-WindowsClient, 27328512, 23916544, 375065, 375065, 0xc230e7175ca9377a89b20d937986ba722fe680c4, ShaderCode, , MMORPG, WindowsClient, Base, Installed, 0, 23916544
105, 2299b1839b2ebd6900000009, 0x69BD2E9B83B19922, , <ShaderCode>, MMORPG-WindowsClient, 27721728, 24293376, 325694, 325694, 0x159d712fd45f8997814dd48e3380d6b6ac0894fa, ShaderCode, , MMORPG, WindowsClient, Base, Installed, 0, 24293376
106, 3b70b984b5a92fe000000009, 0xE02FA9B584B9703B, , <ShaderCode>, MMORPG-WindowsClient, 28049408, 24621056, 150670, 150670, 0xb0478295f9d0a87c4a6a30654a3f914145546482, ShaderCode, , MMORPG, WindowsClient, Base, Installed, 0, 24621056
107, a617bc5c0d4319a800000009, 0xA819430D5CBC17A6, , <ShaderCode>, MMORPG-WindowsClient, 28246016, 24772608, 12471, 12471, 0x6696179aa191a3182e309616c227d25cf4838092, ShaderCode, , MMORPG, WindowsClient, Base, Installed, 0, 24772608
108, c564eef06865cb4f00000009, 0x4FCB6568F0EE64C5, , <ShaderCode>, MMORPG-WindowsClient, 28311552, 24786944, 554366, 554366, 0xfc56e7d05a161d0943c614b9a737a7c24c14b587, ShaderCode, , MMORPG, WindowsClient, Base, Installed, 0, 24786944
109, 0988419949b2520a00000009, 0xA52B24999418809, , <ShaderCode>, MMORPG-WindowsClient, 28901376, 25341952, 169679, 169679, 0xeadc43323ff52af4f80fe0ce3bd8628e46b474cb, ShaderCode, , MMORPG, WindowsClient, Base, Installed, 0, 25341952
110, 4bf990906b7fd4a900000009, 0xA9D47F6B9090F94B, , <ShaderCode>, MMORPG-WindowsClient, 29097984, 25511936, 12523, 12523, 0xd70153aea5ce523d8f9f56ee435cbd5a28d71889, ShaderCode, , MMORPG, WindowsClient, Base, Installed, 0, 25511936
111, d915e9d27394c94b00000009, 0x4BC99473D2E915D9, , <ShaderCode>, MMORPG-WindowsClient, 29163520, 25526272, 226114, 226114, 0x22c078d3b870a9e1c413376b835c1b96cd70f1b8, ShaderCode, , MMORPG, WindowsClient, Base, Installed, 0, 25526272
112, 7d8d9a9c51d4991e00000009, 0x1E99D4519C9A8D7D, , <ShaderCode>, MMORPG-WindowsClient, 29425664, 25753600, 131685, 131685, 0x370848d5b4f105c848b3d609d93c6347825ab70e, ShaderCode, , MMORPG, WindowsClient, Base, Installed, 0, 25753600
113, e58c53a9d8d00f7000000009, 0x700FD0D8A9538CE5, , <ShaderCode>, MMORPG-WindowsClient, 29622272, 25886720, 374790, 374790, 0x4c7f821835aa89e20fca5713b6cda5f25d44fe7d, ShaderCode, , MMORPG, WindowsClient, Base, Installed, 0, 25886720
114, 4d5ccbb6f2e3b70f00000009, 0xFB7E3F2B6CB5C4D, , <ShaderCode>, MMORPG-WindowsClient, 30015488, 26263552, 446310, 446310, 0x4fe169d3de325b01654f94c09f00feb358360fd0, ShaderCode, , MMORPG, WindowsClient, Base, Installed, 0, 26263552
115, 4cbc4b6fddae328f00000009, 0x8F32AEDD6F4BBC4C, , <ShaderCode>, MMORPG-WindowsClient, 30474240, 26710016, 488506, 488506, 0x257925c3ba059076b15dff168c44500968b4f3dd, ShaderCode, , MMORPG, WindowsClient, Base, Installed, 0, 26710016
116, aa3527676d65213200000009, 0x3221656D672735AA, , <ShaderCode>, MMORPG-WindowsClient, 30998528, 27199488, 39818, 39818, 0xf22bf32b2b910abf2369ed209652232029751a29, ShaderCode, , MMORPG, WindowsClient, Base, Installed, 0, 27199488
117, 5de2d98d67af3c9200000009, 0x923CAF678DD9E25D, , <ShaderCode>, MMORPG-WindowsClient, 31064064, 27240448, 2043, 2043, 0xa08214523aed19c11fbf89d6a1a91f61a7c3bcbb, ShaderCode, , MMORPG, WindowsClient, Base, Installed, 0, 27240448
118, 6e34ee2f547c496400000009, 0x64497C542FEE346E, , <ShaderCode>, MMORPG-WindowsClient, 31129600, 27242496, 375173, 375173, 0xae1d9f4614799f3e12c918665e44a74703fc201a, ShaderCode, , MMORPG, WindowsClient, Base, Installed, 0, 27242496
119, ee00a5e150c1a03500000009, 0x35A0C150E1A500EE, , <ShaderCode>, MMORPG-WindowsClient, 31522816, 27619328, 522235, 522235, 0xd5727d4562eefe19b5d0a97ae5aa839d780bd625, ShaderCode, , MMORPG, WindowsClient, Base, Installed, 0, 27619328
120, d9e656e2c76fb6aa00000009, 0xAAB66FC7E256E6D9, , <ShaderCode>, MMORPG-WindowsClient, 32047104, 28141568, 187406, 187406, 0xc8f2d10217086373a18b7a1b7810fc6f4ce49b9d, ShaderCode, , MMORPG, WindowsClient, Base, Installed, 0, 28141568
121, 56893d2c654a086700000009, 0x67084A652C3D8956, , <ShaderCode>, MMORPG-WindowsClient, 32243712, 28329984, 190837, 190837, 0xec2114fe74b46b9b86e19fc0a95cda6bf1455343, ShaderCode, , MMORPG, WindowsClient, Base, Installed, 0, 28329984
122, a1d43d535b9d6ed500000009, 0xD56E9D5B533DD4A1, , <ShaderCode>, MMORPG-WindowsClient, 32440320, 28522496, 163883, 163883, 0x543a9c58f2a49df8e6229e86b6074203924c3ad2, ShaderCode, , MMORPG, WindowsClient, Base, Installed, 0, 28522496
123, 006ad429138ae2fd00000009, 0xFDE28A1329D46A00, , <ShaderCode>, MMORPG-WindowsClient, 32636928, 28688384, 545745, 545745, 0x9c281e438651e05ec665be45d45ffc3072b633e7, ShaderCode, , MMORPG, WindowsClient, Base, Installed, 0, 28688384
124, ed138da616959dae00000009, 0xAE9D9516A68D13ED, , <ShaderCode>, MMORPG-WindowsClient, 33226752, 29235200, 46293, 46293, 0x437d7fec02effcceb564a0f9c9359a1a02464028, ShaderCode, , MMORPG, WindowsClient, Base, Installed, 0, 29235200
125, ce3c0485df3853fd00000009, 0xFD5338DF85043CCE, , <ShaderCode>, MMORPG-WindowsClient, 33292288, 29282304, 478632, 478632, 0x8bbbb5c82a0453e30a695a824185d9d8d9bc7082, ShaderCode, , MMORPG, WindowsClient, Base, Installed, 0, 29282304
126, b3e5f99b7277657a00000009, 0x7A6577729BF9E5B3, , <ShaderCode>, MMORPG-WindowsClient, 33816576, 29761536, 210479, 210479, 0x17b39fce39d1ade15aa0a9fa2399ef7518742615, ShaderCode, , MMORPG, WindowsClient, Base, Installed, 0, 29761536
127, dacb8c3b7fd1340800000009, 0x834D17F3B8CCBDA, , <ShaderCode>, MMORPG-WindowsClient, 34078720, 29972480, 176663, 176663, 0x6b7a35701da41b1a978711cf930e1c50509ae4f5, ShaderCode, , MMORPG, WindowsClient, Base, Installed, 0, 29972480
128, d8db4fe5dfe02dc400000009, 0xC42DE0DFE54FDBD8, , <ShaderCode>, MMORPG-WindowsClient, 34275328, 30150656, 532940, 532940, 0x2729d4e8d5dfae50faac1010ecf1430f05ec229a, ShaderCode, , MMORPG, WindowsClient, Base, Installed, 0, 30150656
129, 98d1583965a74ca500000009, 0xA54CA7653958D198, , <ShaderCode>, MMORPG-WindowsClient, 34865152, 30685184, 34496, 34496, 0x9ec737a6dfbf50b13b0b616433ec1a75aa4ef6ab, ShaderCode, , MMORPG, WindowsClient, Base, Installed, 0, 30685184
130, c6de2c1ff8a8417e00000009, 0x7E41A8F81F2CDEC6, , <ShaderCode>, MMORPG-WindowsClient, 34930688, 30720000, 23717, 23717, 0x85ed4fceea6e584701e6113208a341e22a44f92c, ShaderCode, , MMORPG, WindowsClient, Base, Installed, 0, 30720000
131, a828e0e619a4cc5e00000009, 0x5ECCA419E6E028A8, , <ShaderCode>, MMORPG-WindowsClient, 34996224, 30744576, 510964, 510964, 0x14f3e1664c865c0755b15fb74b3dae0d5171080e, ShaderCode, , MMORPG, WindowsClient, Base, Installed, 0, 30744576
132, 19edfd3794fd992b00000009, 0x2B99FD9437FDED19, , <ShaderCode>, MMORPG-WindowsClient, 35520512, 31256576, 89882, 89882, 0xff8e3abdd962bab3ad854d8daab8b9ca3b868640, ShaderCode, , MMORPG, WindowsClient, Base, Installed, 0, 31256576
133, 65fa18e7e6e8017100000009, 0x7101E8E6E718FA65, , <ShaderCode>, MMORPG-WindowsClient, 35651584, 31346688, 484920, 484920, 0x2a672681785c78ad0e990e2a305daf8f317090fe, ShaderCode, , MMORPG, WindowsClient, Base, Installed, 0, 31346688
134, 31168374a58ddd9900000009, 0x99DD8DA574831631, , <ShaderCode>, MMORPG-WindowsClient, 36175872, 31832064, 541965, 541965, 0xb57193a2c5a1b461eda4a0849139dc43f669b242, ShaderCode, , MMORPG, WindowsClient, Base, Installed, 0, 31832064
135, faaf6aaccbde96d000000009, 0xD096DECBAC6AAFFA, , <ShaderCode>, MMORPG-WindowsClient, 36765696, 32374784, 266838, 266838, 0x9a835d73311bb926d0087b25297fe9f2d58c47ca, ShaderCode, , MMORPG, WindowsClient, Base, Installed, 0, 32374784
136, 858ada1c0129240300000009, 0x32429011CDA8A85, , <ShaderCode>, MMORPG-WindowsClient, 37093376, 32643072, 5953, 5953, 0x08b64cd7bd66240924e235512c89644222ee54d4, ShaderCode, , MMORPG, WindowsClient, Base, Installed, 0, 32643072
137, d76ca5e071c5405300000009, 0x5340C571E0A56CD7, , <ShaderCode>, MMORPG-WindowsClient, 37158912, 32649216, 15965, 15965, 0x786812b9c52b6ff676b0326864d3fbae9887097e, ShaderCode, , MMORPG, WindowsClient, Base, Installed, 0, 32649216
138, f5ec0c3b5514c41e00000009, 0x1EC414553B0CECF5, , <ShaderCode>, MMORPG-WindowsClient, 37224448, 32665600, 3323, 3323, 0x1a65671273592c9faecdd85471e4ebe253d1053e, ShaderCode, , MMORPG, WindowsClient, Base, Installed, 0, 32665600
139, 515c83449f49787500000009, 0x7578499F44835C51, , <ShaderCode>, MMORPG-WindowsClient, 37289984, 32669696, 40081, 40081, 0x0819169aa0d1b4d8c42a4e8a37dc73f1e579de09, ShaderCode, , MMORPG, WindowsClient, Base, Installed, 0, 32669696
140, dd255ffd5a18f4d900000009, 0xD9F4185AFD5F25DD, , <ShaderCode>, MMORPG-WindowsClient, 37355520, 32710656, 344965, 344965, 0x7d664c8c0d87b46221b1f28b14007f37769f26b2, ShaderCode, , MMORPG, WindowsClient, Base, Installed, 0, 32710656
141, a693f3985eacb96e00000009, 0x6EB9AC5E98F393A6, , <ShaderCode>, MMORPG-WindowsClient, 37748736, 33056768, 12213, 12213, 0x000fd230ef4aa84beb7012f81a9af7ecd81289eb, ShaderCode, , MMORPG, WindowsClient, Base, Installed, 0, 33056768
142, a6de5fadbaa5dcd300000009, 0xD3DCA5BAAD5FDEA6, , <ShaderCode>, MMORPG-WindowsClient, 37814272, 33069056, 15738, 15738, 0x273ad94e635820f3aa4ce665206980f386fee739, ShaderCode, , MMORPG, WindowsClient, Base, Installed, 0, 33069056
143, 8e1b71a94bc4499700000009, 0x9749C44BA9711B8E, , <ShaderCode>, MMORPG-WindowsClient, 37879808, 33085440, 525717, 525717, 0xae1b70e0f90acdc87dc92ce7b16a2f720d17d9e3, ShaderCode, , MMORPG, WindowsClient, Base, Installed, 0, 33085440
144, d1d0a9fc5492cfab00000009, 0xABCF9254FCA9D0D1, , <ShaderCode>, MMORPG-WindowsClient, 38469632, 33611776, 76617, 76617, 0x2fec17e1e57e3740eef64096ddd7783a9ff99590, ShaderCode, , MMORPG, WindowsClient, Base, Installed, 0, 33611776
145, e27bbc3a859446d200000009, 0xD24694853ABC7BE2, , <ShaderCode>, MMORPG-WindowsClient, 38600704, 33689600, 26632, 26632, 0x18687bc5de6bfc7807c273a2562c2fb3c46b21d1, ShaderCode, , MMORPG, WindowsClient, Base, Installed, 0, 33689600
146, 34042bf93f95ccc000000009, 0xC0CC953FF92B0434, , <ShaderCode>, MMORPG-WindowsClient, 38666240, 33718272, 377708, 377708, 0xa3bafcd6614b7b9301b124e278ab2ec94e935be3, ShaderCode, , MMORPG, WindowsClient, Base, Installed, 0, 33718272
147, 85c1d7c0f5b8af1f00000009, 0x1FAFB8F5C0D7C185, , <ShaderCode>, MMORPG-WindowsClient, 39059456, 34097152, 111069, 111069, 0xc6f5dec0e763087113469e905c6fd78b8dbc18c2, ShaderCode, , MMORPG, WindowsClient, Base, Installed, 0, 34097152
148, 7ad0ce70483a402200000009, 0x22403A4870CED07A, , <ShaderCode>, MMORPG-WindowsClient, 39190528, 34209792, 6303, 6303, 0x6ff0c879924cb3094a653c395d0922736a6f6bb7, ShaderCode, , MMORPG, WindowsClient, Base, Installed, 0, 34209792
149, 9abc546c1fc5689d00000009, 0x9D68C51F6C54BC9A, , <ShaderCode>, MMORPG-WindowsClient, 39256064, 34217984, 548915, 548915, 0x668812b67624cb68f1a3dd08814722a9c11c9188, ShaderCode, , MMORPG, WindowsClient, Base, Installed, 0, 34217984
150, 1517ddbf1d63abb800000009, 0xB8AB631DBFDD1715, , <ShaderCode>, MMORPG-WindowsClient, 39845888, 34768896, 48299, 48299, 0xe70218c922e36460c34f59c0f4d7ba1181eed505, ShaderCode, , MMORPG, WindowsClient, Base, Installed, 0, 34768896
151, d05e006983eb0ed600000009, 0xD60EEB8369005ED0, , <ShaderCode>, MMORPG-WindowsClient, 39911424, 34818048, 104601, 104601, 0xe273b0d55eba6431156cd8de8d90a0eb29ce7d05, ShaderCode, , MMORPG, WindowsClient, Base, Installed, 0, 34818048
152, e7f559206e432bc700000009, 0xC72B436E2059F5E7, , <ShaderCode>, MMORPG-WindowsClient, 40042496, 34924544, 337359, 337359, 0x0fa2726918b931d1a60d302f91c8658c256f65be, ShaderCode, , MMORPG, WindowsClient, Base, Installed, 0, 34924544
153, d4a936833f7ad02300000009, 0x23D07A3F8336A9D4, , <ShaderCode>, MMORPG-WindowsClient, 40435712, 35262464, 24139, 24139, 0xc74d06f623be899cc64903c5e2d72296fdf8423b, ShaderCode, , MMORPG, WindowsClient, Base, Installed, 0, 35262464
154, 7e014e011a6b328a00000009, 0x8A326B1A014E017E, , <ShaderCode>, MMORPG-WindowsClient, 40501248, 35287040, 590403, 590403, 0xb69e0ca7e0c7ff7c57533d86d4e341452a50c87b, ShaderCode, , MMORPG, WindowsClient, Base, Installed, 0, 35287040
155, 2075483afa39406700000009, 0x674039FA3A487520, , <ShaderCode>, MMORPG-WindowsClient, 41156608, 35878912, 24279, 24279, 0x87b60711601c3754049ac382141c84ea2b8c0f24, ShaderCode, , MMORPG, WindowsClient, Base, Installed, 0, 35878912
156, 84aab2630e6c082b00000009, 0x2B086C0E63B2AA84, , <ShaderCode>, MMORPG-WindowsClient, 41222144, 35903488, 36385, 36385, 0xc100ae9ff7855cdecb1d022afd9b762140fc44c9, ShaderCode, , MMORPG, WindowsClient, Base, Installed, 0, 35903488
157, 1b23643f457df89f00000009, 0x9FF87D453F64231B, , <ShaderCode>, MMORPG-WindowsClient, 41287680, 35940352, 8995, 8995, 0x3f2d3fb7dbcc493cc2278b7ca03264cc249efadb, ShaderCode, , MMORPG, WindowsClient, Base, Installed, 0, 35940352
158, 3abd768cc209bfea00000009, 0xEABF09C28C76BD3A, , <ShaderCode>, MMORPG-WindowsClient, 41353216, 35950592, 14729, 14729, 0x5d562191d1c8b3a96ebbc4d1338381064ca9989d, ShaderCode, , MMORPG, WindowsClient, Base, Installed, 0, 35950592
159, a1d47809bdcf4ff400000009, 0xF44FCFBD0978D4A1, , <ShaderCode>, MMORPG-WindowsClient, 41418752, 35966976, 50170, 50170, 0x45d61ed79d1715662c7c612e3564926868871b90, ShaderCode, , MMORPG, WindowsClient, Base, Installed, 0, 35966976
160, 5d06b13bb4a98e5700000009, 0x578EA9B43BB1065D, , <ShaderCode>, MMORPG-WindowsClient, 41484288, 36018176, 272171, 272171, 0xbe59cf8caeaaef306ad05b1ad72d282e2a1100a6, ShaderCode, , MMORPG, WindowsClient, Base, Installed, 0, 36018176
161, 2386c7666398603900000009, 0x3960986366C78623, , <ShaderCode>, MMORPG-WindowsClient, 41811968, 36290560, 577887, 577887, 0xf12236688acc41568443bcb36af455a0fcbae12e, ShaderCode, , MMORPG, WindowsClient, Base, Installed, 0, 36290560
162, 0a47a8a27032243700000009, 0x37243270A2A8470A, , <ShaderCode>, MMORPG-WindowsClient, 42401792, 36870144, 3922, 3922, 0x0c8d8920a502030227c93dc8397281dc62524f15, ShaderCode, , MMORPG, WindowsClient, Base, Installed, 0, 36870144
163, 71914546ec2a978100000009, 0x81972AEC46459171, , <ShaderCode>, MMORPG-WindowsClient, 42467328, 36874240, 2924, 2924, 0x2f8978452209e2db3db5d84497d31535e249be49, ShaderCode, , MMORPG, WindowsClient, Base, Installed, 0, 36874240
164, bee2540396cbcf0a00000009, 0xACFCB960354E2BE, , <ShaderCode>, MMORPG-WindowsClient, 42532864, 36878336, 77488, 77488, 0xb8ebe7b00d6f3597757177c65a4344adeb3aa0f6, ShaderCode, , MMORPG, WindowsClient, Base, Installed, 0, 36878336
165, c99ee06c01ffd70f00000009, 0xFD7FF016CE09EC9, , <ShaderCode>, MMORPG-WindowsClient, 42663936, 36956160, 10801, 10801, 0xf2697cd9f601b0023adb310cfd24d75cf5c009fd, ShaderCode, , MMORPG, WindowsClient, Base, Installed, 0, 36956160
166, 4d2bfbe61384c1b900000009, 0xB9C18413E6FB2B4D, , <ShaderCode>, MMORPG-WindowsClient, 42729472, 36968448, 396644, 396644, 0x5f640cac8c734ce0c17229b9a7f06fe2f7e69a8f, ShaderCode, , MMORPG, WindowsClient, Base, Installed, 0, 36968448
167, 8d67d22f6f8de2c100000009, 0xC1E28D6F2FD2678D, , <ShaderCode>, MMORPG-WindowsClient, 43188224, 37365760, 31299, 31299, 0xd1dd055ce53ee16f7dd4baba9ac6d55ff5e0c8f1, ShaderCode, , MMORPG, WindowsClient, Base, Installed, 0, 37365760
168, 00bdae5d0d0b2ed800000009, 0xD82E0B0D5DAEBD00, , <ShaderCode>, MMORPG-WindowsClient, 43253760, 37398528, 10038, 10038, 0x7ae45a055e20a31c502fe19eccd7be25c023e002, ShaderCode, , MMORPG, WindowsClient, Base, Installed, 0, 37398528
169, 86674e687a50caad00000009, 0xADCA507A684E6786, , <ShaderCode>, MMORPG-WindowsClient, 43319296, 37408768, 8234, 8234, 0x826bb51a3fb4dc9d48b121e3e5b68a3b991bdd2c, ShaderCode, , MMORPG, WindowsClient, Base, Installed, 0, 37408768
170, 2ef5384db3b2c17e00000009, 0x7EC1B2B34D38F52E, , <ShaderCode>, MMORPG-WindowsClient, 43384832, 37419008, 6594, 6594, 0x7ceb8d6a130abd7776d9571139930ecf0c22dc7b, ShaderCode, , MMORPG, WindowsClient, Base, Installed, 0, 37419008
171, b8e0ebafa1b5c1e900000009, 0xE9C1B5A1AFEBE0B8, , <ShaderCode>, MMORPG-WindowsClient, 43450368, 37427200, 15121, 15121, 0x9a8f7a12655e5fa90ad5d47df151fd8616ec65c0, ShaderCode, , MMORPG, WindowsClient, Base, Installed, 0, 37427200
172, ec746ea2bf56634800000009, 0x486356BFA26E74EC, , <ShaderCode>, MMORPG-WindowsClient, 43515904, 37443584, 130037, 130037, 0xd7dd1bfd0a8a37df398e8c7ae5c01071d32a1832, ShaderCode, , MMORPG, WindowsClient, Base, Installed, 0, 37443584
173, d7d1f608f483d3c600000009, 0xC6D383F408F6D1D7, , <ShaderCode>, MMORPG-WindowsClient, 43646976, 37574656, 17852, 17852, 0xcf40554f1a5f43d9fd44517b680b834b07eb7681, ShaderCode, , MMORPG, WindowsClient, Base, Installed, 0, 37574656
174, 4cb4a779874c5ff600000009, 0xF65F4C8779A7B44C, , <ShaderCode>, MMORPG-WindowsClient, 43712512, 37593088, 496278, 496278, 0x4c1568da18c321eb0793a950147159988ed3e4be, ShaderCode, , MMORPG, WindowsClient, Base, Installed, 0, 37593088
175, 6702b663c85cd1f600000009, 0xF6D15CC863B60267, , <ShaderCode>, MMORPG-WindowsClient, 44236800, 38090752, 6382, 6382, 0xd3ce99b8826d5fc92c67bcb4c22dcf96ce9e207c, ShaderCode, , MMORPG, WindowsClient, Base, Installed, 0, 38090752
176, 200295bec44039a800000009, 0xA83940C4BE950220, , <ShaderCode>, MMORPG-WindowsClient, 44302336, 38098944, 13462, 13462, 0x2113998f6cc49e2f72f6d27cb0ef47b5e92e17e1, ShaderCode, , MMORPG, WindowsClient, Base, Installed, 0, 38098944
177, 9200909e66791c2100000009, 0x211C79669E900092, , <ShaderCode>, MMORPG-WindowsClient, 44367872, 38113280, 13662, 13662, 0x6746ce7c8c1f45f2ad12066a325545ca180906d2, ShaderCode, , MMORPG, WindowsClient, Base, Installed, 0, 38113280
178, 5cc6794f5f19a53100000009, 0x31A5195F4F79C65C, , <ShaderCode>, MMORPG-WindowsClient, 44433408, 38127616, 212813, 212813, 0xf1a9e26be524825ead703d18bfb1acd51e234587, ShaderCode, , MMORPG, WindowsClient, Base, Installed, 0, 38127616
179, 175e672910e8afa400000009, 0xA4AFE81029675E17, , <ShaderCode>, MMORPG-WindowsClient, 44695552, 38340608, 608882, 608882, 0x85244a27159082bef4a355c14be4c1f9c9cc624e, ShaderCode, , MMORPG, WindowsClient, Base, Installed, 0, 38340608
180, 1b003e1f2ab7035a00000009, 0x5A03B72A1F3E001B, , <ShaderCode>, MMORPG-WindowsClient, 45350912, 38950912, 11736, 11736, 0x0ed52094b20b00224a113b4b2ed1c80ba5d31714, ShaderCode, , MMORPG, WindowsClient, Base, Installed, 0, 38950912
181, 594fcf8f7034637d00000009, 0x7D6334708FCF4F59, , <ShaderCode>, MMORPG-WindowsClient, 45416448, 38963200, 515933, 515933, 0xdef0e2c441245ee46594a4161d37f4241e8860bd, ShaderCode, , MMORPG, WindowsClient, Base, Installed, 0, 38963200
182, 68af9a36b67f603700000009, 0x37607FB6369AAF68, , <ShaderCode>, MMORPG-WindowsClient, 45940736, 39479296, 5752, 5752, 0x5f814f557077655b5b3f69cb57c3fceaac7c2959, ShaderCode, , MMORPG, WindowsClient, Base, Installed, 0, 39479296
183, 00f7370440c58bbc00000009, 0xBC8BC5400437F700, , <ShaderCode>, MMORPG-WindowsClient, 46006272, 39485440, 547764, 547764, 0xd942d29f09772c2802b0d0aa24fa71d97b66a188, ShaderCode, , MMORPG, WindowsClient, Base, Installed, 0, 39485440
184, da3036dafe1531b100000009, 0xB13115FEDA3630DA, , <ShaderCode>, MMORPG-WindowsClient, 46596096, 40034304, 13447, 13447, 0xb3865f27d336b657659fbcb5735c8023be2fea11, ShaderCode, , MMORPG, WindowsClient, Base, Installed, 0, 40034304
185, a85d0d4bc46feb9400000009, 0x94EB6FC44B0D5DA8, , <ShaderCode>, MMORPG-WindowsClient, 46661632, 40048640, 552302, 552302, 0xf7c49a1c9c4135ddb4563d1bc7351e5e3375904a, ShaderCode, , MMORPG, WindowsClient, Base, Installed, 0, 40048640
186, 214010099904a1fc00000009, 0xFCA1049909104021, , <ShaderCode>, MMORPG-WindowsClient, 47251456, 40601600, 3967, 3967, 0xabc347f60c8e029bdf98921eca7e3af4b3b31504, ShaderCode, , MMORPG, WindowsClient, Base, Installed, 0, 40601600
187, 19d3e6491b98eabe00000009, 0xBEEA981B49E6D319, , <ShaderCode>, MMORPG-WindowsClient, 47316992, 40605696, 12846, 12846, 0x8ecafe27abd85544b3b993ce3e6faf869939f9dc, ShaderCode, , MMORPG, WindowsClient, Base, Installed, 0, 40605696
188, b465164a2c70f7b600000009, 0xB6F7702C4A1665B4, , <ShaderCode>, MMORPG-WindowsClient, 47382528, 40620032, 4500, 4500, 0xea5c8d2ca05fc95e08267b44a9d4b49c17efe674, ShaderCode, , MMORPG, WindowsClient, Base, Installed, 0, 40620032
189, cb29f92437985d4b00000009, 0x4B5D983724F929CB, , <ShaderCode>, MMORPG-WindowsClient, 47448064, 40626176, 425624, 425624, 0xafdaa3da5292171a1f684d337477934e3c664143, ShaderCode, , MMORPG, WindowsClient, Base, Installed, 0, 40626176
190, 794fd1e0c3809ed900000009, 0xD99E80C3E0D14F79, , <ShaderCode>, MMORPG-WindowsClient, 47906816, 41052160, 122927, 122927, 0x430e3f5243933e8fd4bb2217ac6b4fe67bd5566d, ShaderCode, , MMORPG, WindowsClient, Base, Installed, 0, 41052160
191, 96e908f8f4e557b400000009, 0xB457E5F4F808E996, , <ShaderCode>, MMORPG-WindowsClient, 48037888, 41177088, 6114, 6114, 0x8401114e13d96b01bb601a50c12ddcc83317af97, ShaderCode, , MMORPG, WindowsClient, Base, Installed, 0, 41177088
192, fb48eebf509bfc0500000009, 0x5FC9B50BFEE48FB, , <ShaderCode>, MMORPG-WindowsClient, 48103424, 41183232, 11178, 11178, 0x53f0360122306dfe232335e465ddfb323d5a2860, ShaderCode, , MMORPG, WindowsClient, Base, Installed, 0, 41183232
193, 4aabd0035804d75f00000009, 0x5FD7045803D0AB4A, , <ShaderCode>, MMORPG-WindowsClient, 48168960, 41195520, 4650, 4650, 0xa5dc5502207bc0328e7203f99f63b3f46b73991b, ShaderCode, , MMORPG, WindowsClient, Base, Installed, 0, 41195520
194, a682bfbd36aa6d3900000009, 0x396DAA36BDBF82A6, , <ShaderCode>, MMORPG-WindowsClient, 48234496, 41201664, 365869, 365869, 0xdc5e9d7226619be771ae1a0a8a77de59e87eb414, ShaderCode, , MMORPG, WindowsClient, Base, Installed, 0, 41201664
195, 706fc1626632606100000009, 0x6160326662C16F70, , <ShaderCode>, MMORPG-WindowsClient, 48627712, 41568256, 9919, 9919, 0xa4aa1ba357d3a3c0091d9237097414cb8b5037ad, ShaderCode, , MMORPG, WindowsClient, Base, Installed, 0, 41568256
196, aab50339e5a5294c00000009, 0x4C29A5E53903B5AA, , <ShaderCode>, MMORPG-WindowsClient, 48693248, 41578496, 283395, 283395, 0xd4071584822dbd59149a06cf3a466c4b6d654deb, ShaderCode, , MMORPG, WindowsClient, Base, Installed, 0, 41578496
197, 8e8f66441367d1ba00000009, 0xBAD1671344668F8E, , <ShaderCode>, MMORPG-WindowsClient, 49020928, 41863168, 120151, 120151, 0xb9a9391986a2f3a4228328766e0664ae001c6b32, ShaderCode, , MMORPG, WindowsClient, Base, Installed, 0, 41863168
198, 61a1800f0496fb2b00000009, 0x2BFB96040F80A161, , <ShaderCode>, MMORPG-WindowsClient, 49152000, 41984000, 498836, 498836, 0xfbe1074d0ed4b9c4687649997b463892aa8f7744, ShaderCode, , MMORPG, WindowsClient, Base, Installed, 0, 41984000
199, 2c5c5f23f8c1bd6100000009, 0x61BDC1F8235F5C2C, , <ShaderCode>, MMORPG-WindowsClient, 49676288, 42483712, 7097, 7097, 0x58bbae6abf0265487d50701597e362ebcf03f474, ShaderCode, , MMORPG, WindowsClient, Base, Installed, 0, 42483712
200, 52668080771706f800000009, 0xF806177780806652, , <ShaderCode>, MMORPG-WindowsClient, 49741824, 42491904, 5234, 5234, 0x36c9f74cfe56a4f748cb20803f8064cb05c4b77c, ShaderCode, , MMORPG, WindowsClient, Base, Installed, 0, 42491904
201, c37515cb48f9fa9800000009, 0x98FAF948CB1575C3, , <ShaderCode>, MMORPG-WindowsClient, 49807360, 42498048, 5025, 5025, 0x340791e048152d8c97246088275aa0e65b1a2483, ShaderCode, , MMORPG, WindowsClient, Base, Installed, 0, 42498048
202, 4a5de64b4e95d7d800000009, 0xD8D7954E4BE65D4A, , <ShaderCode>, MMORPG-WindowsClient, 49872896, 42504192, 18884, 18884, 0xe6877374c13a49b4db0a911c47b1ed5551123524, ShaderCode, , MMORPG, WindowsClient, Base, Installed, 0, 42504192
203, 065d0156a678ecd300000009, 0xD3EC78A656015D06, , <ShaderCode>, MMORPG-WindowsClient, 49938432, 42524672, 373768, 373768, 0xbb961231b1301f119e83baa8383cc3e03656c041, ShaderCode, , MMORPG, WindowsClient, Base, Installed, 0, 42524672
204, 176d2afe145f226f00000009, 0x6F225F14FE2A6D17, , <ShaderCode>, MMORPG-WindowsClient, 50331648, 42899456, 258792, 258792, 0xc88c68a1485f1c6bd42c0035be77e9209461c57c, ShaderCode, , MMORPG, WindowsClient, Base, Installed, 0, 42899456
205, 96cbb95fa3ae539400000009, 0x9453AEA35FB9CB96, , <ShaderCode>, MMORPG-WindowsClient, 50593792, 43159552, 485313, 485313, 0xb252d88c74a63b51755dd2cdc0271b2bf9b0c20e, ShaderCode, , MMORPG, WindowsClient, Base, Installed, 0, 43159552
206, 0e053b629dcbdb1c00000009, 0x1CDBCB9D623B050E, , <ShaderCode>, MMORPG-WindowsClient, 51118080, 43644928, 36751, 36751, 0x683f7b1ddfd5eb66161144616014ef2f0ac62722, ShaderCode, , MMORPG, WindowsClient, Base, Installed, 0, 43644928
207, 0a301dd56f6ce75800000009, 0x58E76C6FD51D300A, , <ShaderCode>, MMORPG-WindowsClient, 51183616, 43681792, 258939, 258939, 0x3e789a4d4c646225a7cb95e400ea1a427eefcd4f, ShaderCode, , MMORPG, WindowsClient, Base, Installed, 0, 43681792
208, ed5b481e5fe877dc00000009, 0xDC77E85F1E485BED, , <ShaderCode>, MMORPG-WindowsClient, 51445760, 43941888, 592676, 592676, 0x2b8071ede602825b0f8a637fa6d7bb16633961b4, ShaderCode, , MMORPG, WindowsClient, Base, Installed, 0, 43941888
209, dbd1a44500dff6ce00000009, 0xCEF6DF0045A4D1DB, , <ShaderCode>, MMORPG-WindowsClient, 52101120, 44535808, 11629, 11629, 0x9f05024fc95f23fb4d73b87997c4792d96787d9b, ShaderCode, , MMORPG, WindowsClient, Base, Installed, 0, 44535808
210, 88f5a52f418f2bc000000009, 0xC02B8F412FA5F588, , <ShaderCode>, MMORPG-WindowsClient, 52166656, 44548096, 369809, 369809, 0xb5f4426206773307234e6433ac03cbe18a8c15d9, ShaderCode, , MMORPG, WindowsClient, Base, Installed, 0, 44548096
211, 4b4d222547cd20d400000009, 0xD420CD4725224D4B, , <ShaderCode>, MMORPG-WindowsClient, 52559872, 44918784, 378028, 378028, 0x9d1077122170e63ce72fd7ac05443285137ea190, ShaderCode, , MMORPG, WindowsClient, Base, Installed, 0, 44918784
212, 8720b8293fd1e54b00000009, 0x4BE5D13F29B82087, , <ShaderCode>, MMORPG-WindowsClient, 52953088, 45297664, 18538, 18538, 0xd3109154512a8d8beef2e55f1ffd2956c337c650, ShaderCode, , MMORPG, WindowsClient, Base, Installed, 0, 45297664
213, 1161665c66d8fa3b00000009, 0x3BFAD8665C666111, , <ShaderCode>, MMORPG-WindowsClient, 53018624, 45318144, 10396, 10396, 0x02bea47ed805b31c009f1a43e24c7783d15b913e, ShaderCode, , MMORPG, WindowsClient, Base, Installed, 0, 45318144
214, 0d8e5c0ae8da5b1900000009, 0x195BDAE80A5C8E0D, , <ShaderCode>, MMORPG-WindowsClient, 53084160, 45330432, 22654, 22654, 0xafbed5308aa883f315d5b778ac811da99c6150c3, ShaderCode, , MMORPG, WindowsClient, Base, Installed, 0, 45330432
215, 1b168d57a3d0da9c00000009, 0x9CDAD0A3578D161B, , <ShaderCode>, MMORPG-WindowsClient, 53149696, 45355008, 507380, 507380, 0x8391424e03256051b0fd64663b2831dbd7a20764, ShaderCode, , MMORPG, WindowsClient, Base, Installed, 0, 45355008
216, 15344d3928cd818800000009, 0x8881CD28394D3415, , <ShaderCode>, MMORPG-WindowsClient, 53673984, 45862912, 209449, 209449, 0x341aa533ff86c6b7883f40deda23a0b2f5e02a50, ShaderCode, , MMORPG, WindowsClient, Base, Installed, 0, 45862912
217, 7e8b714ac5aecee600000009, 0xE6CEAEC54A718B7E, , <ShaderCode>, MMORPG-WindowsClient, 53936128, 46073856, 25633, 25633, 0xe2dc929ae4c850ad8d14486bdee679639286c173, ShaderCode, , MMORPG, WindowsClient, Base, Installed, 0, 46073856
218, 416fbc33b961fbfb00000009, 0xFBFB61B933BC6F41, , <ShaderCode>, MMORPG-WindowsClient, 54001664, 46100480, 6373, 6373, 0x771ba83c8dfa3edba3a3d50b669fd7852a02ecf3, ShaderCode, , MMORPG, WindowsClient, Base, Installed, 0, 46100480
219, 42669ffc6684421100000009, 0x11428466FC9F6642, , <ShaderCode>, MMORPG-WindowsClient, 54067200, 46108672, 490935, 490935, 0xd1c0afae9aaa40b4750ac94f7a0719f0f7fcd421, ShaderCode, , MMORPG, WindowsClient, Base, Installed, 0, 46108672
220, 5bad9c242c130a1c00000009, 0x1C0A132C249CAD5B, , <ShaderCode>, MMORPG-WindowsClient, 54591488, 46600192, 18830, 18830, 0x3559bd35b6e29ed089a11dd0a00d0e79ef3e4374, ShaderCode, , MMORPG, WindowsClient, Base, Installed, 0, 46600192
221, b1ce95482cb0f24000000009, 0x40F2B02C4895CEB1, , <ShaderCode>, MMORPG-WindowsClient, 54657024, 46620672, 447439, 447439, 0x3a0e3a335ac716da2d831fb09ea2878573712074, ShaderCode, , MMORPG, WindowsClient, Base, Installed, 0, 46620672
222, ecdba644126c332e00000009, 0x2E336C1244A6DBEC, , <ShaderCode>, MMORPG-WindowsClient, 55115776, 47069184, 418145, 418145, 0xcc609fe938a251602b594c4fcddc5e454c8da615, ShaderCode, , MMORPG, WindowsClient, Base, Installed, 0, 47069184
223, b2f29687f76cc0de00000009, 0xDEC06CF78796F2B2, , <ShaderCode>, MMORPG-WindowsClient, 55574528, 47489024, 7926, 7926, 0xab438f48baff1f0e82aec3fdecffe4369fb82229, ShaderCode, , MMORPG, WindowsClient, Base, Installed, 0, 47489024
224, bc4d90e3ebab03cc00000009, 0xCC03ABEBE3904DBC, , <ShaderCode>, MMORPG-WindowsClient, 55640064, 47497216, 86165, 86165, 0xb8efe9e780269269c753b19eaeba0f5b0429d597, ShaderCode, , MMORPG, WindowsClient, Base, Installed, 0, 47497216
225, 9b68eb38187093b600000009, 0xB693701838EB689B, , <ShaderCode>, MMORPG-WindowsClient, 55771136, 47585280, 36252, 36252, 0x67d60c0ef23f260e953e53431b10d35d85b536b5, ShaderCode, , MMORPG, WindowsClient, Base, Installed, 0, 47585280
226, ecebc77d9d7d812e00000009, 0x2E817D9D7DC7EBEC, , <ShaderCode>, MMORPG-WindowsClient, 55836672, 47622144, 517794, 517794, 0x329e1eb809328944375e8a8ab5f3b64c331acc20, ShaderCode, , MMORPG, WindowsClient, Base, Installed, 0, 47622144
227, 1c9bec2a6b534fee00000009, 0xEE4F536B2AEC9B1C, , <ShaderCode>, MMORPG-WindowsClient, 56360960, 48140288, 530239, 530239, 0x86d754cd45e5416791b1fbd94514198d95c9b67f, ShaderCode, , MMORPG, WindowsClient, Base, Installed, 0, 48140288
228, ee2345c23b082b0800000009, 0x82B083BC24523EE, , <ShaderCode>, MMORPG-WindowsClient, 56950784, 48670720, 6333, 6333, 0x69a923a05e71819700c53af433008771fdb0713e, ShaderCode, , MMORPG, WindowsClient, Base, Installed, 0, 48670720
229, 1f31937873724d7800000009, 0x784D72737893311F, , <ShaderCode>, MMORPG-WindowsClient, 57016320, 48678912, 447194, 447194, 0x495f7cf8bee78e53e269957e32d79e2dcbb92dbe, ShaderCode, , MMORPG, WindowsClient, Base, Installed, 0, 48678912
230, 6759dcc48c8336a300000009, 0xA336838CC4DC5967, , <ShaderCode>, MMORPG-WindowsClient, 57475072, 49127424, 34687, 34687, 0xa57949dc74f89542f4e8d0ca5e84c829a102e0c6, ShaderCode, , MMORPG, WindowsClient, Base, Installed, 0, 49127424
231, 9763415f6d80470500000009, 0x547806D5F416397, , <ShaderCode>, MMORPG-WindowsClient, 57540608, 49162240, 21861, 21861, 0xd3b4a43eb1943ae0fe4b090ad64db4d7a1be9969, ShaderCode, , MMORPG, WindowsClient, Base, Installed, 0, 49162240
232, f8472e7be0fc77fb00000009, 0xFB77FCE07B2E47F8, , <ShaderCode>, MMORPG-WindowsClient, 57606144, 49184768, 4099, 4099, 0xd1f622cd90c1462141299aeaf37a1ff8e480114d, ShaderCode, , MMORPG, WindowsClient, Base, Installed, 0, 49184768
233, 87fd6658142a2adc00000009, 0xDC2A2A145866FD87, , <ShaderCode>, MMORPG-WindowsClient, 57671680, 49190912, 504910, 504910, 0x220616c7d9bd94f7a14b654c927edd6ea45c9e33, ShaderCode, , MMORPG, WindowsClient, Base, Installed, 0, 49190912
234, 7ba916a92843863900000009, 0x39864328A916A97B, , <ShaderCode>, MMORPG-WindowsClient, 58195968, 49696768, 65137, 65137, 0x2673b8f00cf27cc656d386f50d07a02e9363af50, ShaderCode, , MMORPG, WindowsClient, Base, Installed, 0, 49696768
235, 7a04310aa0da565c00000009, 0x5C56DAA00A31047A, , <ShaderCode>, MMORPG-WindowsClient, 58261504, 49762304, 8896, 8896, 0x656b5746c86e7c7ff42cccdcb8380645e7b5a74a, ShaderCode, , MMORPG, WindowsClient, Base, Installed, 0, 49762304
236, 05d39dfa0113ee7400000009, 0x74EE1301FA9DD305, , <ShaderCode>, MMORPG-WindowsClient, 58327040, 49772544, 8886, 8886, 0x578b2c00f5b766406f709ac3b957e55f343c9204, ShaderCode, , MMORPG, WindowsClient, Base, Installed, 0, 49772544
237, 5ba62fc234f7508700000009, 0x8750F734C22FA65B, , <ShaderCode>, MMORPG-WindowsClient, 58392576, 49782784, 21061, 21061, 0x7081b0dc5ae0d06cbd15c75e45e288dc1c3f086e, ShaderCode, , MMORPG, WindowsClient, Base, Installed, 0, 49782784
238, 307b7b8d53ddf8aa00000009, 0xAAF8DD538D7B7B30, , <ShaderCode>, MMORPG-WindowsClient, 58458112, 49805312, 18231, 18231, 0x974cc14afaad76f69d6468a6b8afb7d6488399c4, ShaderCode, , MMORPG, WindowsClient, Base, Installed, 0, 49805312
239, 74bc7dd16d881c3600000009, 0x361C886DD17DBC74, , <ShaderCode>, MMORPG-WindowsClient, 58523648, 49823744, 11558, 11558, 0x4a017841861ed24925501d9b394f45ac1b854ead, ShaderCode, , MMORPG, WindowsClient, Base, Installed, 0, 49823744
240, 62f28b28488c447f00000009, 0x7F448C48288BF262, , <ShaderCode>, MMORPG-WindowsClient, 58589184, 49836032, 588104, 588104, 0x126c27f2327bc98e762b09909de8ffe9be2050c2, ShaderCode, , MMORPG, WindowsClient, Base, Installed, 0, 49836032
241, 272cfae930c1bd5700000009, 0x57BDC130E9FA2C27, , <ShaderCode>, MMORPG-WindowsClient, 59179008, 50425856, 7614, 7614, 0x4d22694b05364ab510135b1b6f6ff7e35eb46620, ShaderCode, , MMORPG, WindowsClient, Base, Installed, 0, 50425856
242, 41ea952cbf69a4ab00000009, 0xABA469BF2C95EA41, , <ShaderCode>, MMORPG-WindowsClient, 59244544, 50434048, 4203, 4203, 0x300eacc84eedd7301f4725246c59dd3f8ef64c02, ShaderCode, , MMORPG, WindowsClient, Base, Installed, 0, 50434048
243, 02d9b5df16b4af6d00000009, 0x6DAFB416DFB5D902, , <ShaderCode>, MMORPG-WindowsClient, 59310080, 50440192, 397732, 397732, 0xecb4e735f4eba9309154e6b471b30da051461856, ShaderCode, , MMORPG, WindowsClient, Base, Installed, 0, 50440192
244, 2aaa10513b1a563800000009, 0x38561A3B5110AA2A, , <ShaderCode>, MMORPG-WindowsClient, 59768832, 50839552, 539053, 539053, 0xc86f27fd7134038b158c578d686ed5171f251a8a, ShaderCode, , MMORPG, WindowsClient, Base, Installed, 0, 50839552
245, 12ad0738aae30e3c00000009, 0x3C0EE3AA3807AD12, , <ShaderCode>, MMORPG-WindowsClient, 60358656, 51380224, 15083, 15083, 0x2087507dd8eca99e0d1c2920ce69901bc2308085, ShaderCode, , MMORPG, WindowsClient, Base, Installed, 0, 51380224
246, 0f1be2ac0a02e38b00000009, 0x8BE3020AACE21B0F, , <ShaderCode>, MMORPG-WindowsClient, 60424192, 51396608, 4307, 4307, 0xd94592f4fcb58865b2690af0e3bec6e4a4040d1e, ShaderCode, , MMORPG, WindowsClient, Base, Installed, 0, 51396608
247, 6c5200b6b987939100000009, 0x919387B9B600526C, , <ShaderCode>, MMORPG-WindowsClient, 60489728, 51402752, 435152, 435152, 0xceb72ac4fcb114ace50b2be7c94c0e9f071685f5, ShaderCode, , MMORPG, WindowsClient, Base, Installed, 0, 51402752
248, f45388e135ec2d3e00000009, 0x3E2DEC35E18853F4, , <ShaderCode>, MMORPG-WindowsClient, 60948480, 51838976, 179763, 179763, 0x9a87d6ee6133cacb89b8e141bce12171b1c537d3, ShaderCode, , MMORPG, WindowsClient, Base, Installed, 0, 51838976
249, 70ac58e3663858da00000009, 0xDA583866E358AC70, , <ShaderCode>, MMORPG-WindowsClient, 61145088, 52019200, 2090, 2090, 0x3f9b2b9a008d007f86231030a7f594d60e804c4c, ShaderCode, , MMORPG, WindowsClient, Base, Installed, 0, 52019200
250, 792c72da2e60861900000009, 0x1986602EDA722C79, , <ShaderCode>, MMORPG-WindowsClient, 61210624, 52023296, 58230, 58230, 0x2c2f64956a200d5c4dc350e9fe91c9e3c6186194, ShaderCode, , MMORPG, WindowsClient, Base, Installed, 0, 52023296
251, e4e46bde9e48022b00000009, 0x2B02489EDE6BE4E4, , <ShaderCode>, MMORPG-WindowsClient, 61276160, 52082688, 3802, 3802, 0x2543ac8f936497699f49031904539dbe11404c3a, ShaderCode, , MMORPG, WindowsClient, Base, Installed, 0, 52082688
252, f04d6870bf9c25c900000009, 0xC9259CBF70684DF0, , <ShaderCode>, MMORPG-WindowsClient, 61341696, 52086784, 8593, 8593, 0x7e04c82f106e5283094036a06ab71823ff183c6e, ShaderCode, , MMORPG, WindowsClient, Base, Installed, 0, 52086784
253, 3c737cf80fd8832e00000009, 0x2E83D80FF87C733C, , <ShaderCode>, MMORPG-WindowsClient, 61407232, 52097024, 13089, 13089, 0x7e87f56c7ddbf2ae6f296b97e24f6ee01de9e10f, ShaderCode, , MMORPG, WindowsClient, Base, Installed, 0, 52097024
254, 7fd7cf013994d38500000009, 0x85D3943901CFD77F, , <ShaderCode>, MMORPG-WindowsClient, 61472768, 52111360, 515554, 515554, 0x0ab7752310ff53524631af08fd836a9d1c0945e0, ShaderCode, , MMORPG, WindowsClient, Base, Installed, 0, 52111360
255, 8438f070ec369e3100000009, 0x319E36EC70F03884, , <ShaderCode>, MMORPG-WindowsClient, 61997056, 52627456, 35169, 35169, 0xbff087713b22972a836802df224df2901d1a5e2c, ShaderCode, , MMORPG, WindowsClient, Base, Installed, 0, 52627456
256, 44a0d003a16a842b00000009, 0x2B846AA103D0A044, , <ShaderCode>, MMORPG-WindowsClient, 62062592, 52664320, 50336, 50336, 0x1748cc3c8d795c6e9782d9ea9e269e808b285c84, ShaderCode, , MMORPG, WindowsClient, Base, Installed, 0, 52664320
257, addc35ee8fa53a9f00000009, 0x9F3AA58FEE35DCAD, , <ShaderCode>, MMORPG-WindowsClient, 62128128, 52715520, 544439, 544439, 0xf1410bc90f55c9ef401138129ac6c3617159d423, ShaderCode, , MMORPG, WindowsClient, Base, Installed, 0, 52715520
258, d1e9692a2ab4abc600000009, 0xC6ABB42A2A69E9D1, , <ShaderCode>, MMORPG-WindowsClient, 62717952, 53260288, 4447, 4447, 0xc938ca925ecb62b324fb7a881816ac01f2c03fab, ShaderCode, , MMORPG, WindowsClient, Base, Installed, 0, 53260288
259, bad5688ced3adc5400000009, 0x54DC3AED8C68D5BA, , <ShaderCode>, MMORPG-WindowsClient, 62783488, 53266432, 40530, 40530, 0xd006c054b86dc6d47494441998abb5b18d5764dd, ShaderCode, , MMORPG, WindowsClient, Base, Installed, 0, 53266432
260, e976dbdae6c929a100000009, 0xA129C9E6DADB76E9, , <ShaderCode>, MMORPG-WindowsClient, 62849024, 53307392, 124891, 124891, 0xbbc2e266d412ff1b851706768a640671474c96cf, ShaderCode, , MMORPG, WindowsClient, Base, Installed, 0, 53307392
261, d4879ad5acca87d100000009, 0xD187CAACD59A87D4, , <ShaderCode>, MMORPG-WindowsClient, 62980096, 53432320, 37456, 37456, 0x85cbfab103ec5e43d1429d4c12088bed6483d6c9, ShaderCode, , MMORPG, WindowsClient, Base, Installed, 0, 53432320
262, a43068ca1586438000000009, 0x80438615CA6830A4, , <ShaderCode>, MMORPG-WindowsClient, 63045632, 53471232, 5195, 5195, 0x8bc694f5a02898dd2b2a34d3ff665c008e7c8047, ShaderCode, , MMORPG, WindowsClient, Base, Installed, 0, 53471232
263, 272d846a30d572e800000009, 0xE872D5306A842D27, , <ShaderCode>, MMORPG-WindowsClient, 63111168, 53477376, 11047, 11047, 0x9093ff27d3300eaffa33b2d97e40cca6ab74f3e5, ShaderCode, , MMORPG, WindowsClient, Base, Installed, 0, 53477376
264, cfe94333f5b6efa400000009, 0xA4EFB6F53343E9CF, , <ShaderCode>, MMORPG-WindowsClient, 63176704, 53489664, 35947, 35947, 0x7f59845a86dd4b88528417eabaeec638b18ec0a6, ShaderCode, , MMORPG, WindowsClient, Base, Installed, 0, 53489664
265, 0a335d46be0857b400000009, 0xB45708BE465D330A, , <ShaderCode>, MMORPG-WindowsClient, 63242240, 53526528, 7009, 7009, 0xd03a20cc13f8ef39e381938922a1c628f3c4ff2e, ShaderCode, , MMORPG, WindowsClient, Base, Installed, 0, 53526528
266, a4647acacd39244b00000009, 0x4B2439CDCA7A64A4, , <ShaderCode>, MMORPG-WindowsClient, 63307776, 53534720, 76169, 76169, 0xd41379ead89cc3bca9e4a537229645e9c8c4342a, ShaderCode, , MMORPG, WindowsClient, Base, Installed, 0, 53534720
267, 1c3288109d501a5400000009, 0x541A509D1088321C, , <ShaderCode>, MMORPG-WindowsClient, 63438848, 53612544, 31122, 31122, 0x8b91a6a9ca9a7d4e52f89bd2602d347a98843d58, ShaderCode, , MMORPG, WindowsClient, Base, Installed, 0, 53612544
268, 3c522879353ff8d900000009, 0xD9F83F357928523C, , <ShaderCode>, MMORPG-WindowsClient, 63504384, 53645312, 50365, 50365, 0x554672133bb6745336e646828e45b9508cd1adba, ShaderCode, , MMORPG, WindowsClient, Base, Installed, 0, 53645312
269, 35bd570c25fa305500000009, 0x5530FA250C57BD35, , <ShaderCode>, MMORPG-WindowsClient, 63569920, 53696512, 12468, 12468, 0x8b05e74160f6d2575f1c7672929aceedc8127cdf, ShaderCode, , MMORPG, WindowsClient, Base, Installed, 0, 53696512
270, 92e2da3e41896bbb00000009, 0xBB6B89413EDAE292, , <ShaderCode>, MMORPG-WindowsClient, 63635456, 53710848, 50016, 50016, 0x94f214a8f23d37db10c70d93e30945be41875da2, ShaderCode, , MMORPG, WindowsClient, Base, Installed, 0, 53710848
271, 27c457ede0a205fb00000009, 0xFB05A2E0ED57C427, , <ShaderCode>, MMORPG-WindowsClient, 63700992, 53762048, 4008, 4008, 0xf42dc38bb2c1ba2e87d309738b35355e6e8c53f8, ShaderCode, , MMORPG, WindowsClient, Base, Installed, 0, 53762048
272, b8cd5b3c8a9aadd100000009, 0xD1AD9A8A3C5BCDB8, , <ShaderCode>, MMORPG-WindowsClient, 63766528, 53766144, 3060, 3060, 0x1b7df493bff5ccafeb6d3b6b2c3d9bb99f400912, ShaderCode, , MMORPG, WindowsClient, Base, Installed, 0, 53766144
273, 4aeba830f018353c00000009, 0x3C3518F030A8EB4A, , <ShaderCode>, MMORPG-WindowsClient, 63832064, 53770240, 322002, 322002, 0xb8a282f5ded1e998f7208cb775b812df1dabd78e, ShaderCode, , MMORPG, WindowsClient, Base, Installed, 0, 53770240
274, 93551de80d87be6500000009, 0x65BE870DE81D5593, , <ShaderCode>, MMORPG-WindowsClient, 64159744, 54093824, 7494, 7494, 0xaf55eea9aba490616c29538d4cb41e40b18bfcb8, ShaderCode, , MMORPG, WindowsClient, Base, Installed, 0, 54093824
275, 6c7945770ebd911300000009, 0x1391BD0E7745796C, , <ShaderCode>, MMORPG-WindowsClient, 64225280, 54102016, 12948, 12948, 0x389e7fbb0b7135d3173b7e02b841b271a2f8421c, ShaderCode, , MMORPG, WindowsClient, Base, Installed, 0, 54102016
276, eb3b577d844b48f100000009, 0xF1484B847D573BEB, , <ShaderCode>, MMORPG-WindowsClient, 64290816, 54116352, 6372, 6372, 0xde7da0c94e444ff24e11f8a34a44b22acafbe90c, ShaderCode, , MMORPG, WindowsClient, Base, Installed, 0, 54116352
277, 371583d910ae490900000009, 0x949AE10D9831537, , <ShaderCode>, MMORPG-WindowsClient, 64356352, 54124544, 10771, 10771, 0x00b0df41d05f2c30d65176ab924e858a67fe6cf2, ShaderCode, , MMORPG, WindowsClient, Base, Installed, 0, 54124544
278, 0e8be8a37f44291600000009, 0x1629447FA3E88B0E, , <ShaderCode>, MMORPG-WindowsClient, 64421888, 54136832, 4424, 4424, 0x574b4a387a6c70c51c7940fe4a8f829e50aa98a6, ShaderCode, , MMORPG, WindowsClient, Base, Installed, 0, 54136832
279, f2877ffee9dc43c200000009, 0xC243DCE9FE7F87F2, , <ShaderCode>, MMORPG-WindowsClient, 64487424, 54142976, 5252, 5252, 0xa6b29cadc96f5712c153b0e56ac30bc2b29544f9, ShaderCode, , MMORPG, WindowsClient, Base, Installed, 0, 54142976
280, b13cb7857b1a8d1b00000009, 0x1B8D1A7B85B73CB1, , <ShaderCode>, MMORPG-WindowsClient, 64552960, 54149120, 576434, 576434, 0xc61ad3d423151cbf6f70ff539f3839a2c04d44ba, ShaderCode, , MMORPG, WindowsClient, Base, Installed, 0, 54149120
281, 306aed5927dcbe7500000009, 0x75BEDC2759ED6A30, , <ShaderCode>, MMORPG-WindowsClient, 65142784, 54726656, 9313, 9313, 0x8b75135ec72a82dd300bcceb19056a4a228d4406, ShaderCode, , MMORPG, WindowsClient, Base, Installed, 0, 54726656
282, 8dde2ba05328c14600000009, 0x46C12853A02BDE8D, , <ShaderCode>, MMORPG-WindowsClient, 65208320, 54736896, 6786, 6786, 0xaf25b85a0334e1670da1fbbc64cccb2d2eebb482, ShaderCode, , MMORPG, WindowsClient, Base, Installed, 0, 54736896
283, 530cba7da61a808800000009, 0x88801AA67DBA0C53, , <ShaderCode>, MMORPG-WindowsClient, 65273856, 54745088, 103377, 103377, 0xe333cde864c1806a0c8891a3dffc97d30df03bd8, ShaderCode, , MMORPG, WindowsClient, Base, Installed, 0, 54745088
284, 30fd0fb9af7da5a700000009, 0xA7A57DAFB90FFD30, , <ShaderCode>, MMORPG-WindowsClient, 65404928, 54849536, 59788, 59788, 0xabaf944a1102f46833d66926fa7efd42ef341199, ShaderCode, , MMORPG, WindowsClient, Base, Installed, 0, 54849536
285, 2e9013b114a9f59d00000009, 0x9DF5A914B113902E, , <ShaderCode>, MMORPG-WindowsClient, 65470464, 54910976, 238809, 238809, 0x14957bd7f89a876e5786141d065cad2ba5345201, ShaderCode, , MMORPG, WindowsClient, Base, Installed, 0, 54910976
286, d566dcf2f951fe5100000009, 0x51FE51F9F2DC66D5, , <ShaderCode>, MMORPG-WindowsClient, 65732608, 55150592, 1746, 1746, 0x8af7ebaddf2dc5ce0a7ab6bfc73f6c33960b92d4, ShaderCode, , MMORPG, WindowsClient, Base, Installed, 0, 55150592
287, 2678d08ee009490200000009, 0x24909E08ED07826, , <ShaderCode>, MMORPG-WindowsClient, 65798144, 55152640, 7828, 7828, 0x2d059ec942ce13adbd6ff803cce7f97894bcea5d, ShaderCode, , MMORPG, WindowsClient, Base, Installed, 0, 55152640
288, 9bcf4a6e3230332a00000009, 0x2A3330326E4ACF9B, , <ShaderCode>, MMORPG-WindowsClient, 65863680, 55160832, 4728, 4728, 0x20503bce1e33c472b2075313888e98057907ba2a, ShaderCode, , MMORPG, WindowsClient, Base, Installed, 0, 55160832
289, e138d081aa7d204200000009, 0x42207DAA81D038E1, , <ShaderCode>, MMORPG-WindowsClient, 65929216, 55166976, 6183, 6183, 0x06f1ef83f6b1cbc29977a888f42d8540a725c6df, ShaderCode, , MMORPG, WindowsClient, Base, Installed, 0, 55166976
290, c41f3444d905a9e400000009, 0xE4A905D944341FC4, , <ShaderCode>, MMORPG-WindowsClient, 65994752, 55175168, 24106, 24106, 0xbe907aef257a47acf089a7f27d1b1362b4dbe134, ShaderCode, , MMORPG, WindowsClient, Base, Installed, 0, 55175168
291, bf588141ff238e8900000009, 0x898E23FF418158BF, , <ShaderCode>, MMORPG-WindowsClient, 66060288, 55199744, 32638, 32638, 0x85c2159da4d20f605191b8f235faecccfe11d9e2, ShaderCode, , MMORPG, WindowsClient, Base, Installed, 0, 55199744
292, af10a7e01b09280900000009, 0x928091BE0A710AF, , <ShaderCode>, MMORPG-WindowsClient, 66125824, 55232512, 110585, 110585, 0x48330ced2a1473b80d60e011f7b63fa292bef543, ShaderCode, , MMORPG, WindowsClient, Base, Installed, 0, 55232512
293, 9b24c488114cb63600000009, 0x36B64C1188C4249B, , <ShaderCode>, MMORPG-WindowsClient, 66256896, 55343104, 1771, 1771, 0x2e2390cd39a255a2190753efd0138c8b630f2fb7, ShaderCode, , MMORPG, WindowsClient, Base, Installed, 0, 55343104
294, 97b91c74cac11d1b00000009, 0x1B1DC1CA741CB997, , <ShaderCode>, MMORPG-WindowsClient, 66322432, 55345152, 7108, 7108, 0xbd7ee24a72864313d6e42ecf750c4b471cf17096, ShaderCode, , MMORPG, WindowsClient, Base, Installed, 0, 55345152
295, 5e6ae6fd4472ed7a00000009, 0x7AED7244FDE66A5E, , <ShaderCode>, MMORPG-WindowsClient, 66387968, 55353344, 584745, 584745, 0xbeb925f1b7ca9ba81eae55a5c60e89a06afbe6f8, ShaderCode, , MMORPG, WindowsClient, Base, Installed, 0, 55353344
296, eb80d96a89d1124500000009, 0x4512D1896AD980EB, , <ShaderCode>, MMORPG-WindowsClient, 66977792, 55939072, 2214, 2214, 0xac388ca7755b39cb0b7d67f8f69330ba398783e4, ShaderCode, , MMORPG, WindowsClient, Base, Installed, 0, 55939072
297, e396704e5e5efc6d00000009, 0x6DFC5E5E4E7096E3, , <ShaderCode>, MMORPG-WindowsClient, 67043328, 55943168, 9508, 9508, 0xecfdb4c60c1855794f0bd05a1be1c81d2a6445f4, ShaderCode, , MMORPG, WindowsClient, Base, Installed, 0, 55943168
298, a97f0a235708f0b800000009, 0xB8F00857230A7FA9, , <ShaderCode>, MMORPG-WindowsClient, 67108864, 55953408, 2922, 2922, 0x84edaba905b66510dd94d57eb4b4c4d0d942e4ff, ShaderCode, , MMORPG, WindowsClient, Base, Installed, 0, 55953408
299, 53c4427ec2da28d100000009, 0xD128DAC27E42C453, , <ShaderCode>, MMORPG-WindowsClient, 67174400, 55957504, 22664, 22664, 0x6c7debb33bb4cdc572d2162ec25e2e185b9af096, ShaderCode, , MMORPG, WindowsClient, Base, Installed, 0, 55957504
300, ca99ca19d03b6a7e00000009, 0x7E6A3BD019CA99CA, , <ShaderCode>, MMORPG-WindowsClient, 67239936, 55982080, 3108, 3108, 0xc560ebc0feb2fd61593cf760161fef4a52d67357, ShaderCode, , MMORPG, WindowsClient, Base, Installed, 0, 55982080
301, 42169b49238053b800000009, 0xB8538023499B1642, , <ShaderCode>, MMORPG-WindowsClient, 67305472, 55986176, 7217, 7217, 0x1c7ea415dc7303735960ae36df6f4ad1e0c13b9a, ShaderCode, , MMORPG, WindowsClient, Base, Installed, 0, 55986176
302, 56684fb34de6195000000009, 0x5019E64DB34F6856, , <ShaderCode>, MMORPG-WindowsClient, 67371008, 55994368, 6571, 6571, 0xdd6d1c4a5e1a7fbd2bda9bb3b82baa37057dc932, ShaderCode, , MMORPG, WindowsClient, Base, Installed, 0, 55994368
303, cccd6a0f09cd290300000009, 0x329CD090F6ACDCC, , <ShaderCode>, MMORPG-WindowsClient, 67436544, 56002560, 25831, 25831, 0xf3d51914b5b8139c652f832dd368f0b032f3c25e, ShaderCode, , MMORPG, WindowsClient, Base, Installed, 0, 56002560
304, d067d625781c519d00000009, 0x9D511C7825D667D0, , <ShaderCode>, MMORPG-WindowsClient, 67502080, 56029184, 9878, 9878, 0x48d923d5c71c55055ac3bb61ba877a1a29161909, ShaderCode, , MMORPG, WindowsClient, Base, Installed, 0, 56029184
305, 84e79bd86862509e00000009, 0x9E506268D89BE784, , <ShaderCode>, MMORPG-WindowsClient, 67567616, 56039424, 85642, 85642, 0xb0dca3c07854011cbb9a8debca6fc3f02d5c100c, ShaderCode, , MMORPG, WindowsClient, Base, Installed, 0, 56039424
306, 8a162c61291296a500000009, 0xA5961229612C168A, , <ShaderCode>, MMORPG-WindowsClient, 67698688, 56125440, 5655, 5655, 0x9bb20b9dc4922c5b351030834d44fc3815bbf2d6, ShaderCode, , MMORPG, WindowsClient, Base, Installed, 0, 56125440
307, 97c46880a2a2f6d200000009, 0xD2F6A2A28068C497, , <ShaderCode>, MMORPG-WindowsClient, 67764224, 56131584, 538462, 538462, 0x9e11ed1a88535819feefb79f9ee79eef961461c7, ShaderCode, , MMORPG, WindowsClient, Base, Installed, 0, 56131584
308, d2820044394c433b00000009, 0x3B434C39440082D2, , <ShaderCode>, MMORPG-WindowsClient, 68354048, 56670208, 6241, 6241, 0x01ee027a50fa4139638f1ea2799a089eecf8442f, ShaderCode, , MMORPG, WindowsClient, Base, Installed, 0, 56670208
309, d28172e99ac1654500000009, 0x4565C19AE97281D2, , <ShaderCode>, MMORPG-WindowsClient, 68419584, 56678400, 18042, 18042, 0x24e64a193325c5b80feef46e5433e61cb370c49a, ShaderCode, , MMORPG, WindowsClient, Base, Installed, 0, 56678400
310, 89cc3dd344eb115900000009, 0x5911EB44D33DCC89, , <ShaderCode>, MMORPG-WindowsClient, 68485120, 56696832, 7628, 7628, 0x2d117363142919e5d483dae33fee530a55f7ca48, ShaderCode, , MMORPG, WindowsClient, Base, Installed, 0, 56696832
311, 186f6bd369ab3aba00000009, 0xBA3AAB69D36B6F18, , <ShaderCode>, MMORPG-WindowsClient, 68550656, 56705024, 11011, 11011, 0xf2ca68ad1ab34659660d4458f7130eb8a36db12a, ShaderCode, , MMORPG, WindowsClient, Base, Installed, 0, 56705024
312, 4f5f5a7544b38ef200000009, 0xF28EB344755A5F4F, , <ShaderCode>, MMORPG-WindowsClient, 68616192, 56717312, 11367, 11367, 0x4bb35b1e75d45d874918f368ab84df76b7e63f7b, ShaderCode, , MMORPG, WindowsClient, Base, Installed, 0, 56717312
313, 001007bc7f87ef3800000009, 0x38EF877FBC071000, , <ShaderCode>, MMORPG-WindowsClient, 68681728, 56729600, 2102, 2102, 0x34a7ea23ac2a3aa9e7cfa89ceeb55f63f5e16efd, ShaderCode, , MMORPG, WindowsClient, Base, Installed, 0, 56729600
314, 39fb5596184422c200000009, 0xC22244189655FB39, , <ShaderCode>, MMORPG-WindowsClient, 68747264, 56731712, 1953, 1953, 0x3b8a6a000f492ec275be368259b3aa23ef67c71d, ShaderCode, , MMORPG, WindowsClient, Base, Installed, 0, 56731712
315, 5411e4c78cb7a1f000000009, 0xF0A1B78CC7E41154, , <ShaderCode>, MMORPG-WindowsClient, 68812800, 56733696, 497595, 497595, 0xa00f0433787cb19db40041da96d15d3f2a179e4c, ShaderCode, , MMORPG, WindowsClient, Base, Installed, 0, 56733696
316, 1de49ed2a24e2e4300000009, 0x432E4EA2D29EE41D, , <ShaderCode>, MMORPG-WindowsClient, 69337088, 57231360, 6253, 6253, 0x5fcdcab4205edb971a4a325e7db8bc6cdffa1f70, ShaderCode, , MMORPG, WindowsClient, Base, Installed, 0, 57231360
317, 49a4c3de8b354b7a00000009, 0x7A4B358BDEC3A449, , <ShaderCode>, MMORPG-WindowsClient, 69402624, 57239552, 4439, 4439, 0x88f5c9fd50421230eb554a98efa962400cd3a3dc, ShaderCode, , MMORPG, WindowsClient, Base, Installed, 0, 57239552
318, cadbcafd1b827a8400000009, 0x847A821BFDCADBCA, , <ShaderCode>, MMORPG-WindowsClient, 69468160, 57245696, 10313, 10313, 0xcc62dd3cad62fe9c98b70c4fbdb6c4770a3e228b, ShaderCode, , MMORPG, WindowsClient, Base, Installed, 0, 57245696
319, 32fe6c15c8a1155600000009, 0x5615A1C8156CFE32, , <ShaderCode>, MMORPG-WindowsClient, 69533696, 57257984, 13864, 13864, 0xf6ed33248277a54c1737db4e4d2ae733cd8f894d, ShaderCode, , MMORPG, WindowsClient, Base, Installed, 0, 57257984
320, ad7ace2beb15ff3100000009, 0x31FF15EB2BCE7AAD, , <ShaderCode>, MMORPG-WindowsClient, 69599232, 57272320, 8859, 8859, 0x1797fe8d936953be94a9c8562681438c3a3ddcfa, ShaderCode, , MMORPG, WindowsClient, Base, Installed, 0, 57272320
321, c6b48965d1a43fa900000009, 0xA93FA4D16589B4C6, , <ShaderCode>, MMORPG-WindowsClient, 69664768, 57282560, 4358, 4358, 0x77550931aa49d44d99e7ca57a015f4bec029ea5a, ShaderCode, , MMORPG, WindowsClient, Base, Installed, 0, 57282560
322, a438660b0c2c064600000009, 0x46062C0C0B6638A4, , <ShaderCode>, MMORPG-WindowsClient, 69730304, 57288704, 68968, 68968, 0xdf984101295b08e3d0254e20a8593e83ed797afb, ShaderCode, , MMORPG, WindowsClient, Base, Installed, 0, 57288704
323, 5178549ab235a1eb00000009, 0xEBA135B29A547851, , <ShaderCode>, MMORPG-WindowsClient, 69861376, 57358336, 32719, 32719, 0x5e870343c83b234bc8507d6abc0fcfab6e1bfccc, ShaderCode, , MMORPG, WindowsClient, Base, Installed, 0, 57358336
324, a31791603fc50e8000000009, 0x800EC53F609117A3, , <ShaderCode>, MMORPG-WindowsClient, 69926912, 57391104, 11212, 11212, 0xf0f78308cb0d25e5fddb7cfe1f671b158ff7e5ed, ShaderCode, , MMORPG, WindowsClient, Base, Installed, 0, 57391104
325, 8640b0d909f904d700000009, 0xD704F909D9B04086, , <ShaderCode>, MMORPG-WindowsClient, 69992448, 57403392, 21461, 21461, 0x25f2e54d600dc187be4c11633d18e413f5f92170, ShaderCode, , MMORPG, WindowsClient, Base, Installed, 0, 57403392
326, 535ea343b0d3846c00000009, 0x6C84D3B043A35E53, , <ShaderCode>, MMORPG-WindowsClient, 70057984, 57425920, 2963, 2963, 0x458c919cf734585c27ed5284f7b014e5034515a8, ShaderCode, , MMORPG, WindowsClient, Base, Installed, 0, 57425920
327, c614becc2390e32200000009, 0x22E39023CCBE14C6, , <ShaderCode>, MMORPG-WindowsClient, 70123520, 57430016, 3262, 3262, 0x676b9097ef6fa83f86b94f98c03d408a12fc492a, ShaderCode, , MMORPG, WindowsClient, Base, Installed, 0, 57430016
328, 722c1ce4f09aa2db00000009, 0xDBA29AF0E41C2C72, , <ShaderCode>, MMORPG-WindowsClient, 70189056, 57434112, 10614, 10614, 0x16894e7bcbe5563f86b22acec3d3d634bae76d02, ShaderCode, , MMORPG, WindowsClient, Base, Installed, 0, 57434112
329, 16853df359079a4b00000009, 0x4B9A0759F33D8516, , <ShaderCode>, MMORPG-WindowsClient, 70254592, 57446400, 4457, 4457, 0x7ae28a9d7d561fb93cbef0b4fca5e72c18fcc080, ShaderCode, , MMORPG, WindowsClient, Base, Installed, 0, 57446400
330, 459752dfd8bd06a900000009, 0xA906BDD8DF529745, , <ShaderCode>, MMORPG-WindowsClient, 70320128, 57452544, 2386, 2386, 0x14e80181f188295ac2c492e427422d46896532df, ShaderCode, , MMORPG, WindowsClient, Base, Installed, 0, 57452544
331, 5535e6a2f8ab090400000009, 0x409ABF8A2E63555, , <ShaderCode>, MMORPG-WindowsClient, 70385664, 57456640, 13916, 13916, 0x9304e969d0b72c9e0572d2d9986562ad78b00ca1, ShaderCode, , MMORPG, WindowsClient, Base, Installed, 0, 57456640
332, 2ab8ccef466f422f00000009, 0x2F426F46EFCCB82A, , <ShaderCode>, MMORPG-WindowsClient, 70451200, 57470976, 12229, 12229, 0x39cf3aed6954ad5778f00cb9c50c6e1614c2911c, ShaderCode, , MMORPG, WindowsClient, Base, Installed, 0, 57470976
333, a05f474bb324a3c500000009, 0xC5A324B34B475FA0, , <ShaderCode>, MMORPG-WindowsClient, 70516736, 57483264, 38213, 38213, 0x34bee3bf9b8f9458b05c3c3a3982b0bd9e7a671e, ShaderCode, , MMORPG, WindowsClient, Base, Installed, 0, 57483264
334, cf135a46c063ba8700000009, 0x87BA63C0465A13CF, , <ShaderCode>, MMORPG-WindowsClient, 70582272, 57522176, 8972, 8972, 0x5917e1ba11a4d3cc4ab19cfc3bae0eecbaf3ee65, ShaderCode, , MMORPG, WindowsClient, Base, Installed, 0, 57522176
335, d49598d508dbbb9500000009, 0x95BBDB08D59895D4, , <ShaderCode>, MMORPG-WindowsClient, 70647808, 57532416, 3553, 3553, 0x6aea14face8c8bd2d47dd40cd17d61981fc3dd58, ShaderCode, , MMORPG, WindowsClient, Base, Installed, 0, 57532416
336, 9c51c1317a5b13e400000009, 0xE4135B7A31C1519C, , <ShaderCode>, MMORPG-WindowsClient, 70713344, 57536512, 7157, 7157, 0xc690f6652fea1151c9a9b567fd6d0e76de2625e0, ShaderCode, , MMORPG, WindowsClient, Base, Installed, 0, 57536512
337, dbc78a2bcf315a4400000009, 0x445A31CF2B8AC7DB, , <ShaderCode>, MMORPG-WindowsClient, 70778880, 57544704, 5738, 5738, 0x6f30a7a7ebb1ce60d7d72ce5ce63b2c248d7ae77, ShaderCode, , MMORPG, WindowsClient, Base, Installed, 0, 57544704
338, c67dc2c7d4bb92bb00000009, 0xBB92BBD4C7C27DC6, , <ShaderCode>, MMORPG-WindowsClient, 70844416, 57550848, 12920, 12920, 0x55def53c40ee737871902f6db43dcc90ac415eb9, ShaderCode, , MMORPG, WindowsClient, Base, Installed, 0, 57550848
339, 28449af1636adc8b00000009, 0x8BDC6A63F19A4428, , <ShaderCode>, MMORPG-WindowsClient, 70909952, 57565184, 2684, 2684, 0xe35e10c95182916ebfbc062188f3e5f34b9b3de3, ShaderCode, , MMORPG, WindowsClient, Base, Installed, 0, 57565184
340, b18df62f431ef0b000000009, 0xB0F01E432FF68DB1, , <ShaderCode>, MMORPG-WindowsClient, 70975488, 57569280, 41029, 41029, 0x9ddbf6b2c0d9b928c842bf629b13b17a0668a7ba, ShaderCode, , MMORPG, WindowsClient, Base, Installed, 0, 57569280
341, 46ffd7022cdae21100000009, 0x11E2DA2C02D7FF46, , <ShaderCode>, MMORPG-WindowsClient, 71041024, 57612288, 5882, 5882, 0x2cb3d4b7230c519eb2bb16538c19e3a912bba472, ShaderCode, , MMORPG, WindowsClient, Base, Installed, 0, 57612288
342, ce5387fefb89953000000009, 0x309589FBFE8753CE, , <ShaderCode>, MMORPG-WindowsClient, 71106560, 57618432, 3558, 3558, 0xadb3afc73fae4a0b8fe99b7947849189ab7b0af8, ShaderCode, , MMORPG, WindowsClient, Base, Installed, 0, 57618432
343, 34bf8383994a531800000009, 0x18534A998383BF34, , <ShaderCode>, MMORPG-WindowsClient, 71172096, 57622528, 18802, 18802, 0x17293658d03fe6fdc7121e69338f7e8285f58d78, ShaderCode, , MMORPG, WindowsClient, Base, Installed, 0, 57622528
344, 1112c388b344c04700000009, 0x47C044B388C31211, , <ShaderCode>, MMORPG-WindowsClient, 71237632, 57643008, 17849, 17849, 0x095a90c46381d3ee4256fc2631026871b24f2138, ShaderCode, , MMORPG, WindowsClient, Base, Installed, 0, 57643008
345, 3b510b68f3c69d7b00000009, 0x7B9DC6F3680B513B, , <ShaderCode>, MMORPG-WindowsClient, 71303168, 57661440, 39560, 39560, 0xd6d80dbce7cd150e25b8798a8506886871cd2c63, ShaderCode, , MMORPG, WindowsClient, Base, Installed, 0, 57661440
346, f7ae0af9cdd3bb5e00000009, 0x5EBBD3CDF90AAEF7, , <ShaderCode>, MMORPG-WindowsClient, 71368704, 57702400, 18498, 18498, 0xf64736a234afdea7788466138c714e826eb14504, ShaderCode, , MMORPG, WindowsClient, Base, Installed, 0, 57702400
347, 6a9590e8d87287fd00000009, 0xFD8772D8E890956A, , <ShaderCode>, MMORPG-WindowsClient, 71434240, 57722880, 517153, 517153, 0xc6539988add7857f48471970bc6f0f4982d49856, ShaderCode, , MMORPG, WindowsClient, Base, Installed, 0, 57722880
348, dff2a071578482b200000009, 0xB282845771A0F2DF, , <ShaderCode>, MMORPG-WindowsClient, 71958528, 58241024, 77818, 77818, 0x1812a724b0b8c2975fbefa2e7836e6aecaa50a16, ShaderCode, , MMORPG, WindowsClient, Base, Installed, 0, 58241024
349, c47fc57be088049300000009, 0x930488E07BC57FC4, , <ShaderCode>, MMORPG-WindowsClient, 72089600, 58318848, 2722, 2722, 0x0cacf9079e5cb6033374186ec3ce215de6feb801, ShaderCode, , MMORPG, WindowsClient, Base, Installed, 0, 58318848
350, 0dd49cb41a1dba5f00000009, 0x5FBA1D1AB49CD40D, , <ShaderCode>, MMORPG-WindowsClient, 72155136, 58322944, 8211, 8211, 0x8483a3aa37d96725715275569e28d18781720058, ShaderCode, , MMORPG, WindowsClient, Base, Installed, 0, 58322944
351, 17fa0bdecd1f340800000009, 0x8341FCDDE0BFA17, , <ShaderCode>, MMORPG-WindowsClient, 72220672, 58333184, 28889, 28889, 0x5b036b2e3b3c3cbdb6f3de001dcb6794d75d7e01, ShaderCode, , MMORPG, WindowsClient, Base, Installed, 0, 58333184
352, ca1d266ebbd22de800000009, 0xE82DD2BB6E261DCA, , <ShaderCode>, MMORPG-WindowsClient, 72286208, 58363904, 4005, 4005, 0x1991e51c90cd542601bdcf2990c00ad5bea71792, ShaderCode, , MMORPG, WindowsClient, Base, Installed, 0, 58363904
353, 62fe2852c7ceaf4800000009, 0x48AFCEC75228FE62, , <ShaderCode>, MMORPG-WindowsClient, 72351744, 58368000, 4236, 4236, 0xac1c013495e34a38fef708cb0b01df78c4e9de5b, ShaderCode, , MMORPG, WindowsClient, Base, Installed, 0, 58368000
354, ff36b83721525c9e00000009, 0x9E5C522137B836FF, , <ShaderCode>, MMORPG-WindowsClient, 72417280, 58374144, 115401, 115401, 0xdd200cce3683f895992167f72a5f9c8417ffb0f1, ShaderCode, , MMORPG, WindowsClient, Base, Installed, 0, 58374144
355, 27bbae26ba55e6a000000009, 0xA0E655BA26AEBB27, , <ShaderCode>, MMORPG-WindowsClient, 72548352, 58490880, 7953, 7953, 0x90ffb9208e17d8c1f25c26d8931cdf38a86592c4, ShaderCode, , MMORPG, WindowsClient, Base, Installed, 0, 58490880
356, 9a2e2e230a5a316600000009, 0x66315A0A232E2E9A, , <ShaderCode>, MMORPG-WindowsClient, 72613888, 58499072, 9080, 9080, 0x8d865c7447a148e98e0b371a821761e0815ee5c8, ShaderCode, , MMORPG, WindowsClient, Base, Installed, 0, 58499072
357, b519d4e46808c2c900000009, 0xC9C20868E4D419B5, , <ShaderCode>, MMORPG-WindowsClient, 72679424, 58509312, 133279, 133279, 0x95f8cf37f8c9b500c5609bfd98328194fa2f7d3e, ShaderCode, , MMORPG, WindowsClient, Base, Installed, 0, 58509312
358, d637b0fb7d1825ae00000009, 0xAE25187DFBB037D6, , <ShaderCode>, MMORPG-WindowsClient, 72876032, 58644480, 3507, 3507, 0x3fdf863a4f51f2c3fa4f490195f3309b92a5f362, ShaderCode, , MMORPG, WindowsClient, Base, Installed, 0, 58644480
359, 8e12c6209a0a6edf00000009, 0xDF6E0A9A20C6128E, , <ShaderCode>, MMORPG-WindowsClient, 72941568, 58648576, 2034, 2034, 0x23a5a60c0084296b77a723479fa865186a723508, ShaderCode, , MMORPG, WindowsClient, Base, Installed, 0, 58648576
360, 13c936a0dc0b2de000000009, 0xE02D0BDCA036C913, , <ShaderCode>, MMORPG-WindowsClient, 73007104, 58650624, 13748, 13748, 0xbfb0a1ccd56419498a250eade6d9612fc77d10f9, ShaderCode, , MMORPG, WindowsClient, Base, Installed, 0, 58650624
361, 52ee9c4cf13ff65400000009, 0x54F63FF14C9CEE52, , <ShaderCode>, MMORPG-WindowsClient, 73072640, 58664960, 587483, 587483, 0x19bd47d66285566b40589c632138d89f30dc43ae, ShaderCode, , MMORPG, WindowsClient, Base, Installed, 0, 58664960
362, 822e9c5d5f78049200000009, 0x9204785F5D9C2E82, , <ShaderCode>, MMORPG-WindowsClient, 73662464, 59252736, 5752, 5752, 0x868e7cc22568f58d74376e12e8d36ffbaaa3731d, ShaderCode, , MMORPG, WindowsClient, Base, Installed, 0, 59252736
363, f58b1954c9c833df00000009, 0xDF33C8C954198BF5, , <ShaderCode>, MMORPG-WindowsClient, 73728000, 59258880, 2633, 2633, 0xf05c581d39fa7a12776679fad38101f92ab5ea32, ShaderCode, , MMORPG, WindowsClient, Base, Installed, 0, 59258880
364, 8dc1988e8d94c12f00000009, 0x2FC1948D8E98C18D, , <ShaderCode>, MMORPG-WindowsClient, 73793536, 59262976, 10342, 10342, 0xb9bb41bd5e6149d27efda7869479bf386fc308a9, ShaderCode, , MMORPG, WindowsClient, Base, Installed, 0, 59262976
365, 2a7c990668efd04f00000009, 0x4FD0EF6806997C2A, , <ShaderCode>, MMORPG-WindowsClient, 73859072, 59275264, 3146, 3146, 0x71ed32aeffaeb7aad3ea452e1e3d9c6bb2cbc1e3, ShaderCode, , MMORPG, WindowsClient, Base, Installed, 0, 59275264
366, def321388a285b4d00000009, 0x4D5B288A3821F3DE, , <ShaderCode>, MMORPG-WindowsClient, 73924608, 59279360, 4551, 4551, 0x1e0a550876484858b7f242571d6aee154e31765a, ShaderCode, , MMORPG, WindowsClient, Base, Installed, 0, 59279360
367, 6d3069fbfe36ddf300000009, 0xF3DD36FEFB69306D, , <ShaderCode>, MMORPG-WindowsClient, 73990144, 59285504, 13428, 13428, 0xdb0e9055f9e79babb033ba8739eadd65fd2b5bc6, ShaderCode, , MMORPG, WindowsClient, Base, Installed, 0, 59285504
368, 300786d1e044091b00000009, 0x1B0944E0D1860730, , <ShaderCode>, MMORPG-WindowsClient, 74055680, 59299840, 2224, 2224, 0x47f7590079444bd30c25eb90286f3f6bcdf5ffd9, ShaderCode, , MMORPG, WindowsClient, Base, Installed, 0, 59299840
369, 05757c06ebed2cec00000009, 0xEC2CEDEB067C7505, , <ShaderCode>, MMORPG-WindowsClient, 74121216, 59303936, 2129, 2129, 0x87fda291986545ee9722b1ecd4644f61621189ca, ShaderCode, , MMORPG, WindowsClient, Base, Installed, 0, 59303936
370, 7faba7607c6c19f600000009, 0xF6196C7C60A7AB7F, , <ShaderCode>, MMORPG-WindowsClient, 74186752, 59308032, 1999, 1999, 0xa9653850a4033dce7ca82b775006fa3b6abe532b, ShaderCode, , MMORPG, WindowsClient, Base, Installed, 0, 59308032
371, 482c5f2770bbc58400000009, 0x84C5BB70275F2C48, , <ShaderCode>, MMORPG-WindowsClient, 74252288, 59310080, 3187, 3187, 0x8c2f8eed8d5de25d5a2becdf97afb6a6f647ca2a, ShaderCode, , MMORPG, WindowsClient, Base, Installed, 0, 59310080
372, 2925090aca56fbeb00000009, 0xEBFB56CA0A092529, , <ShaderCode>, MMORPG-WindowsClient, 74317824, 59314176, 6749, 6749, 0x9030023376f7d119d46bb3f4fb6185993f1a5689, ShaderCode, , MMORPG, WindowsClient, Base, Installed, 0, 59314176
373, c3e8cf2d8aeb85bd00000009, 0xBD85EB8A2DCFE8C3, , <ShaderCode>, MMORPG-WindowsClient, 74383360, 59322368, 2895, 2895, 0x39c7635eeba9aba9f7a4f404bc83d398a6cb1248, ShaderCode, , MMORPG, WindowsClient, Base, Installed, 0, 59322368
374, c600744f68d68c8b00000009, 0x8B8CD6684F7400C6, , <ShaderCode>, MMORPG-WindowsClient, 74448896, 59326464, 2606, 2606, 0x82fcb84dd6889a3575ca38054f514fb5f64de2b0, ShaderCode, , MMORPG, WindowsClient, Base, Installed, 0, 59326464
375, 48894908fe474d1300000009, 0x134D47FE08498948, , <ShaderCode>, MMORPG-WindowsClient, 74514432, 59330560, 4818, 4818, 0x421783952a5a3493053eb18a1368f31032ff5d1d, ShaderCode, , MMORPG, WindowsClient, Base, Installed, 0, 59330560
376, b9e7512ce456b2e100000009, 0xE1B256E42C51E7B9, , <ShaderCode>, MMORPG-WindowsClient, 74579968, 59336704, 6513, 6513, 0xf6dfba5711a0838d8cff92ee0cb2b25171d83118, ShaderCode, , MMORPG, WindowsClient, Base, Installed, 0, 59336704
377, 5493965ec764437100000009, 0x714364C75E969354, , <ShaderCode>, MMORPG-WindowsClient, 74645504, 59344896, 11980, 11980, 0x24a73a3c38d86df5d2710c5ec8284c13da72777d, ShaderCode, , MMORPG, WindowsClient, Base, Installed, 0, 59344896
378, 7b2c0a0eef0ed11d00000009, 0x1DD10EEF0E0A2C7B, , <ShaderCode>, MMORPG-WindowsClient, 74711040, 59357184, 53152, 53152, 0xba7782af55e742b44464ab94f64956128418a0b7, ShaderCode, , MMORPG, WindowsClient, Base, Installed, 0, 59357184
379, 93399d39f69946c600000009, 0xC64699F6399D3993, , <ShaderCode>, MMORPG-WindowsClient, 74776576, 59410432, 2563, 2563, 0x162a39177f2d27897920a5240a3954f50fcda0d6, ShaderCode, , MMORPG, WindowsClient, Base, Installed, 0, 59410432
380, 716c009d94605f1e00000009, 0x1E5F60949D006C71, , <ShaderCode>, MMORPG-WindowsClient, 74842112, 59414528, 2055, 2055, 0x3469a176969f312632523a59892ed09a5655376d, ShaderCode, , MMORPG, WindowsClient, Base, Installed, 0, 59414528
381, 80c35a06054f359400000009, 0x94354F05065AC380, , <ShaderCode>, MMORPG-WindowsClient, 74907648, 59418624, 5469, 5469, 0x1b86d2f707179731fef0a0b4d93d4d023d51737d, ShaderCode, , MMORPG, WindowsClient, Base, Installed, 0, 59418624
382, e9ec9fdeba1448e000000009, 0xE04814BADE9FECE9, , <ShaderCode>, MMORPG-WindowsClient, 74973184, 59424768, 2340, 2340, 0x465476d8e802de453764f9d6d7151ae3a953db41, ShaderCode, , MMORPG, WindowsClient, Base, Installed, 0, 59424768
383, 195fd0b80f76223d00000009, 0x3D22760FB8D05F19, , <ShaderCode>, MMORPG-WindowsClient, 75038720, 59428864, 6773, 6773, 0xfbc198442fd4206bd85ba78266059f8adf75d79f, ShaderCode, , MMORPG, WindowsClient, Base, Installed, 0, 59428864
384, 8c2e665f0029ab7200000009, 0x72AB29005F662E8C, , <ShaderCode>, MMORPG-WindowsClient, 75104256, 59437056, 2478, 2478, 0x137cc2896873cc2efbef50a4577b0418ab5cb34f, ShaderCode, , MMORPG, WindowsClient, Base, Installed, 0, 59437056
385, a6e4cd1a50fce9af00000009, 0xAFE9FC501ACDE4A6, , <ShaderCode>, MMORPG-WindowsClient, 75169792, 59441152, 5415, 5415, 0x2c92a206fd56e48b30cad9c7828c42fbcb9416ce, ShaderCode, , MMORPG, WindowsClient, Base, Installed, 0, 59441152
386, 548c3cf5aa03235200000009, 0x522303AAF53C8C54, , <ShaderCode>, MMORPG-WindowsClient, 75235328, 59447296, 4475, 4475, 0x595049c3ea39c8ba7654d52f211283c19b9a44d7, ShaderCode, , MMORPG, WindowsClient, Base, Installed, 0, 59447296
387, 959d489ba41adc2700000009, 0x27DC1AA49B489D95, , <ShaderCode>, MMORPG-WindowsClient, 75300864, 59453440, 4453, 4453, 0xa34dcd89f70968a87fb0671c9318427170259a00, ShaderCode, , MMORPG, WindowsClient, Base, Installed, 0, 59453440
388, 023ee0eec6def8a200000009, 0xA2F8DEC6EEE03E02, , <ShaderCode>, MMORPG-WindowsClient, 75366400, 59459584, 8537, 8537, 0x7e627b97b9a7b045a719a7c4f4473cb028b15de8, ShaderCode, , MMORPG, WindowsClient, Base, Installed, 0, 59459584
389, 71bde20609d4c15e00000009, 0x5EC1D40906E2BD71, , <ShaderCode>, MMORPG-WindowsClient, 75431936, 59469824, 42610, 42610, 0x2b3bbb2c949815b82d9dfbccbed4afb07e393728, ShaderCode, , MMORPG, WindowsClient, Base, Installed, 0, 59469824
390, 1b38da39b6a4ef7500000009, 0x75EFA4B639DA381B, , <ShaderCode>, MMORPG-WindowsClient, 75497472, 59512832, 2090, 2090, 0x4b0fb5b9fabf0d336e512eac131eb9d3fd6a37d4, ShaderCode, , MMORPG, WindowsClient, Base, Installed, 0, 59512832
391, 5f8e5e0c5292feb400000009, 0xB4FE92520C5E8E5F, , <ShaderCode>, MMORPG-WindowsClient, 75563008, 59516928, 546089, 546089, 0xdb818a3e3d36c675be54fa84c726bb20b36a74a3, ShaderCode, , MMORPG, WindowsClient, Base, Installed, 0, 59516928
392, 9ebd9baf01a7980900000009, 0x998A701AF9BBD9E, , <ShaderCode>, MMORPG-WindowsClient, 76152832, 60063744, 2399, 2399, 0x85e3fec94235103147a2849a5cbff30a41c92525, ShaderCode, , MMORPG, WindowsClient, Base, Installed, 0, 60063744
393, 198bf6ee747f547100000009, 0x71547F74EEF68B19, , <ShaderCode>, MMORPG-WindowsClient, 76218368, 60067840, 3195, 3195, 0x3eb51f3b58b3d8c624df02c5be3aac27f20e0ef5, ShaderCode, , MMORPG, WindowsClient, Base, Installed, 0, 60067840
394, 2e8a81404f55bbac00000009, 0xACBB554F40818A2E, , <ShaderCode>, MMORPG-WindowsClient, 76283904, 60071936, 5391, 5391, 0x4b29cfe1bcd7e776d9ba351b61aaace0c141dfe9, ShaderCode, , MMORPG, WindowsClient, Base, Installed, 0, 60071936
395, 3c74daf099f9c9a400000009, 0xA4C9F999F0DA743C, , <ShaderCode>, MMORPG-WindowsClient, 76349440, 60078080, 3657, 3657, 0x1d31c22640a8fa4cffc92ed4faf9a6701ff337c2, ShaderCode, , MMORPG, WindowsClient, Base, Installed, 0, 60078080
396, 2eac44b451f9815d00000009, 0x5D81F951B444AC2E, , <ShaderCode>, MMORPG-WindowsClient, 76414976, 60082176, 5231, 5231, 0x45d508920bd7c6e0f0a32f598a96ce5cd659310b, ShaderCode, , MMORPG, WindowsClient, Base, Installed, 0, 60082176
397, bd569046753fef7200000009, 0x72EF3F75469056BD, , <ShaderCode>, MMORPG-WindowsClient, 76480512, 60088320, 3209, 3209, 0x06a9d0490c5588ee8c1c8d90d0bf671fd07ce5bd, ShaderCode, , MMORPG, WindowsClient, Base, Installed, 0, 60088320
398, e5790cc2aae66be700000009, 0xE76BE6AAC20C79E5, , <ShaderCode>, MMORPG-WindowsClient, 76546048, 60092416, 16531, 16531, 0x5775979e676e3681f3722cc81a77e05df3437e8b, ShaderCode, , MMORPG, WindowsClient, Base, Installed, 0, 60092416
399, 01461e0ffd2cd60900000009, 0x9D62CFD0F1E4601, , <ShaderCode>, MMORPG-WindowsClient, 76611584, 60110848, 2560, 2560, 0x408374d0939948c2c32a327a09daca92dace4eae, ShaderCode, , MMORPG, WindowsClient, Base, Installed, 0, 60110848
400, 933c380f91fdc3e500000009, 0xE5C3FD910F383C93, , <ShaderCode>, MMORPG-WindowsClient, 76677120, 60114944, 2264, 2264, 0xd5962bfa7cbc26d55ecd2019d3e4f8416372b18c, ShaderCode, , MMORPG, WindowsClient, Base, Installed, 0, 60114944
401, 5b13a6ddb7784df200000009, 0xF24D78B7DDA6135B, , <ShaderCode>, MMORPG-WindowsClient, 76742656, 60119040, 6390, 6390, 0xccd0dfbfe50d5e8d49fa1fc2ddf772bb048f0b32, ShaderCode, , MMORPG, WindowsClient, Base, Installed, 0, 60119040
402, eb6800ed28ded07800000009, 0x78D0DE28ED0068EB, , <ShaderCode>, MMORPG-WindowsClient, 76808192, 60127232, 3685, 3685, 0xda3d865cb1e3f78a0581ce7517297a54457d9bd8, ShaderCode, , MMORPG, WindowsClient, Base, Installed, 0, 60127232
403, ab4544e09734fc7a00000009, 0x7AFC3497E04445AB, , <ShaderCode>, MMORPG-WindowsClient, 76873728, 60131328, 10570, 10570, 0xd0ad275846d08bcd468ba3f7f89a2f4778c8b46d, ShaderCode, , MMORPG, WindowsClient, Base, Installed, 0, 60131328
404, b2eb96d4b25279bf00000009, 0xBF7952B2D496EBB2, , <ShaderCode>, MMORPG-WindowsClient, 76939264, 60143616, 1991, 1991, 0xb605cdf5c2af38900f45824b959ff3dbe7d4c9d4, ShaderCode, , MMORPG, WindowsClient, Base, Installed, 0, 60143616
405, e6845b9d057ee53900000009, 0x39E57E059D5B84E6, , <ShaderCode>, MMORPG-WindowsClient, 77004800, 60145664, 9453, 9453, 0xb8f974f8d76a3ab243c0677a7edbed96ca452c08, ShaderCode, , MMORPG, WindowsClient, Base, Installed, 0, 60145664
406, aeae880a3f0471e200000009, 0xE271043F0A88AEAE, , <ShaderCode>, MMORPG-WindowsClient, 77070336, 60155904, 11326, 11326, 0x137afb53da2e7df8ec69e4247cef8bf6197c39e8, ShaderCode, , MMORPG, WindowsClient, Base, Installed, 0, 60155904
407, 4643fe68e139a24b00000009, 0x4BA239E168FE4346, , <ShaderCode>, MMORPG-WindowsClient, 77135872, 60168192, 2464, 2464, 0x72d1d67c9c3f29242deefcb3edb55a8c5380cfc3, ShaderCode, , MMORPG, WindowsClient, Base, Installed, 0, 60168192
408, fd895055cba0a6f900000009, 0xF9A6A0CB555089FD, , <ShaderCode>, MMORPG-WindowsClient, 77201408, 60172288, 2590, 2590, 0x1002808e976ad3f152e4797c7d1f2adcb966bb6c, ShaderCode, , MMORPG, WindowsClient, Base, Installed, 0, 60172288
409, 91718dff215d36d300000009, 0xD3365D21FF8D7191, , <ShaderCode>, MMORPG-WindowsClient, 77266944, 60176384, 5677, 5677, 0x9bc189e6e4c9724bc3e5918b1a535f05644a030a, ShaderCode, , MMORPG, WindowsClient, Base, Installed, 0, 60176384
410, 3df681a018d366c300000009, 0xC366D318A081F63D, , <ShaderCode>, MMORPG-WindowsClient, 77332480, 60182528, 21794, 21794, 0xac450b27f386ffec3bb76e2cb984261b320d4c0b, ShaderCode, , MMORPG, WindowsClient, Base, Installed, 0, 60182528
411, 703b6f89167ede8900000009, 0x89DE7E16896F3B70, , <ShaderCode>, MMORPG-WindowsClient, 77398016, 60205056, 4845, 4845, 0xa5b4604999b8a7baa6ab1715d4f2a3b13df94aaa, ShaderCode, , MMORPG, WindowsClient, Base, Installed, 0, 60205056
412, 6a935fc8ac4f25e400000009, 0xE4254FACC85F936A, , <ShaderCode>, MMORPG-WindowsClient, 77463552, 60211200, 3479, 3479, 0x3f76c1200a29838c275255ebef98ed9889ef4796, ShaderCode, , MMORPG, WindowsClient, Base, Installed, 0, 60211200
413, f9c1e0de1502c48a00000009, 0x8AC40215DEE0C1F9, , <ShaderCode>, MMORPG-WindowsClient, 77529088, 60215296, 7101, 7101, 0x2c5e687e61424445dbec0df67a82f04ac7c9f0ba, ShaderCode, , MMORPG, WindowsClient, Base, Installed, 0, 60215296
414, 2f72cb65eff3c00500000009, 0x5C0F3EF65CB722F, , <ShaderCode>, MMORPG-WindowsClient, 77594624, 60223488, 18890, 18890, 0x9c3c4025686ffac43e98caa4382c25e274b4a0e7, ShaderCode, , MMORPG, WindowsClient, Base, Installed, 0, 60223488
415, ee314dd1ff0f7df900000009, 0xF97D0FFFD14D31EE, , <ShaderCode>, MMORPG-WindowsClient, 77660160, 60243968, 3798, 3798, 0x5016d380bd455017e35a5967156a8b767ab4f4ff, ShaderCode, , MMORPG, WindowsClient, Base, Installed, 0, 60243968
416, 29c31a96793d204900000009, 0x49203D79961AC329, , <ShaderCode>, MMORPG-WindowsClient, 77725696, 60248064, 4809, 4809, 0xcd18149cebd78d9af46c1c0fadbc4d09376509d8, ShaderCode, , MMORPG, WindowsClient, Base, Installed, 0, 60248064
417, 86b6955a36b7cebc00000009, 0xBCCEB7365A95B686, , <ShaderCode>, MMORPG-WindowsClient, 77791232, 60254208, 6710, 6710, 0x136f42dca72096a07b43df7eaf914ef42f80f28f, ShaderCode, , MMORPG, WindowsClient, Base, Installed, 0, 60254208
418, e9f7c25d97aa17e800000009, 0xE817AA975DC2F7E9, , <ShaderCode>, MMORPG-WindowsClient, 77856768, 60262400, 11134, 11134, 0xc568587b6cb41f5ff231b6f650e70ec64e2c8389, ShaderCode, , MMORPG, WindowsClient, Base, Installed, 0, 60262400
419, f48ec934ce2673db00000009, 0xDB7326CE34C98EF4, , <ShaderCode>, MMORPG-WindowsClient, 77922304, 60274688, 6779, 6779, 0x78a39e428c3907449f1b7581122594b7941ad7dd, ShaderCode, , MMORPG, WindowsClient, Base, Installed, 0, 60274688
420, 7bb950e981cb2ca400000009, 0xA42CCB81E950B97B, , <ShaderCode>, MMORPG-WindowsClient, 77987840, 60282880, 4772, 4772, 0x582f41aa6d668d27f1549b9ba10605a55c607c87, ShaderCode, , MMORPG, WindowsClient, Base, Installed, 0, 60282880
421, 44643b6038a6dbaf00000009, 0xAFDBA638603B6444, , <ShaderCode>, MMORPG-WindowsClient, 78053376, 60289024, 4990, 4990, 0xae86a96503daafe76ba9a03f7903f12cc4c285c3, ShaderCode, , MMORPG, WindowsClient, Base, Installed, 0, 60289024
422, f362d25248881b3400000009, 0x341B884852D262F3, , <ShaderCode>, MMORPG-WindowsClient, 78118912, 60295168, 4832, 4832, 0xce31838f16ed69895bad4ee46a25d8e4a40712a9, ShaderCode, , MMORPG, WindowsClient, Base, Installed, 0, 60295168
423, 1cba52c33d4911d900000009, 0xD911493DC352BA1C, , <ShaderCode>, MMORPG-WindowsClient, 78184448, 60301312, 5454, 5454, 0xd850e860cae7f7c29af2a86a0c4379f9d53d347a, ShaderCode, , MMORPG, WindowsClient, Base, Installed, 0, 60301312
424, 89ef91f19af8c64600000009, 0x46C6F89AF191EF89, , <ShaderCode>, MMORPG-WindowsClient, 78249984, 60307456, 6634, 6634, 0xdb0bdb487ed48e490b54393af2eb9d85e67a69d1, ShaderCode, , MMORPG, WindowsClient, Base, Installed, 0, 60307456
425, 92a00576b1b48fc700000009, 0xC78FB4B17605A092, , <ShaderCode>, MMORPG-WindowsClient, 78315520, 60315648, 3287, 3287, 0x3f47d2bd9fdc6a570574e25f1903e55a7b33ce8b, ShaderCode, , MMORPG, WindowsClient, Base, Installed, 0, 60315648
426, be2b0092c6ad3d9500000009, 0x953DADC692002BBE, , <ShaderCode>, MMORPG-WindowsClient, 78381056, 60319744, 2979, 2979, 0xb26e02f1685f5894374441d6818539295567d7f6, ShaderCode, , MMORPG, WindowsClient, Base, Installed, 0, 60319744
427, 5f62822a562e56c400000009, 0xC4562E562A82625F, , <ShaderCode>, MMORPG-WindowsClient, 78446592, 60323840, 6988, 6988, 0xeb3724eddca74e1d088f3ea778c8f9b29be99f40, ShaderCode, , MMORPG, WindowsClient, Base, Installed, 0, 60323840
428, c92c6b8ef87b749400000009, 0x94747BF88E6B2CC9, , <ShaderCode>, MMORPG-WindowsClient, 78512128, 60332032, 4637, 4637, 0xc19947b7165d966b959240b0802b14d865476022, ShaderCode, , MMORPG, WindowsClient, Base, Installed, 0, 60332032
429, b33299b37a92513300000009, 0x3351927AB39932B3, , <ShaderCode>, MMORPG-WindowsClient, 78577664, 60338176, 8024, 8024, 0x537d8fb1ed1eef09a235a3b15ac3c71a1436e1f2, ShaderCode, , MMORPG, WindowsClient, Base, Installed, 0, 60338176
430, 470d3b4aa627538e00000009, 0x8E5327A64A3B0D47, , <ShaderCode>, MMORPG-WindowsClient, 78643200, 60346368, 2889, 2889, 0x8f50b33f8e46c810d1e91fe62208bbb5c102a658, ShaderCode, , MMORPG, WindowsClient, Base, Installed, 0, 60346368
431, 130fcfee203bb29b00000009, 0x9BB23B20EECF0F13, , <ShaderCode>, MMORPG-WindowsClient, 78708736, 60350464, 3467, 3467, 0x612b7a177bb499a7a580b229ccc18193cc95c5ff, ShaderCode, , MMORPG, WindowsClient, Base, Installed, 0, 60350464
432, 07629d747d26a01f00000009, 0x1FA0267D749D6207, , <ShaderCode>, MMORPG-WindowsClient, 78774272, 60354560, 10643, 10643, 0xf216d2be1c6d722f7909c0ab8827cf5726356951, ShaderCode, , MMORPG, WindowsClient, Base, Installed, 0, 60354560
433, c1cddddcaadadd0e00000009, 0xEDDDAAADCDDCDC1, , <ShaderCode>, MMORPG-WindowsClient, 78839808, 60366848, 4122, 4122, 0xc3008c6caf1b6b32a3efb05a9faaa9d841e19ebe, ShaderCode, , MMORPG, WindowsClient, Base, Installed, 0, 60366848
434, b81e20cf309ab81f00000009, 0x1FB89A30CF201EB8, , <ShaderCode>, MMORPG-WindowsClient, 78905344, 60372992, 3563, 3563, 0x78b63328d6f1e117b95889b5f5ed2f8081215e43, ShaderCode, , MMORPG, WindowsClient, Base, Installed, 0, 60372992
435, 3672d14bee9682eb00000009, 0xEB8296EE4BD17236, , <ShaderCode>, MMORPG-WindowsClient, 78970880, 60377088, 4993, 4993, 0xb72d16f195925c25bbbb3d917a068e6ae09df42d, ShaderCode, , MMORPG, WindowsClient, Base, Installed, 0, 60377088
436, 15b1a1844f22518100000009, 0x8151224F84A1B115, , <ShaderCode>, MMORPG-WindowsClient, 79036416, 60383232, 7878, 7878, 0x1c4d185162c1ee5a0bdd3d27f576929ea7694130, ShaderCode, , MMORPG, WindowsClient, Base, Installed, 0, 60383232
437, f41f14ec1f3565c300000009, 0xC365351FEC141FF4, , <ShaderCode>, MMORPG-WindowsClient, 79101952, 60391424, 11834, 11834, 0xc0a37fc45113e4b1944a27d911ece0469cecfd56, ShaderCode, , MMORPG, WindowsClient, Base, Installed, 0, 60391424
438, d322c96aeead01d000000009, 0xD001ADEE6AC922D3, , <ShaderCode>, MMORPG-WindowsClient, 79167488, 60403712, 5309, 5309, 0x1f9c598b062531f80673652e579f17468648b156, ShaderCode, , MMORPG, WindowsClient, Base, Installed, 0, 60403712
439, 22e0ac8421f0354600000009, 0x4635F02184ACE022, , <ShaderCode>, MMORPG-WindowsClient, 79233024, 60409856, 4859, 4859, 0xae6e28fa824200c21d79cbb6a37c871dd93f029b, ShaderCode, , MMORPG, WindowsClient, Base, Installed, 0, 60409856
440, ad93e4ed435c6a2b00000009, 0x2B6A5C43EDE493AD, , <ShaderCode>, MMORPG-WindowsClient, 79298560, 60416000, 3824, 3824, 0x8e2f6e9e81a863bbe30130d9548a8e6043167a83, ShaderCode, , MMORPG, WindowsClient, Base, Installed, 0, 60416000
441, 2567422babcf997000000009, 0x7099CFAB2B426725, , <ShaderCode>, MMORPG-WindowsClient, 79364096, 60420096, 5422, 5422, 0x52fd40c2ce222dc4a577bd9ae107ae1207854429, ShaderCode, , MMORPG, WindowsClient, Base, Installed, 0, 60420096
442, 2c1e0271abdf80a400000009, 0xA480DFAB71021E2C, , <ShaderCode>, MMORPG-WindowsClient, 79429632, 60426240, 35976, 35976, 0x40971e692408978e50b0e50b0b3f445da3d51ca8, ShaderCode, , MMORPG, WindowsClient, Base, Installed, 0, 60426240
443, daa9fc2fac5f3b5800000009, 0x583B5FAC2FFCA9DA, , <ShaderCode>, MMORPG-WindowsClient, 79495168, 60463104, 3681, 3681, 0xf393c9a050205c4a2c7e24f8c033eafc41087c19, ShaderCode, , MMORPG, WindowsClient, Base, Installed, 0, 60463104
444, 0aef4c925e7be92b00000009, 0x2BE97B5E924CEF0A, , <ShaderCode>, MMORPG-WindowsClient, 79560704, 60467200, 3044, 3044, 0x9f3fdaca4feeb3d70050099fad5edead18b8dc03, ShaderCode, , MMORPG, WindowsClient, Base, Installed, 0, 60467200
445, 75f2fa63f5e5190f00000009, 0xF19E5F563FAF275, , <ShaderCode>, MMORPG-WindowsClient, 79626240, 60471296, 4046, 4046, 0xf60eb2158c05cb860477a46d8d1b02aa9b35b2ff, ShaderCode, , MMORPG, WindowsClient, Base, Installed, 0, 60471296
446, fa9f3ff4cd7b6d2b00000009, 0x2B6D7BCDF43F9FFA, , <ShaderCode>, MMORPG-WindowsClient, 79691776, 60475392, 5927, 5927, 0x0ebd87af958162705e3f73ef85efab5e4b22ed52, ShaderCode, , MMORPG, WindowsClient, Base, Installed, 0, 60475392
447, f7e7e724cd7199a500000009, 0xA59971CD24E7E7F7, , <ShaderCode>, MMORPG-WindowsClient, 79757312, 60481536, 6679, 6679, 0x6d186a4668cb6e31f733a827d694e576b4755444, ShaderCode, , MMORPG, WindowsClient, Base, Installed, 0, 60481536
448, 9c4c1ca7af6d855900000009, 0x59856DAFA71C4C9C, , <ShaderCode>, MMORPG-WindowsClient, 79822848, 60488224, 1081, 1081, 0x2ab3a5d3a5c904702eaa22b8d7a31b61aa273113, ShaderCode, , MMORPG, WindowsClient, Base, Installed, 0, 60488224
449, 110691e84a93a01100000009, 0x11A0934AE8910611, , <ShaderCode>, MMORPG-WindowsClient, 79888384, 60489728, 2318, 2318, 0x73124af8c782cc36ba5d3dbd717edd49f79e961f, ShaderCode, , MMORPG, WindowsClient, Base, Installed, 0, 60489728
450, 2fbae19e1ec4e01a00000009, 0x1AE0C41E9EE1BA2F, , <ShaderCode>, MMORPG-WindowsClient, 79953920, 60493824, 2115, 2115, 0x3e858c8baa43ee940d90f517b317c1fc41829f67, ShaderCode, , MMORPG, WindowsClient, Base, Installed, 0, 60493824
451, 72513552b2806ca000000009, 0xA06C80B252355172, , <ShaderCode>, MMORPG-WindowsClient, 80019456, 60497920, 7661, 7661, 0x866a85b70ef7e795a94e9f0f732ea3a16c263004, ShaderCode, , MMORPG, WindowsClient, Base, Installed, 0, 60497920
452, 7d8fd4c6963a100e00000009, 0xE103A96C6D48F7D, , <ShaderCode>, MMORPG-WindowsClient, 80084992, 60506112, 2173, 2173, 0x5dcf2501f831d6de7a3865e261b790b46acb4c01, ShaderCode, , MMORPG, WindowsClient, Base, Installed, 0, 60506112
453, 1123338c17977b8b00000009, 0x8B7B97178C332311, , <ShaderCode>, MMORPG-WindowsClient, 80150528, 60510208, 4024, 4024, 0x68bb2d82fd3e054825146e81e503e81053e415bb, ShaderCode, , MMORPG, WindowsClient, Base, Installed, 0, 60510208
454, 23b69a17715f556e00000009, 0x6E555F71179AB623, , <ShaderCode>, MMORPG-WindowsClient, 80216064, 60514304, 1989, 1989, 0x66c9de9606b036b45a2544b02987fac7b54eb4e4, ShaderCode, , MMORPG, WindowsClient, Base, Installed, 0, 60514304
455, 96b2eaad1d223e8e00000009, 0x8E3E221DADEAB296, , <ShaderCode>, MMORPG-WindowsClient, 80281600, 60516352, 2788, 2788, 0x0bb8041c3d20560504d4aeaac9e520c59c637c42, ShaderCode, , MMORPG, WindowsClient, Base, Installed, 0, 60516352
456, b5d163d57dbc288500000009, 0x8528BC7DD563D1B5, , <ShaderCode>, MMORPG-WindowsClient, 80347136, 60520448, 2269, 2269, 0xd6d6830f14d63b08f8bb943e41c72ad4a9947a8b, ShaderCode, , MMORPG, WindowsClient, Base, Installed, 0, 60520448
457, ee4afdb641dee71e00000009, 0x1EE7DE41B6FD4AEE, , <ShaderCode>, MMORPG-WindowsClient, 80412672, 60524544, 2727, 2727, 0x3d34e9e1c2e3be8d70479aaf37e5c16864e73bc7, ShaderCode, , MMORPG, WindowsClient, Base, Installed, 0, 60524544
458, 15cb649c778a610100000009, 0x1618A779C64CB15, , <ShaderCode>, MMORPG-WindowsClient, 80478208, 60528640, 8993, 8993, 0x16738247af624c617e8f68599186f86c88a3addb, ShaderCode, , MMORPG, WindowsClient, Base, Installed, 0, 60528640
459, 145626a334236d1600000009, 0x166D2334A3265614, , <ShaderCode>, MMORPG-WindowsClient, 80543744, 60538880, 6353, 6353, 0x1453db76c5440e90bf4c7f70ab35747eb2748413, ShaderCode, , MMORPG, WindowsClient, Base, Installed, 0, 60538880
460, 3219871a2b8350dd00000009, 0xDD50832B1A871932, , <ShaderCode>, MMORPG-WindowsClient, 80609280, 60547072, 2915, 2915, 0xf8013a6a1002b26503fffdbd7f71ebf449586c9c, ShaderCode, , MMORPG, WindowsClient, Base, Installed, 0, 60547072
461, 6c7e8e2e26b611e000000009, 0xE011B6262E8E7E6C, , <ShaderCode>, MMORPG-WindowsClient, 80674816, 60551168, 2094, 2094, 0x2e3e977b0445d6eb28a57f7f54d766d1c7062d04, ShaderCode, , MMORPG, WindowsClient, Base, Installed, 0, 60551168
462, 037738768cee822f00000009, 0x2F82EE8C76387703, , <ShaderCode>, MMORPG-WindowsClient, 80740352, 60555264, 2649, 2649, 0x6e6b88286d0f0cb77c0d89780b5f78cedde7a6d5, ShaderCode, , MMORPG, WindowsClient, Base, Installed, 0, 60555264
463, 12cedc3e2b2bf47f00000009, 0x7FF42B2B3EDCCE12, , <ShaderCode>, MMORPG-WindowsClient, 80805888, 60559360, 2593, 2593, 0x7646016868567217d753f2111c7a16df28305eb1, ShaderCode, , MMORPG, WindowsClient, Base, Installed, 0, 60559360
464, 0641faeda73e44a800000009, 0xA8443EA7EDFA4106, , <ShaderCode>, MMORPG-WindowsClient, 80871424, 60563456, 7241, 7241, 0x38d900c0a5035a94c91a5e2691d309395e76198b, ShaderCode, , MMORPG, WindowsClient, Base, Installed, 0, 60563456
465, c2292b6ec93f58b600000009, 0xB6583FC96E2B29C2, , <ShaderCode>, MMORPG-WindowsClient, 80936960, 60571648, 56081, 56081, 0x6a730d7c8492c266f717621983a5a92eabe02898, ShaderCode, , MMORPG, WindowsClient, Base, Installed, 0, 60571648
466, 6e2c094c173e34c700000009, 0xC7343E174C092C6E, , <ShaderCode>, MMORPG-WindowsClient, 81002496, 60628992, 6766, 6766, 0x63b5bd5e80e39a685bee508f686da280f3b92f57, ShaderCode, , MMORPG, WindowsClient, Base, Installed, 0, 60628992
467, 4b5aba35df2c60af00000009, 0xAF602CDF35BA5A4B, , <ShaderCode>, MMORPG-WindowsClient, 81068032, 60637184, 17678, 17678, 0xe2366bbcee32a69d964e98eefe6c9d3af88a8dfd, ShaderCode, , MMORPG, WindowsClient, Base, Installed, 0, 60637184
468, fcb0a89af020c88000000009, 0x80C820F09AA8B0FC, , <ShaderCode>, MMORPG-WindowsClient, 81133568, 60655616, 2755, 2755, 0xe7128a82c7eb3e8c91b41b7ef559ba19e36e58bb, ShaderCode, , MMORPG, WindowsClient, Base, Installed, 0, 60655616
469, 33b92790fb7d150000000009, 0x157DFB9027B933, , <ShaderCode>, MMORPG-WindowsClient, 81199104, 60659712, 2046, 2046, 0x242b38be3e0a536dc342e381c77b66d044e908b5, ShaderCode, , MMORPG, WindowsClient, Base, Installed, 0, 60659712
470, 16f9d0530d61f2ad00000009, 0xADF2610D53D0F916, , <ShaderCode>, MMORPG-WindowsClient, 81264640, 60661760, 5160, 5160, 0x47648dbc2b99045ee634215f07100420e54315ed, ShaderCode, , MMORPG, WindowsClient, Base, Installed, 0, 60661760
471, 769528e946be8f7200000009, 0x728FBE46E9289576, , <ShaderCode>, MMORPG-WindowsClient, 81330176, 60667904, 24498, 24498, 0x97ac363719c6d6db05b0d02f6fdeedb27863c964, ShaderCode, , MMORPG, WindowsClient, Base, Installed, 0, 60667904
472, 07c8fa887c56266600000009, 0x6626567C88FAC807, , <ShaderCode>, MMORPG-WindowsClient, 81395712, 60692480, 2896, 2896, 0x192d0c44f282126bd8c50eb62ffc1de0800d2439, ShaderCode, , MMORPG, WindowsClient, Base, Installed, 0, 60692480
473, 3fb094a87ed01ce600000009, 0xE61CD07EA894B03F, , <ShaderCode>, MMORPG-WindowsClient, 81461248, 60696576, 35297, 35297, 0xd9c7d661d4da1ea50ede5de53c9ac5046911877f, ShaderCode, , MMORPG, WindowsClient, Base, Installed, 0, 60696576
474, a697f1f36e134e5500000009, 0x554E136EF3F197A6, , <ShaderCode>, MMORPG-WindowsClient, 81526784, 60733440, 7069, 7069, 0x1be6fcd794f8d35cd899ee6f54c0abf534e040e0, ShaderCode, , MMORPG, WindowsClient, Base, Installed, 0, 60733440
475, 058d54a4212ea5a400000009, 0xA4A52E21A4548D05, , <ShaderCode>, MMORPG-WindowsClient, 81592320, 60741632, 2415, 2415, 0xba90131c64c7d212ba977cf4aa10d2b6284bc33f, ShaderCode, , MMORPG, WindowsClient, Base, Installed, 0, 60741632
476, 3568babf0aa6df0900000009, 0x9DFA60ABFBA6835, , <ShaderCode>, MMORPG-WindowsClient, 81657856, 60745728, 2618, 2618, 0x5801fbbf49054a9d67b73e7ca338143accac71fb, ShaderCode, , MMORPG, WindowsClient, Base, Installed, 0, 60745728
477, 3ac6707ac2dfb2fe00000009, 0xFEB2DFC27A70C63A, , <ShaderCode>, MMORPG-WindowsClient, 81723392, 60749824, 3212, 3212, 0x49d35d2dd9a4fe97aaad3eb4ec0a9395aeee708e, ShaderCode, , MMORPG, WindowsClient, Base, Installed, 0, 60749824
478, 8f62c2e03bb8cc0500000009, 0x5CCB83BE0C2628F, , <ShaderCode>, MMORPG-WindowsClient, 81788928, 60753920, 72894, 72894, 0x817144867bf5cfc26b415e001b98a037bc744b82, ShaderCode, , MMORPG, WindowsClient, Base, Installed, 0, 60753920
479, 4003c4a01b848af100000009, 0xF18A841BA0C40340, , <ShaderCode>, MMORPG-WindowsClient, 81920000, 60827648, 5799, 5799, 0x1b3d57c7bbd45f9467b775742244cc69d95fa794, ShaderCode, , MMORPG, WindowsClient, Base, Installed, 0, 60827648
480, a1630b35fb02f8e700000009, 0xE7F802FB350B63A1, , <ShaderCode>, MMORPG-WindowsClient, 81985536, 60833792, 3065, 3065, 0x77c422c607ac249d329ce4f104476bb883ab0e57, ShaderCode, , MMORPG, WindowsClient, Base, Installed, 0, 60833792
481, 17908ad6a26743d800000009, 0xD84367A2D68A9017, , <ShaderCode>, MMORPG-WindowsClient, 82051072, 60837888, 3503, 3503, 0x7106449d8775861ed1d21cda527c8f185a7bc8af, ShaderCode, , MMORPG, WindowsClient, Base, Installed, 0, 60837888
482, 4900f0a5475730e900000009, 0xE9305747A5F00049, , <ShaderCode>, MMORPG-WindowsClient, 82116608, 60841984, 3028, 3028, 0x43a7c9932ef031c19b7473a9f2d10da001fa021c, ShaderCode, , MMORPG, WindowsClient, Base, Installed, 0, 60841984
483, e169375e439bcf4300000009, 0x43CF9B435E3769E1, , <ShaderCode>, MMORPG-WindowsClient, 82182144, 60846080, 3403, 3403, 0xdcee0d4f617cfaf4b0c3a850e39f11ad10aed07f, ShaderCode, , MMORPG, WindowsClient, Base, Installed, 0, 60846080
484, bf7ddb8d1918d45f00000009, 0x5FD418198DDB7DBF, , <ShaderCode>, MMORPG-WindowsClient, 82247680, 60850176, 5292, 5292, 0xc48a2754f1e64d615859430696dff0c26f30598f, ShaderCode, , MMORPG, WindowsClient, Base, Installed, 0, 60850176
485, b09d972688178ee700000009, 0xE78E178826979DB0, , <ShaderCode>, MMORPG-WindowsClient, 82313216, 60856320, 2105, 2105, 0x24c9cba12b26acc7bd5a94c560fe5980c26c2518, ShaderCode, , MMORPG, WindowsClient, Base, Installed, 0, 60856320
486, 88372059066052fe00000009, 0xFE52600659203788, , <ShaderCode>, MMORPG-WindowsClient, 82378752, 60860416, 2820, 2820, 0x73549f1c3ad9bd0707ca6b21ac7b5b1fee3f268e, ShaderCode, , MMORPG, WindowsClient, Base, Installed, 0, 60860416
487, 23351cf713f0ae0000000009, 0xAEF013F71C3523, , <ShaderCode>, MMORPG-WindowsClient, 82444288, 60864512, 4078, 4078, 0x8d0d409d1cc8293e5f9b9a7dcc3cdbfc4635b3e0, ShaderCode, , MMORPG, WindowsClient, Base, Installed, 0, 60864512
488, 6cf80f826414d29800000009, 0x98D21464820FF86C, , <ShaderCode>, MMORPG-WindowsClient, 82509824, 60868608, 5010, 5010, 0xf4e0f03475cc23ef5444291ef73ec46695d6bee1, ShaderCode, , MMORPG, WindowsClient, Base, Installed, 0, 60868608
489, 665c4564d57252c000000009, 0xC05272D564455C66, , <ShaderCode>, MMORPG-WindowsClient, 82575360, 60874752, 8948, 8948, 0xf2cbfe9ba2211217a58d69935add02b5f84577f2, ShaderCode, , MMORPG, WindowsClient, Base, Installed, 0, 60874752
490, bc8ad76bac7bebb000000009, 0xB0EB7BAC6BD78ABC, , <ShaderCode>, MMORPG-WindowsClient, 82640896, 60884992, 2667, 2667, 0x8df22c03b35f43f0aacfbbc7269e1e167d935f2d, ShaderCode, , MMORPG, WindowsClient, Base, Installed, 0, 60884992
491, 9bc6629d8a3a652200000009, 0x22653A8A9D62C69B, , <ShaderCode>, MMORPG-WindowsClient, 82706432, 60889088, 1560, 1560, 0x3fd26bd30a97edfedd2c9977306f6654359339b7, ShaderCode, , MMORPG, WindowsClient, Base, Installed, 0, 60889088
492, 0b3c9fb671c4245d00000009, 0x5D24C471B69F3C0B, , <ShaderCode>, MMORPG-WindowsClient, 82771968, 60891136, 8291, 8291, 0x39809f3bd99744724284028017d927dedf4bbd11, ShaderCode, , MMORPG, WindowsClient, Base, Installed, 0, 60891136
493, 866fc1d532d6ac3800000009, 0x38ACD632D5C16F86, , <ShaderCode>, MMORPG-WindowsClient, 82837504, 60899440, 1326, 1326, 0xbcb7f29b27a345ae6adbab4fbc6e39723fea6556, ShaderCode, , MMORPG, WindowsClient, Base, Installed, 0, 60899440
494, 77ae303a9f2058a200000009, 0xA258209F3A30AE77, , <ShaderCode>, MMORPG-WindowsClient, 82903040, 60901376, 1972, 1972, 0xd9266fb80b91b3c21a5bea88f59a9b2dad692f8b, ShaderCode, , MMORPG, WindowsClient, Base, Installed, 0, 60901376
495, 09ec7ec68b1afc4f00000009, 0x4FFC1A8BC67EEC09, , <ShaderCode>, MMORPG-WindowsClient, 82968576, 60903424, 2293, 2293, 0xd4f96849fd1955db2c26838475e254cf5e144107, ShaderCode, , MMORPG, WindowsClient, Base, Installed, 0, 60903424
496, e2d3d4f89b40201600000009, 0x1620409BF8D4D3E2, , <ShaderCode>, MMORPG-WindowsClient, 83034112, 60907520, 4817, 4817, 0x98ca6f74ff769af1050101c2914980cb8afef97a, ShaderCode, , MMORPG, WindowsClient, Base, Installed, 0, 60907520
497, 3d14287baa83f49e00000009, 0x9EF483AA7B28143D, , <ShaderCode>, MMORPG-WindowsClient, 83099648, 60913664, 16456, 16456, 0x32cff62e5ecdddf579045662e156466bc2c6c8d0, ShaderCode, , MMORPG, WindowsClient, Base, Installed, 0, 60913664
498, 1516b4b305f3494a00000009, 0x4A49F305B3B41615, , <ShaderCode>, MMORPG-WindowsClient, 83165184, 60932096, 14406, 14406, 0x75cd4ddd235e1f9105124e14eabfc13a9bba7418, ShaderCode, , MMORPG, WindowsClient, Base, Installed, 0, 60932096
499, e8715f75481c61f800000009, 0xF8611C48755F71E8, , <ShaderCode>, MMORPG-WindowsClient, 83230720, 60948480, 11645, 11645, 0x74bdce5279dafa9b6a39ae8c98ffa0ae3b095835, ShaderCode, , MMORPG, WindowsClient, Base, Installed, 0, 60948480
500, 23a3c394f7df0dfa00000009, 0xFA0DDFF794C3A323, , <ShaderCode>, MMORPG-WindowsClient, 83296256, 60960768, 1942, 1942, 0xa0a407bf0769bd6b943ef45136e087ab046391df, ShaderCode, , MMORPG, WindowsClient, Base, Installed, 0, 60960768
501, b21d1b6d21ff523000000009, 0x3052FF216D1B1DB2, , <ShaderCode>, MMORPG-WindowsClient, 83361792, 60962816, 1428, 1428, 0xd47030c38620051ac83e30808e4d551d367c8ed8, ShaderCode, , MMORPG, WindowsClient, Base, Installed, 0, 60962816
502, fb90e3edd45590e700000009, 0xE79055D4EDE390FB, , <ShaderCode>, MMORPG-WindowsClient, 83427328, 60964864, 11183, 11183, 0x74e308b5864d7577d7d03d30f04342e7cf236105, ShaderCode, , MMORPG, WindowsClient, Base, Installed, 0, 60964864
503, 1013dc7c7267d0fa00000009, 0xFAD067727CDC1310, , <ShaderCode>, MMORPG-WindowsClient, 83492864, 60977152, 2769, 2769, 0xbb9d39cb8b955b979a830170089efea65f43ade1, ShaderCode, , MMORPG, WindowsClient, Base, Installed, 0, 60977152
504, ad4c240bda23af0a00000009, 0xAAF23DA0B244CAD, , <ShaderCode>, MMORPG-WindowsClient, 83558400, 60981248, 3201, 3201, 0x18863179d3af45a27cf19242a517d1b289b1627f, ShaderCode, , MMORPG, WindowsClient, Base, Installed, 0, 60981248
505, 1dc18c549c4a7c3b00000009, 0x3B7C4A9C548CC11D, , <ShaderCode>, MMORPG-WindowsClient, 83623936, 60985344, 2291, 2291, 0x7c686570d8f066da8f02eff3a4769c72b436c854, ShaderCode, , MMORPG, WindowsClient, Base, Installed, 0, 60985344
506, cc4b095895a857bb00000009, 0xBB57A89558094BCC, , <ShaderCode>, MMORPG-WindowsClient, 83689472, 60987648, 1539, 1539, 0xa4b33b177361b70bf2d546a07318b636a92ffe58, ShaderCode, , MMORPG, WindowsClient, Base, Installed, 0, 60987648
507, a14b59ebadb017b700000009, 0xB717B0ADEB594BA1, , <ShaderCode>, MMORPG-WindowsClient, 83755008, 60989440, 11930, 11930, 0x50fb2162294008b66b5f42021534900182f2b931, ShaderCode, , MMORPG, WindowsClient, Base, Installed, 0, 60989440
508, 57bf35b673a1031a00000009, 0x1A03A173B635BF57, , <ShaderCode>, MMORPG-WindowsClient, 83820544, 61001728, 6140, 6140, 0xd4b8e2f857f34127abded14078d5aee76695aec6, ShaderCode, , MMORPG, WindowsClient, Base, Installed, 0, 61001728
509, eee659043b1e91d800000009, 0xD8911E3B0459E6EE, , <ShaderCode>, MMORPG-WindowsClient, 83886080, 61007872, 4464, 4464, 0x68c1367e3b9470fdb5d441aa7a3b79db4b5a0ae5, ShaderCode, , MMORPG, WindowsClient, Base, Installed, 0, 61007872
510, f60eb32061e83a8d00000009, 0x8D3AE86120B30EF6, , <ShaderCode>, MMORPG-WindowsClient, 83951616, 61014016, 2952, 2952, 0xd9451318ac18de739fde31d60bcb6bb09e51fbe2, ShaderCode, , MMORPG, WindowsClient, Base, Installed, 0, 61014016
511, 529266caff546f6200000009, 0x626F54FFCA669252, , <ShaderCode>, MMORPG-WindowsClient, 84017152, 61018112, 1819, 1819, 0x0fc0fea0d6d6380172085320a317e6711555170d, ShaderCode, , MMORPG, WindowsClient, Base, Installed, 0, 61018112
512, 4bba588d95a9db9c00000009, 0x9CDBA9958D58BA4B, , <ShaderCode>, MMORPG-WindowsClient, 84082688, 61020160, 14497, 14497, 0xc3f42022a0df4627c33c46e22bfe1ecb02a714fd, ShaderCode, , MMORPG, WindowsClient, Base, Installed, 0, 61020160
513, 07d3366b0e34b10800000009, 0x8B1340E6B36D307, , <ShaderCode>, MMORPG-WindowsClient, 84148224, 61036544, 5275, 5275, 0x8f070c869ed044cc3769051b0cfc176d5444a6ce, ShaderCode, , MMORPG, WindowsClient, Base, Installed, 0, 61036544
514, 42a8a7600b06b72900000009, 0x29B7060B60A7A842, , <ShaderCode>, MMORPG-WindowsClient, 84213760, 61042688, 3222, 3222, 0xf55892dd0b9cb97d9a3d032c1e738a44e0be0fc8, ShaderCode, , MMORPG, WindowsClient, Base, Installed, 0, 61042688
515, 8beda1887cf4d45d00000009, 0x5DD4F47C88A1ED8B, , <ShaderCode>, MMORPG-WindowsClient, 84279296, 61046784, 2047, 2047, 0x2c90b6b6be0785651f1f1c0e02679558b100df8a, ShaderCode, , MMORPG, WindowsClient, Base, Installed, 0, 61046784
516, ec8657ceb27de9b600000009, 0xB6E97DB2CE5786EC, , <ShaderCode>, MMORPG-WindowsClient, 84344832, 61048832, 1322, 1322, 0x08151ce5881a2aa03e67d99bc910efea9834414e, ShaderCode, , MMORPG, WindowsClient, Base, Installed, 0, 61048832
517, 668416cdfd11ed8e00000009, 0x8EED11FDCD168466, , <ShaderCode>, MMORPG-WindowsClient, 84410368, 61050880, 2338, 2338, 0x291977fc73a81b6efb21bf52ea011f5bd16dbcb2, ShaderCode, , MMORPG, WindowsClient, Base, Installed, 0, 61050880
518, 4afbc2a3cd79c77c00000009, 0x7CC779CDA3C2FB4A, , <ShaderCode>, MMORPG-WindowsClient, 84475904, 61054976, 2620, 2620, 0x4c46bc5092c7cbec00ece0b3ee8858390dfc6ec2, ShaderCode, , MMORPG, WindowsClient, Base, Installed, 0, 61054976
519, f1629769171f2ef200000009, 0xF22E1F17699762F1, , <ShaderCode>, MMORPG-WindowsClient, 84541440, 61059072, 5417, 5417, 0xb99d3442ad0b085c5c1157ae4202d41d47933559, ShaderCode, , MMORPG, WindowsClient, Base, Installed, 0, 61059072
520, 8d67585db743b70a00000009, 0xAB743B75D58678D, , <ShaderCode>, MMORPG-WindowsClient, 84606976, 61065216, 2165, 2165, 0xcf4e1b311947d29767e05220de8aca7a95765d78, ShaderCode, , MMORPG, WindowsClient, Base, Installed, 0, 61065216
521, 323140ae3c7dd86400000009, 0x64D87D3CAE403132, , <ShaderCode>, MMORPG-WindowsClient, 84672512, 61069312, 3683, 3683, 0x8a7bb4366029b5cb5e9e50790e696bd1d529d7c9, ShaderCode, , MMORPG, WindowsClient, Base, Installed, 0, 61069312
522, ae830f72a989b02a00000009, 0x2AB089A9720F83AE, , <ShaderCode>, MMORPG-WindowsClient, 84738048, 61073408, 1081, 1081, 0x462968a7b5917439a936711153cf915530d9d276, ShaderCode, , MMORPG, WindowsClient, Base, Installed, 0, 61073408
523, 9f2ac6894249867400000009, 0x7486494289C62A9F, , <ShaderCode>, MMORPG-WindowsClient, 84803584, 61075456, 2490, 2490, 0xe95f1dc6c11f2d123c646debcd9e5cc165376d7b, ShaderCode, , MMORPG, WindowsClient, Base, Installed, 0, 61075456
524, ec6e8de22262bf5300000009, 0x53BF6222E28D6EEC, , <ShaderCode>, MMORPG-WindowsClient, 84869120, 61079552, 2034, 2034, 0xf4e2a9f44b57a64c69752cc3167f0d583ddae4c1, ShaderCode, , MMORPG, WindowsClient, Base, Installed, 0, 61079552
525, 07a7376e6dd949eb00000009, 0xEB49D96D6E37A707, , <ShaderCode>, MMORPG-WindowsClient, 84934656, 61081600, 2698, 2698, 0x3790fda714cef2a1f98f4a7d3fee096a888ed4da, ShaderCode, , MMORPG, WindowsClient, Base, Installed, 0, 61081600
526, 0fdfd9b5d8f6e1b300000009, 0xB3E1F6D8B5D9DF0F, , <ShaderCode>, MMORPG-WindowsClient, 85000192, 61085696, 2885, 2885, 0x93dbed3ce80fa8f559cc8fdfac5da09b42a84562, ShaderCode, , MMORPG, WindowsClient, Base, Installed, 0, 61085696
527, ff955734be6701ea00000009, 0xEA0167BE345795FF, , <ShaderCode>, MMORPG-WindowsClient, 85065728, 61089792, 3996, 3996, 0x71c814c7724c531dc135a78720e684e0187b7a06, ShaderCode, , MMORPG, WindowsClient, Base, Installed, 0, 61089792
528, f6c71978c2bb682c00000009, 0x2C68BBC27819C7F6, , <ShaderCode>, MMORPG-WindowsClient, 85131264, 61093888, 2388, 2388, 0xfc3a46e1f7b22550ab99fddfbe92fd36806efca2, ShaderCode, , MMORPG, WindowsClient, Base, Installed, 0, 61093888
529, 7b249b2f1e6a8e5000000009, 0x508E6A1E2F9B247B, , <ShaderCode>, MMORPG-WindowsClient, 85196800, 61097984, 4642, 4642, 0xfa6a12e71520dbe3fb395fd22581ee8903f019a7, ShaderCode, , MMORPG, WindowsClient, Base, Installed, 0, 61097984
530, 76e439b315bc325e00000009, 0x5E32BC15B339E476, , <ShaderCode>, MMORPG-WindowsClient, 85262336, 61104128, 3729, 3729, 0x1d543c283a02db362e872494095c7f8a95724f2a, ShaderCode, , MMORPG, WindowsClient, Base, Installed, 0, 61104128
531, c1f3059952a7cfd500000009, 0xD5CFA7529905F3C1, , <ShaderCode>, MMORPG-WindowsClient, 85327872, 61108224, 3690, 3690, 0x5d69e3eda506278fc0a6653aea8da3308ef72986, ShaderCode, , MMORPG, WindowsClient, Base, Installed, 0, 61108224
532, 265a70fffcd93bae00000009, 0xAE3BD9FCFF705A26, , <ShaderCode>, MMORPG-WindowsClient, 85393408, 61112320, 1496, 1496, 0x4c335a165933ab6fa92dc5cd6bb5fff8568c32eb, ShaderCode, , MMORPG, WindowsClient, Base, Installed, 0, 61112320
533, ff4b7f9848c34ebd00000009, 0xBD4EC348987F4BFF, , <ShaderCode>, MMORPG-WindowsClient, 85458944, 61114368, 30384, 30384, 0xa65f03a0fd81d769b5fc0a14b9979618ef684806, ShaderCode, , MMORPG, WindowsClient, Base, Installed, 0, 61114368
534, 5b30a37f5cf9151200000009, 0x1215F95C7FA3305B, , <ShaderCode>, MMORPG-WindowsClient, 85524480, 61145088, 2159, 2159, 0x143dc10407b07521fd8f2970ce63372b75416e35, ShaderCode, , MMORPG, WindowsClient, Base, Installed, 0, 61145088
535, 01568a8e5609217d00000009, 0x7D2109568E8A5601, , <ShaderCode>, MMORPG-WindowsClient, 85590016, 61149184, 4082, 4082, 0xcfa10890b11cd494e16d30ca449aa78188053563, ShaderCode, , MMORPG, WindowsClient, Base, Installed, 0, 61149184
536, 86e907ea0127994e00000009, 0x4E992701EA07E986, , <ShaderCode>, MMORPG-WindowsClient, 85655552, 61153280, 3756, 3756, 0x3d0895c0de696e375c4144c64b3197a72e73bf23, ShaderCode, , MMORPG, WindowsClient, Base, Installed, 0, 61153280
537, 8a88ddd4495c3a7b00000009, 0x7B3A5C49D4DD888A, , <ShaderCode>, MMORPG-WindowsClient, 85721088, 61157376, 7868, 7868, 0x3f50d605ed950bc21c7b06fa80a3aa24687c8a27, ShaderCode, , MMORPG, WindowsClient, Base, Installed, 0, 61157376
538, afc434dd9427067300000009, 0x73062794DD34C4AF, , <ShaderCode>, MMORPG-WindowsClient, 85786624, 61165568, 2922, 2922, 0xa375e0c0f8412a979d18683ad343d22516f9e2f2, ShaderCode, , MMORPG, WindowsClient, Base, Installed, 0, 61165568
539, 317035ab81f487ad00000009, 0xAD87F481AB357031, , <ShaderCode>, MMORPG-WindowsClient, 85852160, 61169664, 3673, 3673, 0xe378d7e27f5bd69761196a0fa42da87e7939209c, ShaderCode, , MMORPG, WindowsClient, Base, Installed, 0, 61169664
540, 324280a6b11ca71700000009, 0x17A71CB1A6804232, , <ShaderCode>, MMORPG-WindowsClient, 85917696, 61173760, 3094, 3094, 0x08b4964c93c382b45be805d83de472e745b9e7eb, ShaderCode, , MMORPG, WindowsClient, Base, Installed, 0, 61173760
541, 88458eaf31eca64700000009, 0x47A6EC31AF8E4588, , <ShaderCode>, MMORPG-WindowsClient, 85983232, 61177856, 4492, 4492, 0x599475aad610fcf6ea5dcb983bc60f507aa81a6f, ShaderCode, , MMORPG, WindowsClient, Base, Installed, 0, 61177856
542, e2ed5f777aef763000000009, 0x3076EF7A775FEDE2, , <ShaderCode>, MMORPG-WindowsClient, 86048768, 61184000, 4256, 4256, 0x0254c4265082662ebeeadb458c4501b5f01dacc8, ShaderCode, , MMORPG, WindowsClient, Base, Installed, 0, 61184000
543, 8d348972158bbcf700000009, 0xF7BC8B157289348D, , <ShaderCode>, MMORPG-WindowsClient, 86114304, 61190144, 3240, 3240, 0x949da7adc88772b3813a096a4ddf008cec24b2e1, ShaderCode, , MMORPG, WindowsClient, Base, Installed, 0, 61190144
544, 3d3691451f56ec7000000009, 0x70EC561F4591363D, , <ShaderCode>, MMORPG-WindowsClient, 86179840, 61194240, 2229, 2229, 0x35f5d0dbc6816cf28ca345827bd14cfcb105e3eb, ShaderCode, , MMORPG, WindowsClient, Base, Installed, 0, 61194240
545, c17f125c1c1fee5e00000009, 0x5EEE1F1C5C127FC1, , <ShaderCode>, MMORPG-WindowsClient, 86245376, 61198336, 2337, 2337, 0x1676c8c154a6cd3ed6135c4bc30d47f59686ff92, ShaderCode, , MMORPG, WindowsClient, Base, Installed, 0, 61198336
546, 3af9c07a1bedd23e00000009, 0x3ED2ED1B7AC0F93A, , <ShaderCode>, MMORPG-WindowsClient, 86310912, 61202432, 6975, 6975, 0x2a136852f87e3f8d08e73bb803a048635a407d79, ShaderCode, , MMORPG, WindowsClient, Base, Installed, 0, 61202432
547, 96875f444fe693fb00000009, 0xFB93E64F445F8796, , <ShaderCode>, MMORPG-WindowsClient, 86376448, 61210624, 2896, 2896, 0x911e2b977a3cda66c65260f0aef65732de131951, ShaderCode, , MMORPG, WindowsClient, Base, Installed, 0, 61210624
548, 7d69549a0d12e63300000009, 0x33E6120D9A54697D, , <ShaderCode>, MMORPG-WindowsClient, 86441984, 61214720, 2221, 2221, 0xbfb2ebc1251e1ac8ac67c4914c7a632c8ba2ac1d, ShaderCode, , MMORPG, WindowsClient, Base, Installed, 0, 61214720
549, 1931e2a69c4e8af500000009, 0xF58A4E9CA6E23119, , <ShaderCode>, MMORPG-WindowsClient, 86507520, 61218816, 3527, 3527, 0x8dd4973395ade16a09ff48b8e14538d88fdeb46b, ShaderCode, , MMORPG, WindowsClient, Base, Installed, 0, 61218816
550, 78940d10737d474f00000009, 0x4F477D73100D9478, , <ShaderCode>, MMORPG-WindowsClient, 86573056, 61222912, 2628, 2628, 0xe5816d08d6e49a38066d6f70a6e157f9ebbfa044, ShaderCode, , MMORPG, WindowsClient, Base, Installed, 0, 61222912
551, 8d7a9b89dba4af9500000009, 0x95AFA4DB899B7A8D, , <ShaderCode>, MMORPG-WindowsClient, 86638592, 61227008, 4216, 4216, 0x6a9871bd6fb2d4a1df8ce08d832fe5a5187bdbe8, ShaderCode, , MMORPG, WindowsClient, Base, Installed, 0, 61227008
552, 673d91c179c30d7600000009, 0x760DC379C1913D67, , <ShaderCode>, MMORPG-WindowsClient, 86704128, 61233152, 2081, 2081, 0x71470bd54ec9d1f4709cced904102e0f15961b15, ShaderCode, , MMORPG, WindowsClient, Base, Installed, 0, 61233152
553, f931456b0414f33b00000009, 0x3BF314046B4531F9, , <ShaderCode>, MMORPG-WindowsClient, 86769664, 61235248, 1869, 1869, 0x4a1cce547abe39950becc37c980172723a8a9933, ShaderCode, , MMORPG, WindowsClient, Base, Installed, 0, 61235248
554, 6e2079e8d422700100000009, 0x17022D4E879206E, , <ShaderCode>, MMORPG-WindowsClient, 86835200, 61237248, 2718, 2718, 0x972d3dbe82d26ec247cbc5fc073cd93da44f1a67, ShaderCode, , MMORPG, WindowsClient, Base, Installed, 0, 61237248
555, 5779561a1c584d1600000009, 0x164D581C1A567957, , <ShaderCode>, MMORPG-WindowsClient, 86900736, 61241344, 31633, 31633, 0x8a9166bf7704b23e02015a26b4f2d0dcfc9425bb, ShaderCode, , MMORPG, WindowsClient, Base, Installed, 0, 61241344
556, 5c41f5f1a810a06d00000009, 0x6DA010A8F1F5415C, , <ShaderCode>, MMORPG-WindowsClient, 86966272, 61274112, 2007, 2007, 0xd511364ed1d09c04da54d92f42c90b0b5a5894e1, ShaderCode, , MMORPG, WindowsClient, Base, Installed, 0, 61274112
557, bc3d2649f0c5487d00000009, 0x7D48C5F049263DBC, , <ShaderCode>, MMORPG-WindowsClient, 87031808, 61276160, 197930, 197930, 0x70ebc681c129c0812dfd000f5c430804a371ce69, ShaderCode, , MMORPG, WindowsClient, Base, Installed, 0, 61276160
558, 47ee29dc3a5661e200000009, 0xE261563ADC29EE47, , <ShaderCode>, MMORPG-WindowsClient, 87293952, 61474816, 39416, 39416, 0x393fd206afaa39b3a278feea14d1ef95f4a124e2, ShaderCode, , MMORPG, WindowsClient, Base, Installed, 0, 61474816
559, cd19ae81cf6ff07d00000009, 0x7DF06FCF81AE19CD, , <ShaderCode>, MMORPG-WindowsClient, 87359488, 61515776, 7977, 7977, 0x95928cbac785b7663e7c8eabb2a3759a16a85846, ShaderCode, , MMORPG, WindowsClient, Base, Installed, 0, 61515776
560, 7e212592be63c01700000009, 0x17C063BE9225217E, , <ShaderCode>, MMORPG-WindowsClient, 87425024, 61523968, 20077, 20077, 0xad3789b2d519dbfe0c1d8d80ae3114bda2f4982d, ShaderCode, , MMORPG, WindowsClient, Base, Installed, 0, 61523968
561, c5032e77d5ea530b00000009, 0xB53EAD5772E03C5, , <ShaderCode>, MMORPG-WindowsClient, 87490560, 61544448, 19619, 19619, 0xf07f869391f1b4ca6bf05a344f4b61781a3a4ce2, ShaderCode, , MMORPG, WindowsClient, Base, Installed, 0, 61544448
562, 9cbd0700ecb1ef7300000009, 0x73EFB1EC0007BD9C, , <ShaderCode>, MMORPG-WindowsClient, 87556096, 61564928, 21563, 21563, 0xd2e06c4449696f726d04ab7aaad4d2c7047d7f4a, ShaderCode, , MMORPG, WindowsClient, Base, Installed, 0, 61564928
563, 74f28ceb57377a6700000009, 0x677A3757EB8CF274, , <ShaderCode>, MMORPG-WindowsClient, 87621632, 61587456, 61250, 61250, 0xfbf569320d220a521af641ab5336882edf3c36e7, ShaderCode, , MMORPG, WindowsClient, Base, Installed, 0, 61587456
564, 74339b6262a5d82500000009, 0x25D8A562629B3374, , <ShaderCode>, MMORPG-WindowsClient, 87687168, 61648896, 27061, 27061, 0xe73507926e278f84283096b29150e321bb453675, ShaderCode, , MMORPG, WindowsClient, Base, Installed, 0, 61648896
565, c151e5de0644bf8000000009, 0x80BF4406DEE551C1, , <ShaderCode>, MMORPG-WindowsClient, 87752704, 61677568, 6487, 6487, 0x9893ba15d284b10cab0198a7d01b8e2140e7f0e0, ShaderCode, , MMORPG, WindowsClient, Base, Installed, 0, 61677568
566, dedb36f3bfc9b3d800000009, 0xD8B3C9BFF336DBDE, , <ShaderCode>, MMORPG-WindowsClient, 87818240, 61685760, 37512, 37512, 0xb6f0ab0ef33c63e6992b608aff088c012278108c, ShaderCode, , MMORPG, WindowsClient, Base, Installed, 0, 61685760
567, 8870cbf89acf884600000009, 0x4688CF9AF8CB7088, , <ShaderCode>, MMORPG-WindowsClient, 87883776, 61724672, 3158, 3158, 0x080e4b5c56f17e27dc1b7df2e96d8ca965b148df, ShaderCode, , MMORPG, WindowsClient, Base, Installed, 0, 61724672
568, 6bff81204065e5dc00000009, 0xDCE565402081FF6B, , <ShaderCode>, MMORPG-WindowsClient, 87949312, 61728768, 56073, 56073, 0x0427b518017df8e8e75dfe7a3fbb743a53391e31, ShaderCode, , MMORPG, WindowsClient, Base, Installed, 0, 61728768
569, 1c2ccb7ce66bec1000000009, 0x10EC6BE67CCB2C1C, , <ShaderCode>, MMORPG-WindowsClient, 88014848, 61786112, 113411, 113411, 0xe2c8a49325ea0fb3e6c2430eb3e2f2780af2ea64, ShaderCode, , MMORPG, WindowsClient, Base, Installed, 0, 61786112
570, ef6cb1d26cc127e500000009, 0xE527C16CD2B16CEF, , <ShaderCode>, MMORPG-WindowsClient, 88145920, 61900800, 10756, 10756, 0x3efc1eb99ac6896c957858c503b9e71ced1448b9, ShaderCode, , MMORPG, WindowsClient, Base, Installed, 0, 61900800
571, abb6c91f36cc6ecc00000009, 0xCC6ECC361FC9B6AB, , <ShaderCode>, MMORPG-WindowsClient, 88211456, 61913088, 2482, 2482, 0x61aa15af429e569b18ffa828f98393cf94be74f1, ShaderCode, , MMORPG, WindowsClient, Base, Installed, 0, 61913088
572, 1fc3447ccdc9c3ce00000009, 0xCEC3C9CD7C44C31F, , <ShaderCode>, MMORPG-WindowsClient, 88276992, 61917184, 11958, 11958, 0xbbed6cbec7ba7cc5581ad022d3f19320326ccd09, ShaderCode, , MMORPG, WindowsClient, Base, Installed, 0, 61917184
573, 45a998bea91885f200000009, 0xF28518A9BE98A945, , <ShaderCode>, MMORPG-WindowsClient, 88342528, 61929472, 80340, 80340, 0xbbf723426ce7b860f68bb979317d7c43e124207e, ShaderCode, , MMORPG, WindowsClient, Base, Installed, 0, 61929472
574, 41ed53def74ff33a00000009, 0x3AF34FF7DE53ED41, , <ShaderCode>, MMORPG-WindowsClient, 88473600, 62011392, 2415, 2415, 0xfda799655f8cec0601534d3caad8582fd5f5287d, ShaderCode, , MMORPG, WindowsClient, Base, Installed, 0, 62011392
575, 81a994c8a2223ee100000009, 0xE13E22A2C894A981, , <ShaderCode>, MMORPG-WindowsClient, 88539136, 62015488, 6495, 6495, 0x60a824f713492ac2ccee7fd22b99b588da658b92, ShaderCode, , MMORPG, WindowsClient, Base, Installed, 0, 62015488
576, 70e4f23c3f592dbe00000009, 0xBE2D593F3CF2E470, , <ShaderCode>, MMORPG-WindowsClient, 88604672, 62023680, 18505, 18505, 0x28b5a3827018926fbf7696d9796fc3cd6c254017, ShaderCode, , MMORPG, WindowsClient, Base, Installed, 0, 62023680
577, 19068e40026d883f00000009, 0x3F886D02408E0619, , <ShaderCode>, MMORPG-WindowsClient, 88670208, 62044160, 11725, 11725, 0x02520c3664d26597e33b1afe7f169bc962b20020, ShaderCode, , MMORPG, WindowsClient, Base, Installed, 0, 62044160
578, 164a9e9701be9b4400000009, 0x449BBE01979E4A16, , <ShaderCode>, MMORPG-WindowsClient, 88735744, 62056448, 5614, 5614, 0x94d2f5707d11000060520f1f5652f83029494c36, ShaderCode, , MMORPG, WindowsClient, Base, Installed, 0, 62056448
579, 49af0962a28bbd1300000009, 0x13BD8BA26209AF49, , <ShaderCode>, MMORPG-WindowsClient, 88801280, 62062592, 11851, 11851, 0xe7f04810121b654382bed8c7cc54e4d9146af4d7, ShaderCode, , MMORPG, WindowsClient, Base, Installed, 0, 62062592
580, 8f5e86dc92aad96200000009, 0x62D9AA92DC865E8F, , <ShaderCode>, MMORPG-WindowsClient, 88866816, 62074880, 10682, 10682, 0x66de8b296857b7e346dc01ca1b8b8e793cd064ea, ShaderCode, , MMORPG, WindowsClient, Base, Installed, 0, 62074880
581, dc15e22b1957305c00000009, 0x5C3057192BE215DC, , <ShaderCode>, MMORPG-WindowsClient, 88932352, 62087168, 49814, 49814, 0xc9aed9bca09f740c178705b3622f14dbd96afc5f, ShaderCode, , MMORPG, WindowsClient, Base, Installed, 0, 62087168
582, a46cafe7d7963ff800000009, 0xF83F96D7E7AF6CA4, , <ShaderCode>, MMORPG-WindowsClient, 88997888, 62138368, 6507, 6507, 0x95b00ea9df3724145fdc48dae676bd998e836963, ShaderCode, , MMORPG, WindowsClient, Base, Installed, 0, 62138368
583, 3296c2c160caebc800000009, 0xC8EBCA60C1C29632, , <ShaderCode>, MMORPG-WindowsClient, 89063424, 62146560, 15233, 15233, 0x1b6bb8ba43874a4891fd3343d59413437353ef79, ShaderCode, , MMORPG, WindowsClient, Base, Installed, 0, 62146560
584, 5cf647b823b2ba8300000009, 0x83BAB223B847F65C, , <ShaderCode>, MMORPG-WindowsClient, 89128960, 62162944, 5780, 5780, 0xdc617718c5e188c3f93571ca66a0e2fb0abb56b2, ShaderCode, , MMORPG, WindowsClient, Base, Installed, 0, 62162944
585, 4f53e5df1b7671d500000009, 0xD571761BDFE5534F, , <ShaderCode>, MMORPG-WindowsClient, 89194496, 62169088, 6136, 6136, 0x08a6fad45cc7282f23560b5b020eed942bde3e9b, ShaderCode, , MMORPG, WindowsClient, Base, Installed, 0, 62169088
586, 55ffe780e77d744800000009, 0x48747DE780E7FF55, , <ShaderCode>, MMORPG-WindowsClient, 89260032, 62175232, 3546, 3546, 0xdf26fcb3c59453bc3b629c88dd310b598f5ca22a, ShaderCode, , MMORPG, WindowsClient, Base, Installed, 0, 62175232
587, a93e5ff1e4e0a33600000009, 0x36A3E0E4F15F3EA9, , <ShaderCode>, MMORPG-WindowsClient, 89325568, 62179328, 4090, 4090, 0x54e372beba6afb68ec5be056c13bd544cbe2ace2, ShaderCode, , MMORPG, WindowsClient, Base, Installed, 0, 62179328
588, 2f32a48d5750b76700000009, 0x67B750578DA4322F, , <ShaderCode>, MMORPG-WindowsClient, 89391104, 62183424, 72471, 72471, 0x050b82ef172da49e1a9f9c682211984e02524705, ShaderCode, , MMORPG, WindowsClient, Base, Installed, 0, 62183424
589, 2b5f75bd7cd5fe4400000009, 0x44FED57CBD755F2B, , <ShaderCode>, MMORPG-WindowsClient, 89522176, 62257152, 17143, 17143, 0xca59c4c62fba57932a3e7d3a08f3e7c5f4ecf346, ShaderCode, , MMORPG, WindowsClient, Base, Installed, 0, 62257152
590, 59b02f7ed4fccb3700000009, 0x37CBFCD47E2FB059, , <ShaderCode>, MMORPG-WindowsClient, 89587712, 62275584, 13040, 13040, 0x284762e8d2b9a3d3eaaa0898afc285dd90143128, ShaderCode, , MMORPG, WindowsClient, Base, Installed, 0, 62275584
591, 96b69dd3c60cc81f00000009, 0x1FC80CC6D39DB696, , <ShaderCode>, MMORPG-WindowsClient, 89653248, 62289920, 6289, 6289, 0x3460059ec72e32f9fc104d6a5acdb5b5d57ac1fd, ShaderCode, , MMORPG, WindowsClient, Base, Installed, 0, 62289920
592, 513547c1ac6e08da00000009, 0xDA086EACC1473551, , <ShaderCode>, MMORPG-WindowsClient, 89718784, 62298112, 5646, 5646, 0x62bb36e7f802b00da76d243b4787f1802fb9f908, ShaderCode, , MMORPG, WindowsClient, Base, Installed, 0, 62298112
593, 3a38aa10392ab35d00000009, 0x5DB32A3910AA383A, , <ShaderCode>, MMORPG-WindowsClient, 89784320, 62304256, 3476, 3476, 0x11f7c6df9b00367031a49cdaa91c879da0f950ca, ShaderCode, , MMORPG, WindowsClient, Base, Installed, 0, 62304256
594, c7d4e11b0b84513e00000009, 0x3E51840B1BE1D4C7, , <ShaderCode>, MMORPG-WindowsClient, 89849856, 62308352, 17623, 17623, 0x68fecc0a4bd60936bfb66eb0a4b2ff98f936721a, ShaderCode, , MMORPG, WindowsClient, Base, Installed, 0, 62308352
595, 78650bc738f86b4300000009, 0x436BF838C70B6578, , <ShaderCode>, MMORPG-WindowsClient, 89915392, 62326784, 12408, 12408, 0x14d853d173076122970e1f06dffba01758cc0000, ShaderCode, , MMORPG, WindowsClient, Base, Installed, 0, 62326784
596, 41ec853f5009d3e900000009, 0xE9D309503F85EC41, , <ShaderCode>, MMORPG-WindowsClient, 89980928, 62341120, 15610, 15610, 0x0a52dd362a47cf62624a8cefe238df9c3b0f4449, ShaderCode, , MMORPG, WindowsClient, Base, Installed, 0, 62341120
597, b01c8cf1fe06924c00000009, 0x4C9206FEF18C1CB0, , <ShaderCode>, MMORPG-WindowsClient, 90046464, 62357504, 13019, 13019, 0xdf39a9b85234544214cf556c9f832a642e193dfd, ShaderCode, , MMORPG, WindowsClient, Base, Installed, 0, 62357504
598, e46acd6310eb5df700000009, 0xF75DEB1063CD6AE4, , <ShaderCode>, MMORPG-WindowsClient, 90112000, 62371840, 9636, 9636, 0x82e14c7635428e27966d3059af2a3996decf9f67, ShaderCode, , MMORPG, WindowsClient, Base, Installed, 0, 62371840
599, 622b9d00d46fee6300000009, 0x63EE6FD4009D2B62, , <ShaderCode>, MMORPG-WindowsClient, 90177536, 62382080, 7108, 7108, 0x4c2f7386b830523eb95b132874a86ed0c021e425, ShaderCode, , MMORPG, WindowsClient, Base, Installed, 0, 62382080
600, ec9e13327de5dcd000000009, 0xD0DCE57D32139EEC, , <ShaderCode>, MMORPG-WindowsClient, 90243072, 62390272, 3637, 3637, 0xa08c3531b953cd93694645e06c293c5cc4f7c4cb, ShaderCode, , MMORPG, WindowsClient, Base, Installed, 0, 62390272
601, 28caf1b7cad1363200000009, 0x3236D1CAB7F1CA28, , <ShaderCode>, MMORPG-WindowsClient, 90308608, 62394368, 18821, 18821, 0x252a2efb22642f99ef2ae142e51c3f475f92a10e, ShaderCode, , MMORPG, WindowsClient, Base, Installed, 0, 62394368
602, ae9070738138868d00000009, 0x8D863881737090AE, , <ShaderCode>, MMORPG-WindowsClient, 90374144, 62414848, 7421, 7421, 0x906e10522c6ce45fac059ab023be21a170b74e7f, ShaderCode, , MMORPG, WindowsClient, Base, Installed, 0, 62414848
603, 230123f62f75da7400000009, 0x74DA752FF6230123, , <ShaderCode>, MMORPG-WindowsClient, 90439680, 62423040, 19607, 19607, 0x257f060a78ce35103bebf8610c53e30b9ed710c2, ShaderCode, , MMORPG, WindowsClient, Base, Installed, 0, 62423040
604, ae681885c113905b00000009, 0x5B9013C1851868AE, , <ShaderCode>, MMORPG-WindowsClient, 90505216, 62443520, 49874, 49874, 0x0d9b9c33be823f6cbe2c919bf017133ae8874b99, ShaderCode, , MMORPG, WindowsClient, Base, Installed, 0, 62443520
605, 4e49257b8fa8028600000009, 0x8602A88F7B25494E, , <ShaderCode>, MMORPG-WindowsClient, 90570752, 62494720, 22996, 22996, 0x710353988d3607904ee14a21d32c2f16b0b8af70, ShaderCode, , MMORPG, WindowsClient, Base, Installed, 0, 62494720
606, 8c41a5a2ddca8ec500000009, 0xC58ECADDA2A5418C, , <ShaderCode>, MMORPG-WindowsClient, 90636288, 62519296, 2419, 2419, 0xb6179fdccbfe16fa17e9f1074f39cd8e976ae516, ShaderCode, , MMORPG, WindowsClient, Base, Installed, 0, 62519296
607, dbdb0a26d84e0a8b00000009, 0x8B0A4ED8260ADBDB, , <ShaderCode>, MMORPG-WindowsClient, 90701824, 62523392, 6241, 6241, 0x09e93c27c0539f479472395c4dcca63f0ce1503b, ShaderCode, , MMORPG, WindowsClient, Base, Installed, 0, 62523392
608, 49f04ff1c64a2c9800000009, 0x982C4AC6F14FF049, , <ShaderCode>, MMORPG-WindowsClient, 90767360, 62531584, 2466, 2466, 0xc568aa03c6ef01a959c21693d7759175b26fe14b, ShaderCode, , MMORPG, WindowsClient, Base, Installed, 0, 62531584
609, a5ea4a8f5746c90e00000009, 0xEC946578F4AEAA5, , <ShaderCode>, MMORPG-WindowsClient, 90832896, 62535680, 8391, 8391, 0xc91e615709d46f78f018b6d36d29e84d347c82f4, ShaderCode, , MMORPG, WindowsClient, Base, Installed, 0, 62535680
610, 04b149d8e503312200000009, 0x223103E5D849B104, , <ShaderCode>, MMORPG-WindowsClient, 90898432, 62545920, 5884, 5884, 0x7f886796a258ffe8f9da9596982391ad18d45039, ShaderCode, , MMORPG, WindowsClient, Base, Installed, 0, 62545920
611, 3e31fc8da3d4b71b00000009, 0x1BB7D4A38DFC313E, , <ShaderCode>, MMORPG-WindowsClient, 90963968, 62552064, 14118, 14118, 0x207168b4e8f6ce02cf97821a7ee2af4d5fa5fdc4, ShaderCode, , MMORPG, WindowsClient, Base, Installed, 0, 62552064
612, 00604e0ce733623600000009, 0x366233E70C4E6000, , <ShaderCode>, MMORPG-WindowsClient, 91029504, 62566400, 4330, 4330, 0xbe6c6ef32221444a1ee72557a6e2edd4218f6694, ShaderCode, , MMORPG, WindowsClient, Base, Installed, 0, 62566400
613, d8e0c620ec8f12c200000009, 0xC2128FEC20C6E0D8, , <ShaderCode>, MMORPG-WindowsClient, 91095040, 62572544, 2516, 2516, 0xdc781f383506c0f59b91322577ca59685df5946d, ShaderCode, , MMORPG, WindowsClient, Base, Installed, 0, 62572544
614, abacca2594732b6e00000009, 0x6E2B739425CAACAB, , <ShaderCode>, MMORPG-WindowsClient, 91160576, 62576640, 17424, 17424, 0x4b0ffb56175b971144af7ae520a7481c4f49764b, ShaderCode, , MMORPG, WindowsClient, Base, Installed, 0, 62576640
615, 0d127c0e26ebc44900000009, 0x49C4EB260E7C120D, , <ShaderCode>, MMORPG-WindowsClient, 91226112, 62595072, 25264, 25264, 0x3ccdb6ac8c0b72a1044ea4ad946226ac7d0c33f0, ShaderCode, , MMORPG, WindowsClient, Base, Installed, 0, 62595072
616, 85bdfa85e9f0dced00000009, 0xEDDCF0E985FABD85, , <ShaderCode>, MMORPG-WindowsClient, 91291648, 62621696, 12975, 12975, 0xf10fdd99a66638e8b68c79e5649afd268ea729c9, ShaderCode, , MMORPG, WindowsClient, Base, Installed, 0, 62621696
617, 09bfe450198273cb00000009, 0xCB73821950E4BF09, , <ShaderCode>, MMORPG-WindowsClient, 91357184, 62636032, 6620, 6620, 0x7cd166ee163d1a756d7a041fda2d067c7c02bb13, ShaderCode, , MMORPG, WindowsClient, Base, Installed, 0, 62636032
618, be14649f478ce7a000000009, 0xA0E78C479F6414BE, , <ShaderCode>, MMORPG-WindowsClient, 91422720, 62644224, 8042, 8042, 0x2c800ca7fab312644dc7065e5fa93d471dd6e8e7, ShaderCode, , MMORPG, WindowsClient, Base, Installed, 0, 62644224
619, 784113670771602400000009, 0x2460710767134178, , <ShaderCode>, MMORPG-WindowsClient, 91488256, 62652416, 7283, 7283, 0xef90763e373256415cbee1895df88482c1719479, ShaderCode, , MMORPG, WindowsClient, Base, Installed, 0, 62652416
620, 95b22ac691bb770d00000009, 0xD77BB91C62AB295, , <ShaderCode>, MMORPG-WindowsClient, 91553792, 62660608, 6162, 6162, 0x042c5c3ba419b2e22f897c2814329a9afe8cf3fd, ShaderCode, , MMORPG, WindowsClient, Base, Installed, 0, 62660608
621, 078c5ecf696e246b00000009, 0x6B246E69CF5E8C07, , <ShaderCode>, MMORPG-WindowsClient, 91619328, 62668800, 2198, 2198, 0x1e6580a1b3c0bfe416eb10697126992966d7feda, ShaderCode, , MMORPG, WindowsClient, Base, Installed, 0, 62668800
622, 7709b187aebf0c6e00000009, 0x6E0CBFAE87B10977, , <ShaderCode>, MMORPG-WindowsClient, 91684864, 62672896, 5410, 5410, 0x2898e0748091dbf72c3137d4407cbd3df6017f82, ShaderCode, , MMORPG, WindowsClient, Base, Installed, 0, 62672896
623, 4a3ba8d175bf5f3600000009, 0x365FBF75D1A83B4A, , <ShaderCode>, MMORPG-WindowsClient, 91750400, 62679040, 8594, 8594, 0x64b892861ad10adbc7279bab18fb54c022856c57, ShaderCode, , MMORPG, WindowsClient, Base, Installed, 0, 62679040
624, b9552f26b18e376100000009, 0x61378EB1262F55B9, , <ShaderCode>, MMORPG-WindowsClient, 91815936, 62689280, 12854, 12854, 0xff7ced2495f3252fa4b42a988445e12851363bc7, ShaderCode, , MMORPG, WindowsClient, Base, Installed, 0, 62689280
625, 347c44dd55d7be4600000009, 0x46BED755DD447C34, , <ShaderCode>, MMORPG-WindowsClient, 91881472, 62703616, 6456, 6456, 0x8a3348e4d403d4ea34403be821fcd305ca94c6cd, ShaderCode, , MMORPG, WindowsClient, Base, Installed, 0, 62703616
626, ad28ce1d6ebdc54e00000009, 0x4EC5BD6E1DCE28AD, , <ShaderCode>, MMORPG-WindowsClient, 91947008, 62711808, 3482, 3482, 0x64afea785826b307a27a658d6ba254488e5700d8, ShaderCode, , MMORPG, WindowsClient, Base, Installed, 0, 62711808
627, 3b958c2bd6846c4d00000009, 0x4D6C84D62B8C953B, , <ShaderCode>, MMORPG-WindowsClient, 92012544, 62715904, 8268, 8268, 0x31aa64ae503a9995f69b88d77d9b2b3c2c55b414, ShaderCode, , MMORPG, WindowsClient, Base, Installed, 0, 62715904
628, 96fe5fd5676fbf8400000009, 0x84BF6F67D55FFE96, , <ShaderCode>, MMORPG-WindowsClient, 92078080, 62726144, 9408, 9408, 0x0d2916f8972e45939d1925a2fa5532b930371f3f, ShaderCode, , MMORPG, WindowsClient, Base, Installed, 0, 62726144
629, 381409520c355a8d00000009, 0x8D5A350C52091438, , <ShaderCode>, MMORPG-WindowsClient, 92143616, 62736384, 5967, 5967, 0x044e3bbab32c3e749d37ef340c96be288f3859f9, ShaderCode, , MMORPG, WindowsClient, Base, Installed, 0, 62736384
630, fd83c568fa6e325b00000009, 0x5B326EFA68C583FD, , <ShaderCode>, MMORPG-WindowsClient, 92209152, 62742528, 15685, 15685, 0xff87d4fecd3baf50cd09a41a337c1be61e4e7e85, ShaderCode, , MMORPG, WindowsClient, Base, Installed, 0, 62742528
631, e39ceaec50ddb02500000009, 0x25B0DD50ECEA9CE3, , <ShaderCode>, MMORPG-WindowsClient, 92274688, 62758912, 5828, 5828, 0x30db464e99d9253b8564639e3496c77e172b777d, ShaderCode, , MMORPG, WindowsClient, Base, Installed, 0, 62758912
632, aac45f3ea356071300000009, 0x130756A33E5FC4AA, , <ShaderCode>, MMORPG-WindowsClient, 92340224, 62765056, 7788, 7788, 0xd6cced47fa68d5d824c42f5063e6f62933b1b37b, ShaderCode, , MMORPG, WindowsClient, Base, Installed, 0, 62765056
633, 48df6ea8f0dde6b400000009, 0xB4E6DDF0A86EDF48, , <ShaderCode>, MMORPG-WindowsClient, 92405760, 62773248, 6545, 6545, 0x0ada01f8cac82640bfc7d3dc87c6208d69fab1af, ShaderCode, , MMORPG, WindowsClient, Base, Installed, 0, 62773248
634, 4a8742d3a4f2b0f600000009, 0xF6B0F2A4D342874A, , <ShaderCode>, MMORPG-WindowsClient, 92471296, 62781440, 5337, 5337, 0xe56419f9211397f707286f5bf37da6e435527304, ShaderCode, , MMORPG, WindowsClient, Base, Installed, 0, 62781440
635, cf76b191dfb70bdc00000009, 0xDC0BB7DF91B176CF, , <ShaderCode>, MMORPG-WindowsClient, 92536832, 62787584, 8360, 8360, 0xbac15bb85b5ea9ac7700049f6802bc9eb2542d4f, ShaderCode, , MMORPG, WindowsClient, Base, Installed, 0, 62787584
636, f3d156446b1c503b00000009, 0x3B501C6B4456D1F3, , <ShaderCode>, MMORPG-WindowsClient, 92602368, 62797824, 5904, 5904, 0xe746e19e9115eba2448c24a4097b23e8939d3070, ShaderCode, , MMORPG, WindowsClient, Base, Installed, 0, 62797824
637, 8b1a480fab7c30c800000009, 0xC8307CAB0F481A8B, , <ShaderCode>, MMORPG-WindowsClient, 92667904, 62803968, 9503, 9503, 0x1fe81ac403d1e30f5e743ec8b1976a50189b2030, ShaderCode, , MMORPG, WindowsClient, Base, Installed, 0, 62803968
638, 58f876aa5a6b160300000009, 0x3166B5AAA76F858, , <ShaderCode>, MMORPG-WindowsClient, 92733440, 62814208, 6561, 6561, 0x5b2fed34285c8486a89c9d1e8bc6fa99d6710d7d, ShaderCode, , MMORPG, WindowsClient, Base, Installed, 0, 62814208
639, fa2bd30e8db7c7a100000009, 0xA1C7B78D0ED32BFA, , <ShaderCode>, MMORPG-WindowsClient, 92798976, 62822400, 6702, 6702, 0x05fa1ece880ffd97a14fed29195c82d7b228971d, ShaderCode, , MMORPG, WindowsClient, Base, Installed, 0, 62822400
640, 6a47444d21f16aa000000009, 0xA06AF1214D44476A, , <ShaderCode>, MMORPG-WindowsClient, 92864512, 62830592, 6163, 6163, 0x5ae072f1d8034dcd0f20c82dc6ece473a1b26ae9, ShaderCode, , MMORPG, WindowsClient, Base, Installed, 0, 62830592
641, 35c9aba0522ce26800000009, 0x68E22C52A0ABC935, , <ShaderCode>, MMORPG-WindowsClient, 92930048, 62838784, 6522, 6522, 0xbfcd7a8858e63415b42473f03c3428d06fd63750, ShaderCode, , MMORPG, WindowsClient, Base, Installed, 0, 62838784
642, 134dfa1c72996dc100000009, 0xC16D99721CFA4D13, , <ShaderCode>, MMORPG-WindowsClient, 92995584, 62846976, 4820, 4820, 0xec03805feb1d29bfa100b44c5c29d1b1a24e5667, ShaderCode, , MMORPG, WindowsClient, Base, Installed, 0, 62846976
643, 3ae997359b3aba4a00000009, 0x4ABA3A9B3597E93A, , <ShaderCode>, MMORPG-WindowsClient, 93061120, 62853120, 5303, 5303, 0xb944f24bb3b8b86da3b62ca61fb38cc71e88a7cf, ShaderCode, , MMORPG, WindowsClient, Base, Installed, 0, 62853120
644, 579d6c288736322200000009, 0x22323687286C9D57, , <ShaderCode>, MMORPG-WindowsClient, 93126656, 62859264, 3583, 3583, 0x7b295304f7e9135793e2729186e1b32950942803, ShaderCode, , MMORPG, WindowsClient, Base, Installed, 0, 62859264
645, 9b90b90cd4c6ad6800000009, 0x68ADC6D40CB9909B, , <ShaderCode>, MMORPG-WindowsClient, 93192192, 62863360, 7253, 7253, 0x8689264c9748e921718a52e36994be6313ba3c9c, ShaderCode, , MMORPG, WindowsClient, Base, Installed, 0, 62863360
646, 3bf7f6e4b118a54c00000009, 0x4CA518B1E4F6F73B, , <ShaderCode>, MMORPG-WindowsClient, 93257728, 62871552, 6082, 6082, 0xde51aea0cc710cfa7039ba9941dd12dde9f814c9, ShaderCode, , MMORPG, WindowsClient, Base, Installed, 0, 62871552
647, d238c9065e4de9a200000009, 0xA2E94D5E06C938D2, , <ShaderCode>, MMORPG-WindowsClient, 93323264, 62877696, 2418, 2418, 0xd2b76d14b62e303320edb6968f167983e20d34c9, ShaderCode, , MMORPG, WindowsClient, Base, Installed, 0, 62877696
648, 1b7fe9c0d2a681de00000001, 0xDE81A6D2C0E97F1B, , ../../../Engine/Plugins/Experimental/Landmass/Content/Landscape/BlueprintBrushes/Materials/BrushMaterials/BasicFunctions/LandmassBrush_ShapeMask.uasset, MMORPG-WindowsClient, 93388800, 62880128, 398, 398, 0x530f776b17ced957bd101b334b1db932b5c4bff6, ExportBundleData, , MMORPG, WindowsClient, Base, Installed, 0, 62880128
649, 205bacd3dde945dc00000001, 0xDC45E9DDD3AC5B20, , ../../../Engine/Plugins/Experimental/Landmass/Content/Landscape/BlueprintBrushes/MPC/MPC_Landscape.uasset, MMORPG-WindowsClient, 93454336, 62880528, 1056, 802, 0x22c3720718861c6c36c9cc75544535f316e576c1, ExportBundleData, , MMORPG, WindowsClient, Base, Installed, 0, 62880528
650, ba7e3056552583db00000001, 0xDB83255556307EBA, , ../../../Engine/Plugins/Experimental/Landmass/Content/Landscape/BlueprintBrushes/MF/LandmassBrush_Noise.uasset, MMORPG-WindowsClient, 93519872, 62881792, 509, 509, 0x2163cee3e9627f404cca7934ae44f6d9ee007bc8, ExportBundleData, , MMORPG, WindowsClient, Base, Installed, 0, 62881792
651, 7d917017341b4fd900000001, 0xD94F1B341770917D, /Engine/EditorMaterials/TilingAALineIntegral, ../../../Engine/Content/EditorMaterials/TilingAALineIntegral.uasset, MMORPG-WindowsClient, 93585408, 62882304, 334, 334, 0x49ddb20e09525af6a18e79636b12a6cfc1f093a4, ExportBundleData, , MMORPG, WindowsClient, Base, Installed, 0, 62882304
652, 3a34691b686967c800000001, 0xC86769681B69343A, /Engine/EditorMaterials/TilingAALineBoxFiltered, ../../../Engine/Content/EditorMaterials/TilingAALineBoxFiltered.uasset, MMORPG-WindowsClient, 93650944, 62882640, 342, 342, 0xfa8e367d19e0b65e5352d2971a492909e96f569b, ExportBundleData, , MMORPG, WindowsClient, Base, Installed, 0, 62882640
653, 729d854038cf00c300000001, 0xC300CF3840859D72, /Engine/EditorMaterials/TilingAAGrid, ../../../Engine/Content/EditorMaterials/TilingAAGrid.uasset, MMORPG-WindowsClient, 93716480, 62882992, 318, 318, 0xd687bf09f4001b01d015389eadbbe6c3afbf36a1, ExportBundleData, , MMORPG, WindowsClient, Base, Installed, 0, 62882992
654, 960861c4668616b700000001, 0xB7168666C4610896, /Engine/Functions/Engine_MaterialFunctions03/Blends/Blend_Screen, ../../../Engine/Content/Functions/Engine_MaterialFunctions03/Blends/Blend_Screen.uasset, MMORPG-WindowsClient, 93782016, 62883312, 436, 436, 0x8c5d93615fe8c243791d84204592ee5bc649b3d0, ExportBundleData, , MMORPG, WindowsClient, Base, Installed, 0, 62883312
655, 86d4a29dd1d7e3b600000001, 0xB6E3D7D19DA2D486, /Engine/Functions/Engine_MaterialFunctions02/WorldPositionOffset/V2/ObjectScale, ../../../Engine/Content/Functions/Engine_MaterialFunctions02/WorldPositionOffset/V2/ObjectScale.uasset, MMORPG-WindowsClient, 93847552, 62883840, 477, 477, 0xe909152e8866b2cf8edded34911dcb6e6ddd221b, ExportBundleData, , MMORPG, WindowsClient, Base, Installed, 0, 62883840
656, 3a3d58899a001db000000001, 0xB01D009A89583D3A, , ../../../Engine/Plugins/Experimental/Landmass/Content/Landscape/BlueprintBrushes/MF/PointSampleLandscapeUVs.uasset, MMORPG-WindowsClient, 93913088, 62884320, 358, 358, 0x3589fc3b6cf5f83d6570696e3bf3e38861303489, ExportBundleData, , MMORPG, WindowsClient, Base, Installed, 0, 62884320
657, 86bb9e26db3da1a600000001, 0xA6A13DDB269EBB86, /Engine/Functions/Engine_MaterialFunctions03/Procedurals/ComputeFilterWidth, ../../../Engine/Content/Functions/Engine_MaterialFunctions03/Procedurals/ComputeFilterWidth.uasset, MMORPG-WindowsClient, 93978624, 62884688, 369, 369, 0xc90c590a24de8364323e146e4ae6767e8e716259, ExportBundleData, , MMORPG, WindowsClient, Base, Installed, 0, 62884688
658, 091c4aab66ee677700000001, 0x7767EE66AB4A1C09, /Engine/ArtTools/RenderToTexture/Textures/T_EV_BlankWhite_01, ../../../Engine/Content/ArtTools/RenderToTexture/Textures/T_EV_BlankWhite_01.uasset, MMORPG-WindowsClient, 94044160, 62885072, 646, 646, 0x5755064ef1d85180f2a47ac25e2db23d16187b5a, ExportBundleData, , MMORPG, WindowsClient, Base, Installed, 0, 62885072
659, 862025be9422385500000001, 0x55382294BE252086, , ../../../Engine/Plugins/Experimental/Landmass/Content/Landscape/BlueprintBrushes/MF/Landmass_BrushTilt.uasset, MMORPG-WindowsClient, 94109696, 62885888, 350, 350, 0x95697410f610d0fc89ec94c208d308267cf38b20, ExportBundleData, , MMORPG, WindowsClient, Base, Installed, 0, 62885888
660, b433a880ead0ab3200000001, 0x32ABD0EA80A833B4, , ../../../Engine/Plugins/Experimental/Landmass/Content/Landscape/BlueprintBrushes/MF/LandmassBrush_UVs.uasset, MMORPG-WindowsClient, 94175232, 62886240, 350, 350, 0x5c930ec6a994e3617e91ce2fce1d9dd275e617ba, ExportBundleData, , MMORPG, WindowsClient, Base, Installed, 0, 62886240
661, f18c6629d6b2922c00000001, 0x2C92B2D629668CF1, /Engine/Functions/Engine_MaterialFunctions01/ImageAdjustment/SCurve, ../../../Engine/Content/Functions/Engine_MaterialFunctions01/ImageAdjustment/SCurve.uasset, MMORPG-WindowsClient, 94240768, 62886592, 395, 395, 0xed78c89e99923691f6e2ef258130ca3f9f462f79, ExportBundleData, , MMORPG, WindowsClient, Base, Installed, 0, 62886592
662, 3f4f90b51972562400000001, 0x24567219B5904F3F, /Engine/Functions/Engine_MaterialFunctions02/Utility/VectorLength, ../../../Engine/Content/Functions/Engine_MaterialFunctions02/Utility/VectorLength.uasset, MMORPG-WindowsClient, 94306304, 62886992, 385, 385, 0xa995f495b1bcfa3b380ab4f4b0c4493da2b1b2e0, ExportBundleData, , MMORPG, WindowsClient, Base, Installed, 0, 62886992
663, a29fb34f83f7d31a00000001, 0x1AD3F7834FB39FA2, /Engine/Functions/Engine_MaterialFunctions02/Utility/MakeFloat2, ../../../Engine/Content/Functions/Engine_MaterialFunctions02/Utility/MakeFloat2.uasset, MMORPG-WindowsClient, 94371840, 62887392, 413, 413, 0x4530e9aa2c05a4040625b4a42d0ca8c3dc76b3a3, ExportBundleData, , MMORPG, WindowsClient, Base, Installed, 0, 62887392
664, 1c2fdb5ed1644a1500000001, 0x154A64D15EDB2F1C, , ../../../Engine/Plugins/Experimental/Landmass/Content/Landscape/BlueprintBrushes/MF/LandmassBrush_EdgeFalloff.uasset, MMORPG-WindowsClient, 94437376, 62887936, 366, 366, 0xdbe89337db18f9a949787c193fc4a2b8d8126081, ExportBundleData, , MMORPG, WindowsClient, Base, Installed, 0, 62887936
665, 94d5e4cbc0f4380c00000001, 0xC38F4C0CBE4D594, /Engine/Functions/Engine_MaterialFunctions02/Utility/BreakOutFloat2Components, ../../../Engine/Content/Functions/Engine_MaterialFunctions02/Utility/BreakOutFloat2Components.uasset, MMORPG-WindowsClient, 94502912, 62888304, 487, 487, 0xaf114250c96733008483ab102a2c9e68f811e393, ExportBundleData, , MMORPG, WindowsClient, Base, Installed, 0, 62888304
666, db2e171c6bb1610000000001, 0x61B16B1C172EDB, , ../../../Engine/Plugins/Experimental/Landmass/Content/Landscape/OldPrototype_BP/Mats/MF/UnpackRG8Height.uasset, MMORPG-WindowsClient, 94568448, 62888800, 350, 350, 0xfba741747feba4e4a49f297a5cd60b832cebf4a1, ExportBundleData, , MMORPG, WindowsClient, Base, Installed, 0, 62888800
667, 74244cbe80370c6400000001, 0x640C3780BE4C2474, , ../../../Engine/Plugins/Experimental/Landmass/Content/Landscape/BlueprintBrushes/Materials/Internal/BrushBounds.uasset, MMORPG-WindowsClient, 94633984, 62889984, 12132, 4752, 0x1173823f3629494d6b4a8b6b6b5569966255b452, ExportBundleData, , MMORPG, WindowsClient, Base, Installed, 0, 62889984
668, f14a076e8b5c2fda00000009, 0xDA2F5C8B6E074AF1, , <ShaderCode>, MMORPG-WindowsClient, 94699520, 62896128, 15694, 15694, 0x6ee53c73c1373d324501a602a07e82079577b2b3, ShaderCode, , MMORPG, WindowsClient, Base, Installed, 0, 62896128
669, 862e4eada564b40000000001, 0xB464A5AD4E2E86, , ../../../Engine/Plugins/Interchange/Assets/Content/Functions/MX_OpenPBR_Opaque.uasset, MMORPG-WindowsClient, 94765056, 62911824, 461, 461, 0xab4dcd3065905b6e96f18d5da4fd87fa2ffcde46, ExportBundleData, , MMORPG, WindowsClient, Base, Installed, 0, 62911824
670, c40cd6b8325bee0000000001, 0xEE5B32B8D60CC4, /Engine/EngineMaterials/WeightMapArrayPlaceholderTexture, ../../../Engine/Content/EngineMaterials/WeightMapArrayPlaceholderTexture.uasset, MMORPG-WindowsClient, 94830592, 62912512, 556, 556, 0x6978df5ce339adaebd9fe802a13c6c19f4c62ad0, ExportBundleData, , MMORPG, WindowsClient, Base, Installed, 0, 62912512
671, 37f15a009b9a280100000001, 0x1289A9B005AF137, , ../../../Engine/Plugins/Experimental/Water/Content/Icons/WaterBodyIslandSprite.uasset, MMORPG-WindowsClient, 94896128, 62914560, 66041, 6851, 0x744e46bec0374d1203a37e6ad89920c6bfff75fe, ExportBundleData, , MMORPG, WindowsClient, Base, Installed, 0, 62914560
672, b743bdd5e5df72a400000001, 0xA472DFE5D5BD43B7, /Engine/EngineMaterials/T_Default_Material_Grid_M, ../../../Engine/Content/EngineMaterials/T_Default_Material_Grid_M.uasset, MMORPG-WindowsClient, 95027200, 62922752, 6449, 2931, 0xde459717df97b404cc4ea6576f2cafede9a08172, ExportBundleData, , MMORPG, WindowsClient, Base, Installed, 0, 62922752
673, 7a7173cfb4095b9f00000001, 0x9F5B09B4CF73717A, /Engine/EngineMaterials/T_Default_Material_Grid_N, ../../../Engine/Content/EngineMaterials/T_Default_Material_Grid_N.uasset, MMORPG-WindowsClient, 95092736, 62925696, 6398, 755, 0x47129b7ada93d836dfbe6623841ad352a2dc9532, ExportBundleData, , MMORPG, WindowsClient, Base, Installed, 0, 62925696
674, 6a3b7a697242e13400000001, 0x34E14272697A3B6A, /Engine/Functions/Engine_MaterialFunctions01/Opacity/CameraDepthFade, ../../../Engine/Content/Functions/Engine_MaterialFunctions01/Opacity/CameraDepthFade.uasset, MMORPG-WindowsClient, 95158272, 62926848, 487, 487, 0xac6c6048f73f2dfb51b55fe9da11e805e1c9a7ca, ExportBundleData, , MMORPG, WindowsClient, Base, Installed, 0, 62926848
675, eeb296b2a739309500000001, 0x953039A7B296B2EE, /Engine/EngineMaterials/WorldGridMaterial, ../../../Engine/Content/EngineMaterials/WorldGridMaterial.uasset, MMORPG-WindowsClient, 95223808, 62928896, 558769, 57455, 0x7020161be596cb86ba3cdc870c49377e5f3b13a7, ExportBundleData, , MMORPG, WindowsClient, Base, Installed, 0, 62928896
676, 43464c852bb6394f00000009, 0x4F39B62B854C4643, , <ShaderCode>, MMORPG-WindowsClient, 95813632, 62988288, 484236, 484236, 0xc7e0654731cb574293b35cfabb81905f610757b1, ShaderCode, , MMORPG, WindowsClient, Base, Installed, 0, 62988288
677, ca9a2fcc5ff4c94f00000009, 0x4FC9F45FCC2F9ACA, , <ShaderCode>, MMORPG-WindowsClient, 96337920, 63473664, 474833, 474833, 0xccd7731efcccb88ad50e9635e8301882697f9097, ShaderCode, , MMORPG, WindowsClient, Base, Installed, 0, 63473664
678, 6b2c412ddc7c37fb00000009, 0xFB377CDC2D412C6B, , <ShaderCode>, MMORPG-WindowsClient, 96862208, 63948800, 508779, 508779, 0x1ad688cf075ebc2173ff17a65d9136b08a6bf605, ShaderCode, , MMORPG, WindowsClient, Base, Installed, 0, 63948800
679, 3676f34288e8caee00000009, 0xEECAE88842F37636, , <ShaderCode>, MMORPG-WindowsClient, 97386496, 64458752, 504495, 504495, 0x83bdccd0dce9071ed8997518a6a78492241cbb61, ShaderCode, , MMORPG, WindowsClient, Base, Installed, 0, 64458752
680, 6327ed7f33607e8400000009, 0x847E60337FED2763, , <ShaderCode>, MMORPG-WindowsClient, 97910784, 64964608, 496220, 496220, 0xc65b63541c54d376feab7ef34eb0524502fd46ca, ShaderCode, , MMORPG, WindowsClient, Base, Installed, 0, 64964608
681, aa347d2225bf849600000009, 0x9684BF25227D34AA, , <ShaderCode>, MMORPG-WindowsClient, 98435072, 65462272, 497719, 497719, 0xa885a7aac178a50974baec816a37b480bc9cdc62, ShaderCode, , MMORPG, WindowsClient, Base, Installed, 0, 65462272
682, 8eca192b2f35e1ca00000009, 0xCAE1352F2B19CA8E, , <ShaderCode>, MMORPG-WindowsClient, 98959360, 65961984, 496433, 496433, 0xd5ae18f004c30b84bed4e371e0603c4c8fbec949, ShaderCode, , MMORPG, WindowsClient, Base, Installed, 0, 65961984
683, d688ad8caa3e7ba000000009, 0xA07B3EAA8CAD88D6, , <ShaderCode>, MMORPG-WindowsClient, 99483648, 66459648, 483851, 483851, 0xbe5159504e1251cf3dbe227a6342344e45142562, ShaderCode, , MMORPG, WindowsClient, Base, Installed, 0, 66459648
684, 94e5c717009f86dc00000009, 0xDC869F0017C7E594, , <ShaderCode>, MMORPG-WindowsClient, 100007936, 66945024, 479981, 479981, 0xef7475bce5242aaad80f5fed56932bec71dd78cb, ShaderCode, , MMORPG, WindowsClient, Base, Installed, 0, 66945024
685, f8f60db95040f27300000009, 0x73F24050B90DF6F8, , <ShaderCode>, MMORPG-WindowsClient, 100532224, 67426304, 485548, 485548, 0xf2941087c82f413100748050e011a8c524e19f57, ShaderCode, , MMORPG, WindowsClient, Base, Installed, 0, 67426304
686, fadeec9292d12bdd00000009, 0xDD2BD19292ECDEFA, , <ShaderCode>, MMORPG-WindowsClient, 101056512, 67913728, 480766, 480766, 0x1ecb8b1e879a63e947c0ce211535f84e2494350a, ShaderCode, , MMORPG, WindowsClient, Base, Installed, 0, 67913728
687, 7ff017c41624903300000009, 0x33902416C417F07F, , <ShaderCode>, MMORPG-WindowsClient, 101580800, 68395008, 498974, 498974, 0x981aa20cc1cfc9e5e21c66b3c8a315bdac921acb, ShaderCode, , MMORPG, WindowsClient, Base, Installed, 0, 68395008
688, ee735f95c6fe420100000001, 0x142FEC6955F73EE, , ../../../Engine/Plugins/Animation/ControlRig/Content/Controls/ControlRig_Triangle_1mm.uasset, MMORPG-WindowsClient, 102105088, 68894720, 6557, 2222, 0x0839f369fc68e7501b1425dcdbd684f99e4dc3cc, ExportBundleData, , MMORPG, WindowsClient, Base, Installed, 0, 68894720
689, a676230198ee7bec00000001, 0xEC7BEE98012376A6, , ../../../Engine/Plugins/Runtime/CommonUI/Content/MaterialFunctions/MF_UI_RemappableGradient.uasset, MMORPG-WindowsClient, 102170624, 68896944, 350, 350, 0xb16cd6b03ded860498f4008008386217ad927e5a, ExportBundleData, , MMORPG, WindowsClient, Base, Installed, 0, 68896944
690, 1848a443ca7143e000000001, 0xE04371CA43A44818, , ../../../Engine/Plugins/Runtime/CommonUI/Content/MaterialFunctions/MF_UI_AntiAliasing.uasset, MMORPG-WindowsClient, 102236160, 68897296, 334, 334, 0xe0a6ad13750706012fdeac3c31d076fbb7965979, ExportBundleData, , MMORPG, WindowsClient, Base, Installed, 0, 68897296
691, a674b81c92e182d000000001, 0xD082E1921CB874A6, , ../../../Engine/Plugins/Runtime/CommonUI/Content/MaterialFunctions/MF_UI_PolarCoordinates.uasset, MMORPG-WindowsClient, 102301696, 68897632, 342, 342, 0x6924758511470ff32981923a063f4db386a02ba6, ExportBundleData, , MMORPG, WindowsClient, Base, Installed, 0, 68897632
692, 3b9a8c79528b02c700000001, 0xC7028B52798C9A3B, , ../../../Engine/Plugins/Runtime/CommonUI/Content/MaterialFunctions/MF_UI_RadialSegments.uasset, MMORPG-WindowsClient, 102367232, 68897984, 342, 342, 0x371569e43caceed3973c5c9bc32e319743487a8e, ExportBundleData, , MMORPG, WindowsClient, Base, Installed, 0, 68897984
693, 590771ae2f1f02ad00000001, 0xAD021F2FAE710759, , ../../../Engine/Plugins/Runtime/CommonUI/Content/MaterialFunctions/MF_UI_SDF_Circle.uasset, MMORPG-WindowsClient, 102432768, 68898336, 334, 334, 0x3318d020ccac1461c628b5781da3eb7c513c2d8d, ExportBundleData, , MMORPG, WindowsClient, Base, Installed, 0, 68898336
694, 2aefdafb6a2c0f9400000001, 0x940F2C6AFBDAEF2A, /Engine/Functions/UserInterface/GetUserInterfaceUV, ../../../Engine/Content/Functions/UserInterface/GetUserInterfaceUV.uasset, MMORPG-WindowsClient, 102498304, 68898816, 439, 439, 0x454d245259a3e7f92ab99efc142890d9facfc769, ExportBundleData, , MMORPG, WindowsClient, Base, Installed, 0, 68898816
695, 50414c7d1d2b126400000001, 0x64122B1D7D4C4150, /Engine/Functions/Engine_MaterialFunctions03/Math/RemapValueRange, ../../../Engine/Content/Functions/Engine_MaterialFunctions03/Math/RemapValueRange.uasset, MMORPG-WindowsClient, 102563840, 68899264, 445, 445, 0xff5dca084d4bd7f3b74935db610b0d84fc788dc5, ExportBundleData, , MMORPG, WindowsClient, Base, Installed, 0, 68899264
696, 11b9a53f5eb14e3800000001, 0x384EB15E3FA5B911, , ../../../Engine/Plugins/Runtime/CommonUI/Content/MaterialFunctions/MF_UI_PingPong.uasset, MMORPG-WindowsClient, 102629376, 68899712, 326, 326, 0x73d6cc31bd3df132edebf73a789f754009fe2d5f, ExportBundleData, , MMORPG, WindowsClient, Base, Installed, 0, 68899712
697, c84d6af22b4f293100000001, 0x31294F2BF26A4DC8, , ../../../Engine/Plugins/Runtime/CommonUI/Content/MaterialFunctions/MF_UI_CheaperVectorToRadial.uasset, MMORPG-WindowsClient, 102694912, 68900048, 358, 358, 0x2955429b23db2d09cbb6d8a03d79672c87d0ff0b, ExportBundleData, , MMORPG, WindowsClient, Base, Installed, 0, 68900048
698, d16b2e177271f8d900000001, 0xD9F87172172E6BD1, , ../../../Engine/Plugins/Runtime/CommonUI/Content/M_UI_HoldProgress.uasset, MMORPG-WindowsClient, 102760448, 68900864, 7179, 2553, 0x0b24899dcfad9a1d5b14d95b4ec790740426e47f, ExportBundleData, , MMORPG, WindowsClient, Base, Installed, 0, 68900864
699, 8fa4bdfac5dd39db00000009, 0xDB39DDC5FABDA48F, , <ShaderCode>, MMORPG-WindowsClient, 102825984, 68904960, 13545, 13545, 0xc16813a4ad4185b4a3f3903361f8607d1133451e, ShaderCode, , MMORPG, WindowsClient, Base, Installed, 0, 68904960
700, ec7593762c68b60100000001, 0x1B6682C769375EC, , ../../../Engine/Plugins/Runtime/CommonUI/Content/MaterialFunctions/MF_UI_Sectors.uasset, MMORPG-WindowsClient, 102891520, 68918512, 326, 326, 0x1fc16dbf3f86cf1b4f411301f371a52503ab8ab4, ExportBundleData, , MMORPG, WindowsClient, Base, Installed, 0, 68918512
701, cc6abf839439417300000001, 0x7341399483BF6ACC, , ../../../Engine/Plugins/Runtime/CommonUI/Content/M_UI_VirtualPointer.uasset, MMORPG-WindowsClient, 102957056, 68919296, 7913, 2797, 0x2b47112ca8b487db7a231f0c9eba4d4e6f987873, ExportBundleData, , MMORPG, WindowsClient, Base, Installed, 0, 68919296
702, 19afc25540ce047f00000009, 0x7F04CE4055C2AF19, , <ShaderCode>, MMORPG-WindowsClient, 103022592, 68923392, 17742, 17742, 0x1e6179cbd3e1a480c964feff54a508e145dcc48a, ShaderCode, , MMORPG, WindowsClient, Base, Installed, 0, 68923392
703, 5fd615dc496a0f4200000001, 0x420F6A49DC15D65F, , ../../../Engine/Plugins/Runtime/CommonUI/Content/WBP_VirtualPointer.uasset, MMORPG-WindowsClient, 103088128, 68941824, 9141, 3211, 0xb73f429dc9a7e3cf88fd6c809fd1b16424078710, ExportBundleData, , MMORPG, WindowsClient, Base, Installed, 0, 68941824
704, 1c2fd1107a52870200000001, 0x287527A10D12F1C, , ../../../Engine/Plugins/Interchange/Runtime/Content/Pipelines/DefaultTexturePipeline.uasset, MMORPG-WindowsClient, 103153664, 68945040, 1398, 587, 0x9bd0e6aa1bf35bbf9afeee0efd484d8d5eb4b577, ExportBundleData, , MMORPG, WindowsClient, Base, Installed, 0, 68945040
705, e43855b9d402d6d500000001, 0xD5D602D4B95538E4, /Engine/Functions/Engine_MaterialFunctions01/Gradient/LinearGradient, ../../../Engine/Content/Functions/Engine_MaterialFunctions01/Gradient/LinearGradient.uasset, MMORPG-WindowsClient, 103219200, 68945920, 437, 437, 0xf7f6c3234d17847b0463e9047b9022f73f52cc97, ExportBundleData, , MMORPG, WindowsClient, Base, Installed, 0, 68945920
706, dab3ede8bda8d8ca00000001, 0xCAD8A8BDE8EDB3DA, /Engine/Functions/Engine_MaterialFunctions01/ImageAdjustment/CheapContrast, ../../../Engine/Content/Functions/Engine_MaterialFunctions01/ImageAdjustment/CheapContrast.uasset, MMORPG-WindowsClient, 103284736, 68946368, 443, 443, 0x9fe2b714deaf1b4a57b80be56fd6c49370b1dd32, ExportBundleData, , MMORPG, WindowsClient, Base, Installed, 0, 68946368
707, 4762b775bfe4b22d00000001, 0x2DB2E4BF75B76247, /Engine/Functions/Engine_MaterialFunctions02/WorldPositionOffset/ObjectScale, ../../../Engine/Content/Functions/Engine_MaterialFunctions02/WorldPositionOffset/ObjectScale.uasset, MMORPG-WindowsClient, 103350272, 68946816, 465, 465, 0x1a462e6e6f8a5ca61ca4bba3f684b2b851d8d0b1, ExportBundleData, , MMORPG, WindowsClient, Base, Installed, 0, 68946816
708, 22ce47c64c5d7f1300000001, 0x137F5D4CC647CE22, /Engine/Functions/Engine_MaterialFunctions01/Texturing/WorldAlignedTexture, ../../../Engine/Content/Functions/Engine_MaterialFunctions01/Texturing/WorldAlignedTexture.uasset, MMORPG-WindowsClient, 103415808, 68947296, 405, 405, 0xdb13d6202f6a31bb32de5699489174227443eb01, ExportBundleData, , MMORPG, WindowsClient, Base, Installed, 0, 68947296
709, 90a85c702925e60200000001, 0x2E62529705CA890, /Engine/EngineMaterials/Grid, ../../../Engine/Content/EngineMaterials/Grid.uasset, MMORPG-WindowsClient, 103481344, 68947968, 6398, 1205, 0xd8c6d14fd39be28b21720978ccf09e3e78a012f7, ExportBundleData, , MMORPG, WindowsClient, Base, Installed, 0, 68947968
710, 7a820a312e6848a400000001, 0xA448682E310A827A, /Engine/EditorMaterials/Dataflow/DataflowSelection, ../../../Engine/Content/EditorMaterials/Dataflow/DataflowSelection.uasset, MMORPG-WindowsClient, 103546880, 68950016, 27297, 6475, 0xef1c28466c3d524cf7634af71c468bfab1fb5fa1, ExportBundleData, , MMORPG, WindowsClient, Base, Installed, 0, 68950016
711, 841e099f68ccbd4b00000009, 0x4BBDCC689F091E84, , <ShaderCode>, MMORPG-WindowsClient, 103612416, 68958208, 258004, 258004, 0xe49338f0525e2e99855ea0c4f4db7599c5b319fd, ShaderCode, , MMORPG, WindowsClient, Base, Installed, 0, 68958208
712, 6e4ac6d8f5ca0a0300000001, 0x30ACAF5D8C64A6E, , ../../../Engine/Plugins/Interchange/Runtime/Content/Pipelines/DefaultSceneAssetsPipeline.uasset, MMORPG-WindowsClient, 103874560, 69216256, 15965, 3839, 0x1369720899e3f55c450a648232341276ad425f73, ExportBundleData, , MMORPG, WindowsClient, Base, Installed, 0, 69216256
713, 3e6f2bc6739d380300000001, 0x3389D73C62B6F3E, /Engine/EngineResources/DefaultTextureCube, ../../../Engine/Content/EngineResources/DefaultTextureCube.uasset, MMORPG-WindowsClient, 103940096, 69220352, 66434, 9344, 0x9445acbd0580d101d9bbe7f31478ee66538cd28d, ExportBundleData, , MMORPG, WindowsClient, Base, Installed, 0, 69220352
714, f421d8f857b9ed0300000001, 0x3EDB957F8D821F4, /Engine/EngineMeshes/Sphere, ../../../Engine/Content/EngineMeshes/Sphere.uasset, MMORPG-WindowsClient, 104071168, 69230592, 38789, 13416, 0xd5716e7452ef7f4f5efbcd96d1a8c3e621082381, ExportBundleData, , MMORPG, WindowsClient, Base, Installed, 0, 69230592
715, 8b12fc0ce026f5be00000001, 0xBEF526E00CFC128B, /Engine/EditorLandscapeResources/DefaultAlphaTexture, ../../../Engine/Content/EditorLandscapeResources/DefaultAlphaTexture.uasset, MMORPG-WindowsClient, 104136704, 69244016, 22646, 516, 0x2d696ecb3c00d4b3f865bf003b46ea4b83405be0, ExportBundleData, , MMORPG, WindowsClient, Base, Installed, 0, 69244016
716, 03cb1b60d73f390400000001, 0x4393FD7601BCB03, /Engine/EditorLandscapeResources/LandscapeDirtyMaterial, ../../../Engine/Content/EditorLandscapeResources/LandscapeDirtyMaterial.uasset, MMORPG-WindowsClient, 104202240, 69244928, 5909, 2297, 0xe5ec1a6a72ee7b9c85c28ce418216e8ca30ba0e6, ExportBundleData, , MMORPG, WindowsClient, Base, Installed, 0, 69244928
717, c4eca6914a640bdc00000009, 0xDC0B644A91A6ECC4, , <ShaderCode>, MMORPG-WindowsClient, 104267776, 69249024, 9635, 9635, 0x8146b9c85f2e19e36b7d71197136eaaf9e0dfca3, ShaderCode, , MMORPG, WindowsClient, Base, Installed, 0, 69249024
718, d8c12e29c170130500000001, 0x51370C1292EC1D8, , ../../../Engine/Plugins/NNE/NNEDenoiser/Content/NNE_oidn2-3-0_rt_hdr_alb_nrm_small__dyn__fp16_opset11_DenoiseAlpha.uasset, MMORPG-WindowsClient, 104333312, 69259264, 2610334, 2385782, 0x189bc8e37c3c90f707fdabfd30c62eae9beee55e, ExportBundleData, , MMORPG, WindowsClient, Base, Installed, 0, 69259264
719, abde94c25a5272fc00000001, 0xFC72525AC294DEAB, /Engine/EngineSounds/Submixes/MasterReverbEffectPreset, ../../../Engine/Content/EngineSounds/Submixes/MasterReverbEffectPreset.uasset, MMORPG-WindowsClient, 106954752, 71645296, 334, 334, 0x6ec6a131248ebe9bbb592c494ed6d415b417e678, ExportBundleData, , MMORPG, WindowsClient, Base, Installed, 0, 71645296
720, 7819480612024b3600000001, 0x364B021206481978, /Engine/EngineSounds/Submixes/MasterEQEffectPreset, ../../../Engine/Content/EngineSounds/Submixes/MasterEQEffectPreset.uasset, MMORPG-WindowsClient, 107020288, 71645632, 326, 326, 0x6ca1a9285ab3d07cf6d245c30da3a40fc05380ae, ExportBundleData, , MMORPG, WindowsClient, Base, Installed, 0, 71645632
721, cda0bce26734770500000001, 0x5773467E2BCA0CD, /Engine/EngineSounds/Submixes/MasterReverbSubmixDefault, ../../../Engine/Content/EngineSounds/Submixes/MasterReverbSubmixDefault.uasset, MMORPG-WindowsClient, 107085824, 71645968, 548, 548, 0x729ed77cfd46d59b6e53c325853229e11b8ea01a, ExportBundleData, , MMORPG, WindowsClient, Base, Installed, 0, 71645968
722, b059d54260cfd24100000001, 0x41D2CF6042D559B0, /Engine/EngineSounds/Submixes/MasterSubmixDefault, ../../../Engine/Content/EngineSounds/Submixes/MasterSubmixDefault.uasset, MMORPG-WindowsClient, 107151360, 71646528, 540, 540, 0xe0526368a82782503d154b6fd9c56065dc49f992, ExportBundleData, , MMORPG, WindowsClient, Base, Installed, 0, 71646528
723, cadc4d0ec817b83400000001, 0x34B817C80E4DDCCA, /Engine/EngineSounds/Submixes/MasterEQSubmixDefault, ../../../Engine/Content/EngineSounds/Submixes/MasterEQSubmixDefault.uasset, MMORPG-WindowsClient, 107216896, 71647232, 535, 535, 0xe9c56c63dcf16bc9e6170d8605cb17c63646e203, ExportBundleData, , MMORPG, WindowsClient, Base, Installed, 0, 71647232
724, 481b126ebf5b30ef00000001, 0xEF305BBF6E121B48, , ../../../Engine/Plugins/Interchange/Assets/Content/gltf/MaterialFunctions/MF_Occlusion.uasset, MMORPG-WindowsClient, 107282432, 71647776, 342, 342, 0xeff462cfa112e8485c5f67165e3c673b7da774c9, ExportBundleData, , MMORPG, WindowsClient, Base, Installed, 0, 71647776
725, 498ce91375fe07e700000001, 0xE707FE7513E98C49, , ../../../Engine/Plugins/Interchange/Assets/Content/gltf/Textures/T_Anisotropy_Direction_Linear.uasset, MMORPG-WindowsClient, 107347968, 71648128, 553, 553, 0x648438ecd9c08320c19eb339e56c0c7f4570c802, ExportBundleData, , MMORPG, WindowsClient, Base, Installed, 0, 71648128
726, 5ec7737f455481e000000001, 0xE08154457F73C75E, , ../../../Engine/Plugins/Interchange/Assets/Content/Functions/MF_IridescenceNoLUT.uasset, MMORPG-WindowsClient, 107413504, 71648688, 345, 345, 0x41868b3f60de2da0eb3a2965930adc56e39ebf4f, ExportBundleData, , MMORPG, WindowsClient, Base, Installed, 0, 71648688
727, f7e2665467147cd400000001, 0xD47C14675466E2F7, , ../../../Engine/Plugins/Interchange/Assets/Content/gltf/MaterialFunctions/MF_SpecularAnisotropy.uasset, MMORPG-WindowsClient, 107479040, 71649280, 358, 358, 0x4e03293a2fca495795b99bf96bfb0fe5b63075f4, ExportBundleData, , MMORPG, WindowsClient, Base, Installed, 0, 71649280
728, 117a374d1b4c52c600000001, 0xC6524C1B4D377A11, , ../../../Engine/Plugins/Interchange/Assets/Content/gltf/MaterialFunctions/MF_MetallicRoughness.uasset, MMORPG-WindowsClient, 107544576, 71649648, 358, 358, 0xb1553d0ffdbc2089adb12778de02ad7b5e9c08bb, ExportBundleData, , MMORPG, WindowsClient, Base, Installed, 0, 71649648
729, 50e67e725585a6b400000001, 0xB4A68555727EE650, , ../../../Engine/Plugins/Interchange/Assets/Content/gltf/MaterialFunctions/MF_RotateV2.uasset, MMORPG-WindowsClient, 107610112, 71650016, 334, 334, 0x337fd66335b2dc40a51f3aafed5933e525904cb9, ExportBundleData, , MMORPG, WindowsClient, Base, Installed, 0, 71650016
730, 3f9ae4ae5e9a10b000000001, 0xB0109A5EAEE49A3F, /Engine/Functions/Engine_MaterialFunctions02/Utility/MakeFloat3, ../../../Engine/Content/Functions/Engine_MaterialFunctions02/Utility/MakeFloat3.uasset, MMORPG-WindowsClient, 107675648, 71650352, 413, 413, 0xc742710349e2f4f2b79be368101db2e145f8e63f, ExportBundleData, , MMORPG, WindowsClient, Base, Installed, 0, 71650352
731, e283fca7ae7e6b9800000001, 0x986B7EAEA7FC83E2, , ../../../Engine/Plugins/Interchange/Assets/Content/gltf/MaterialFunctions/MF_IOR.uasset, MMORPG-WindowsClient, 107741184, 71650768, 326, 326, 0x120ef872b7b63a6c0e3fbb3e51940e5f62a4ae49, ExportBundleData, , MMORPG, WindowsClient, Base, Installed, 0, 71650768
732, 4e607d7dbcefc27600000001, 0x76C2EFBC7D7D604E, , ../../../Engine/Plugins/Interchange/Assets/Content/gltf/MaterialBodies/MF_Default_Body.uasset, MMORPG-WindowsClient, 107806720, 71651328, 342, 342, 0x60b83f0a6a5adc79a3b98ca830533e99c8a3d95e, ExportBundleData, , MMORPG, WindowsClient, Base, Installed, 0, 71651328
733, e9d843d8afdf787500000001, 0x7578DFAFD843D8E9, , ../../../Engine/Plugins/Interchange/Assets/Content/gltf/MaterialFunctions/MF_TransformUVs.uasset, MMORPG-WindowsClient, 107872256, 71651680, 342, 342, 0x22ba42cc203538647bc267e0d75b885b5cc5abbb, ExportBundleData, , MMORPG, WindowsClient, Base, Installed, 0, 71651680
734, dcad837ea714e86000000001, 0x60E814A77E83ADDC, , ../../../Engine/Plugins/Interchange/Assets/Content/gltf/MaterialFunctions/MF_Emissive.uasset, MMORPG-WindowsClient, 107937792, 71652032, 334, 334, 0xfc942ec44198c41e038f2eaae53266f8efb9bd3d, ExportBundleData, , MMORPG, WindowsClient, Base, Installed, 0, 71652032
735, 7276d40fd50dba5900000001, 0x59BA0DD50FD47672, /Engine/Functions/Engine_MaterialFunctions02/Utility/BreakOutFloat3Components, ../../../Engine/Content/Functions/Engine_MaterialFunctions02/Utility/BreakOutFloat3Components.uasset, MMORPG-WindowsClient, 108003328, 71652368, 487, 487, 0x62dceff613c7704fbc33d142bf73afae08516930, ExportBundleData, , MMORPG, WindowsClient, Base, Installed, 0, 71652368
736, c7574f6f4a67304e00000001, 0x4E30674A6F4F57C7, , ../../../Engine/Plugins/Interchange/Assets/Content/gltf/MaterialFunctions/MF_RotateNormals_TS.uasset, MMORPG-WindowsClient, 108068864, 71652864, 350, 350, 0x0a03f563f7f269a75b83be5940f7c390e1abc2d9, ExportBundleData, , MMORPG, WindowsClient, Base, Installed, 0, 71652864
737, f22c8b89f4ac7b4100000001, 0x417BACF4898B2CF2, , ../../../Engine/Plugins/Interchange/Assets/Content/gltf/MaterialFunctions/MF_ScaleNormal.uasset, MMORPG-WindowsClient, 108134400, 71653376, 342, 342, 0x3d450ef5186de5b6c219bee6b151c0a7c85897df, ExportBundleData, , MMORPG, WindowsClient, Base, Installed, 0, 71653376
738, f6cc1a593811fc3d00000001, 0x3DFC1138591ACCF6, , ../../../Engine/Plugins/Interchange/Assets/Content/gltf/Textures/T_White_Linear.uasset, MMORPG-WindowsClient, 108199936, 71653728, 521, 521, 0xe930a9df77d7b366c12b19470939528207fc0b64, ExportBundleData, , MMORPG, WindowsClient, Base, Installed, 0, 71653728
739, a365ccf446169e3a00000001, 0x3A9E1646F4CC65A3, /Engine/Functions/Engine_MaterialFunctions02/Math/Transform3x3Matrix, ../../../Engine/Content/Functions/Engine_MaterialFunctions02/Math/Transform3x3Matrix.uasset, MMORPG-WindowsClient, 108265472, 71654256, 403, 403, 0x5acce74b3eaaa3d12953e4006a011ef3e57f2f94, ExportBundleData, , MMORPG, WindowsClient, Base, Installed, 0, 71654256
740, 95e67c1d434bf22e00000001, 0x2EF24B431D7CE695, , ../../../Engine/Plugins/Interchange/Assets/Content/gltf/MaterialFunctions/MF_BaseColor.uasset, MMORPG-WindowsClient, 108331008, 71654672, 342, 342, 0x69b3c1d6b11c873f57bcb38fac7f9bb457915524, ExportBundleData, , MMORPG, WindowsClient, Base, Installed, 0, 71654672
741, 37d5f87a4e181d2e00000001, 0x2E1D184E7AF8D537, , ../../../Engine/Plugins/Interchange/Assets/Content/gltf/MaterialFunctions/MF_Specular.uasset, MMORPG-WindowsClient, 108396544, 71655024, 334, 334, 0x259a1d5d2f5ed5dc749ad27c6b77cb442b071061, ExportBundleData, , MMORPG, WindowsClient, Base, Installed, 0, 71655024
742, c3da27f9fa57771200000001, 0x127757FAF927DAC3, , ../../../Engine/Plugins/Interchange/Assets/Content/gltf/Textures/T_White_srgb.uasset, MMORPG-WindowsClient, 108462080, 71655424, 518, 518, 0x4cbe25296ad29840c65e8110d6776d3dad195c7c, ExportBundleData, , MMORPG, WindowsClient, Base, Installed, 0, 71655424
743, d312b740e645100f00000001, 0xF1045E640B712D3, , ../../../Engine/Plugins/Interchange/Assets/Content/gltf/MaterialFunctions/MF_Iridescence.uasset, MMORPG-WindowsClient, 108527616, 71655952, 342, 342, 0x9513bb27e9fd7b8a99c535d871df6d987a462aef, ExportBundleData, , MMORPG, WindowsClient, Base, Installed, 0, 71655952
744, ed107ea83151f80700000001, 0x7F85131A87E10ED, , ../../../Engine/Plugins/Interchange/Assets/Content/gltf/MaterialFunctions/MF_Normals.uasset, MMORPG-WindowsClient, 108593152, 71656304, 334, 334, 0x51352db69b95e87e83fa782e70c06adc41574d88, ExportBundleData, , MMORPG, WindowsClient, Base, Installed, 0, 71656304
745, 98d212a9717c870500000001, 0x5877C71A912D298, , ../../../Engine/Plugins/Interchange/Assets/Content/gltf/Textures/T_Generic_N.uasset, MMORPG-WindowsClient, 108658688, 71656640, 527, 527, 0x00df62e216d934e096c04bc3652d0af866066356, ExportBundleData, , MMORPG, WindowsClient, Base, Installed, 0, 71656640
746, d75349437f760e9600000001, 0x960E767F434953D7, , ../../../Engine/Plugins/Interchange/Assets/Content/gltf/M_Default.uasset, MMORPG-WindowsClient, 108724224, 71657472, 25264, 7029, 0xbb3d17493e35eae5af1ea0b9c61fcdd5b27baa72, ExportBundleData, , MMORPG, WindowsClient, Base, Installed, 0, 71657472
747, 62822c838b52b15b00000009, 0x5BB1528B832C8262, , <ShaderCode>, MMORPG-WindowsClient, 108789760, 71665664, 11567, 11567, 0xc9715fe5d57e0e5a79c78d517346a9f0bacf0349, ShaderCode, , MMORPG, WindowsClient, Base, Installed, 0, 71665664
748, fb8fad4c838aaf0b00000001, 0xBAF8A834CAD8FFB, , ../../../Engine/Plugins/Interchange/Assets/Content/gltf/MaterialInstances/MI_Default_Opaque_DS.uasset, MMORPG-WindowsClient, 108855296, 71677952, 20991, 5179, 0x74acf4d23b9d5a2ba6d322b5c78ba07a79d1ddfa, ExportBundleData, , MMORPG, WindowsClient, Base, Installed, 0, 71677952
749, d656f4e22339541700000009, 0x17543923E2F456D6, , <ShaderCode>, MMORPG-WindowsClient, 108920832, 71684096, 12071, 12071, 0x1686bbc194181095c7d81ef4f1932364383e63d8, ShaderCode, , MMORPG, WindowsClient, Base, Installed, 0, 71684096
750, b124a9b5e30bdadc00000001, 0xDCDA0BE3B5A924B1, , ../../../Engine/Plugins/Interchange/Assets/Content/gltf/MaterialFunctions/MF_Transmission.uasset, MMORPG-WindowsClient, 108986368, 71696384, 342, 342, 0x3ccb8d9335c54fe5a73773198fbdd0b1e624b349, ExportBundleData, , MMORPG, WindowsClient, Base, Installed, 0, 71696384
751, 82f65cf4f01dadce00000001, 0xCEAD1DF0F45CF682, , ../../../Engine/Plugins/Interchange/Assets/Content/gltf/MaterialFunctions/MF_Fresnel_DS.uasset, MMORPG-WindowsClient, 109051904, 71696736, 342, 342, 0xe848937f7bb84eddd3bace36fd764fe68b5fb04e, ExportBundleData, , MMORPG, WindowsClient, Base, Installed, 0, 71696736
752, 5f510b7cd6e0bdc800000001, 0xC8BDE0D67C0B515F, /Engine/Functions/Engine_MaterialFunctions02/Utility/CameraDirectionVector, ../../../Engine/Content/Functions/Engine_MaterialFunctions02/Utility/CameraDirectionVector.uasset, MMORPG-WindowsClient, 109117440, 71697088, 420, 420, 0x0888fa7230547d6f9e96b999ebb3cee20d9f01f3, ExportBundleData, , MMORPG, WindowsClient, Base, Installed, 0, 71697088
753, 1c3a80931d7381bf00000001, 0xBF81731D93803A1C, /Engine/EngineMaterials/Good64x64TilingNoiseHighFreq, ../../../Engine/Content/EngineMaterials/Good64x64TilingNoiseHighFreq.uasset, MMORPG-WindowsClient, 109182976, 71698432, 4629, 4444, 0x60bc9bee448b7278b2bb2c5a836eb5eab6265910, ExportBundleData, , MMORPG, WindowsClient, Base, Installed, 0, 71698432
754, 6c65172ae5f7326a00000001, 0x6A32F7E52A17656C, , ../../../Engine/Plugins/Interchange/Assets/Content/gltf/MaterialFunctions/MF_Temporal_Blur.uasset, MMORPG-WindowsClient, 109248512, 71702880, 353, 353, 0xbc78e13f1249d91cdfa2d497128146e1a65bbb91, ExportBundleData, , MMORPG, WindowsClient, Base, Installed, 0, 71702880
755, d3fde53d2957051f00000001, 0x1F0557293DE5FDD3, , ../../../Engine/Plugins/Interchange/Assets/Content/gltf/MaterialBodies/MF_Transmission_Body.uasset, MMORPG-WindowsClient, 109314048, 71703248, 350, 350, 0x145b6c765aa5ec31c4c0ff54b510ece172d59fb9, ExportBundleData, , MMORPG, WindowsClient, Base, Installed, 0, 71703248
756, adfc0c5cb146690600000001, 0x66946B15C0CFCAD, /Engine/Functions/Engine_MaterialFunctions02/Texturing/ScreenAlignedPixelToPixelUVs, ../../../Engine/Content/Functions/Engine_MaterialFunctions02/Texturing/ScreenAlignedPixelToPixelUVs.uasset, MMORPG-WindowsClient, 109379584, 71703600, 599, 599, 0x094b1ac6a7ae4618057fe885a9b41f756298e6ac, ExportBundleData, , MMORPG, WindowsClient, Base, Installed, 0, 71703600
757, 47976c17a73564f000000001, 0xF06435A7176C9747, , ../../../Engine/Plugins/Interchange/Assets/Content/gltf/M_Transmission.uasset, MMORPG-WindowsClient, 109445120, 71704576, 29583, 7976, 0x03a9df1af76526f3eb481544ed84dff3f712179a, ExportBundleData, , MMORPG, WindowsClient, Base, Installed, 0, 71704576
758, 36716b94ce66c68c00000009, 0x8CC666CE946B7136, , <ShaderCode>, MMORPG-WindowsClient, 109510656, 71712768, 134445, 134445, 0x7fb98d4e8b2e3d33597e29fb31fa8ae707355eea, ShaderCode, , MMORPG, WindowsClient, Base, Installed, 0, 71712768
759, 0c79fe192a07270f00000001, 0xF27072A19FE790C, , ../../../Engine/Plugins/Interchange/Assets/Content/gltf/MaterialInstances/MI_Transmission_DS.uasset, MMORPG-WindowsClient, 109707264, 71847936, 23190, 5526, 0x54be5fe5cb338dec3555c70f9ff6e5ee40acd1a8, ExportBundleData, , MMORPG, WindowsClient, Base, Installed, 0, 71847936
760, 9a91f567aca5cfcc00000009, 0xCCCFA5AC67F5919A, , <ShaderCode>, MMORPG-WindowsClient, 109772800, 71854080, 137907, 137907, 0x017505c490d7ba7e8f327513f933c24677be9cb1, ShaderCode, , MMORPG, WindowsClient, Base, Installed, 0, 71854080
761, ff93d6b59482c91200000001, 0x12C98294B5D693FF, , ../../../Engine/Plugins/Interchange/Assets/Content/gltf/MaterialInstances/MI_Default_Mask_DS.uasset, MMORPG-WindowsClient, 109969408, 71993344, 29684, 6610, 0xb58c39a756723c009715954ace9df5c5c7883ac3, ExportBundleData, , MMORPG, WindowsClient, Base, Installed, 0, 71993344
762, 30d27e73a99d41e100000009, 0xE1419DA9737ED230, , <ShaderCode>, MMORPG-WindowsClient, 110034944, 72001536, 12187, 12187, 0x79d9e4f9b02ce628fed440273e53e5aa4bac96e3, ShaderCode, , MMORPG, WindowsClient, Base, Installed, 0, 72001536
763, bbc98fec78acbc5400000001, 0x54BCAC78EC8FC9BB, , ../../../Engine/Plugins/Interchange/Assets/Content/gltf/MaterialFunctions/MF_Clearcoat.uasset, MMORPG-WindowsClient, 110100480, 72013824, 342, 342, 0xe24b60fee24ef69ee4d89857f8be40f8e1a334a4, ExportBundleData, , MMORPG, WindowsClient, Base, Installed, 0, 72013824
764, fd797ccb75cef02e00000001, 0x2EF0CE75CB7C79FD, , ../../../Engine/Plugins/Interchange/Assets/Content/gltf/MaterialBodies/MF_ClearCoat_Body.uasset, MMORPG-WindowsClient, 110166016, 72014176, 350, 350, 0x5c2d6592e24f614c8279f0c16e9f37d2c2e4802c, ExportBundleData, , MMORPG, WindowsClient, Base, Installed, 0, 72014176
765, 3b047fdea50e991600000001, 0x16990EA5DE7F043B, /Engine/Functions/Engine_MaterialFunctions01/Texturing/FlattenNormal, ../../../Engine/Content/Functions/Engine_MaterialFunctions01/Texturing/FlattenNormal.uasset, MMORPG-WindowsClient, 110231552, 72014528, 396, 396, 0xa2d4a932365c818034868347be214456b5cf0e3e, ExportBundleData, , MMORPG, WindowsClient, Base, Installed, 0, 72014528
766, 028c0d32f7b3553000000001, 0x3055B3F7320D8C02, , ../../../Engine/Plugins/Interchange/Assets/Content/gltf/M_ClearCoat.uasset, MMORPG-WindowsClient, 110297088, 72015872, 29337, 7670, 0xe26d13cc98b0413ab80324e154a221c7feac634e, ExportBundleData, , MMORPG, WindowsClient, Base, Installed, 0, 72015872
767, 69e24e7cf27bbbc700000009, 0xC7BB7BF27C4EE269, , <ShaderCode>, MMORPG-WindowsClient, 110362624, 72024064, 56002, 56002, 0x017e8fce4b5fed3286bd98f90075e5d7da5985bb, ShaderCode, , MMORPG, WindowsClient, Base, Installed, 0, 72024064
768, 2b8cb9c53bcb701600000001, 0x1670CB3BC5B98C2B, , ../../../Engine/Plugins/Interchange/Assets/Content/gltf/MaterialInstances/MI_ClearCoat_Blend.uasset, MMORPG-WindowsClient, 110428160, 72081408, 24600, 5686, 0xcb095cc18bb843865b77ab3c5ea33ebc3ba8bd37, ExportBundleData, , MMORPG, WindowsClient, Base, Installed, 0, 72081408
769, b54f2a4d58203fe300000009, 0xE33F20584D2A4FB5, , <ShaderCode>, MMORPG-WindowsClient, 110493696, 72087552, 81628, 81628, 0xcf1d70e986e07189c3e1723a283909e4d3a389c8, ShaderCode, , MMORPG, WindowsClient, Base, Installed, 0, 72087552
770, 7a54ee9819519f1600000001, 0x169F511998EE547A, , ../../../Engine/Plugins/Interchange/Assets/Content/gltf/MaterialInstances/MI_ClearCoat_Mask_DS.uasset, MMORPG-WindowsClient, 110624768, 72169472, 32022, 7069, 0xc78659c1cd298953d283bf38896ffb83513de4ab, ExportBundleData, , MMORPG, WindowsClient, Base, Installed, 0, 72169472
771, 23842fd4072ce9df00000009, 0xDFE92C07D42F8423, , <ShaderCode>, MMORPG-WindowsClient, 110690304, 72177664, 57447, 57447, 0x36020dce821100be7f6b7696da2e4e9fe4db8ff1, ShaderCode, , MMORPG, WindowsClient, Base, Installed, 0, 72177664
772, b21ecbbaadcd6dfc00000001, 0xFC6DCDADBACB1EB2, , ../../../Engine/Plugins/Interchange/Assets/Content/gltf/MaterialFunctions/MF_Sheen.uasset, MMORPG-WindowsClient, 110755840, 72235120, 334, 334, 0x009c1fd86ad6944b3186d2436c884dfc614e7eaf, ExportBundleData, , MMORPG, WindowsClient, Base, Installed, 0, 72235120
773, 6fb2bb77f7903ef200000001, 0xF23E90F777BBB26F, , ../../../Engine/Plugins/Interchange/Assets/Content/gltf/MaterialBodies/MF_Sheen_Body.uasset, MMORPG-WindowsClient, 110821376, 72235456, 342, 342, 0x211313dd74a012ac71da228d23189b66555b9a7f, ExportBundleData, , MMORPG, WindowsClient, Base, Installed, 0, 72235456
774, 423e0725be42f42d00000001, 0x2DF442BE25073E42, , ../../../Engine/Plugins/Interchange/Assets/Content/gltf/M_Sheen.uasset, MMORPG-WindowsClient, 110886912, 72237056, 25518, 7192, 0x52be0bc82fab505a44001078c752cece92871788, ExportBundleData, , MMORPG, WindowsClient, Base, Installed, 0, 72237056
775, d48e5288693dccde00000009, 0xDECC3D6988528ED4, , <ShaderCode>, MMORPG-WindowsClient, 110952448, 72245248, 57798, 57798, 0x482b5b1c49405c66c1ceef2acbc9b5876654fde9, ShaderCode, , MMORPG, WindowsClient, Base, Installed, 0, 72245248
776, ff95fdb78495312100000001, 0x21319584B7FD95FF, , ../../../Engine/Plugins/Interchange/Assets/Content/gltf/MaterialInstances/MI_Sheen_Blend.uasset, MMORPG-WindowsClient, 111017984, 72304640, 22880, 5356, 0x0360331572f29ea4183f9c03a7109837b1d57a7a, ExportBundleData, , MMORPG, WindowsClient, Base, Installed, 0, 72304640
777, 880e407246c2284c00000009, 0x4C28C24672400E88, , <ShaderCode>, MMORPG-WindowsClient, 111083520, 72310784, 86852, 86852, 0x50cced477cd8fecfaf1294a80b798d96a04a6ac6, ShaderCode, , MMORPG, WindowsClient, Base, Installed, 0, 72310784
778, 9d6c45f8d8d80ed200000001, 0xD20ED8D8F8456C9D, , ../../../Engine/Plugins/Interchange/Assets/Content/gltf/MaterialBodies/MF_SpecularGlossiness_Body.uasset, MMORPG-WindowsClient, 111214592, 72397648, 366, 366, 0xaaa3b3a1107807544687da938a8e6d9bc70676c0, ExportBundleData, , MMORPG, WindowsClient, Base, Installed, 0, 72397648
779, 4a6c7250059572c000000001, 0xC072950550726C4A, , ../../../Engine/Plugins/Interchange/Assets/Content/gltf/MaterialFunctions/MF_DiffuseSpecGloss.uasset, MMORPG-WindowsClient, 111280128, 72398016, 350, 350, 0x508f0adf46f0d91d3dacc67b72f7e220f698c3c0, ExportBundleData, , MMORPG, WindowsClient, Base, Installed, 0, 72398016
780, bad72508e5cb777700000001, 0x7777CBE50825D7BA, , ../../../Engine/Plugins/Interchange/Assets/Content/gltf/MaterialFunctions/MF_SpecGlossToMetalRoughness.uasset, MMORPG-WindowsClient, 111345664, 72398848, 504, 504, 0xf7082ca8c8c6555e8cf0216bfac7783be9deea2d, ExportBundleData, , MMORPG, WindowsClient, Base, Installed, 0, 72398848
781, 41c89422e493e65600000001, 0x56E693E42294C841, , ../../../Engine/Plugins/Interchange/Assets/Content/gltf/MaterialFunctions/MF_PerceivedBrightness.uasset, MMORPG-WindowsClient, 111411200, 72399360, 456, 456, 0x5083fc7ed744f9ff625e2879fadfa40ac9155ba7, ExportBundleData, , MMORPG, WindowsClient, Base, Installed, 0, 72399360
782, 7d82a18c99bcca2d00000001, 0x2DCABC998CA1827D, /Engine/Functions/Engine_MaterialFunctions02/Math/AddComponents, ../../../Engine/Content/Functions/Engine_MaterialFunctions02/Math/AddComponents.uasset, MMORPG-WindowsClient, 111476736, 72399824, 429, 429, 0x8f1ef8c8da67fcc28b0c893f1317ef04b7e3dbb1, ExportBundleData, , MMORPG, WindowsClient, Base, Installed, 0, 72399824
783, 9ee551c1bc86b22800000001, 0x28B286BCC151E59E, , ../../../Engine/Plugins/Interchange/Assets/Content/gltf/MaterialFunctions/MF_MaxComponentValue.uasset, MMORPG-WindowsClient, 111542272, 72400256, 358, 358, 0x40a917ccb4fc094f8642d68d4c6ba752b1f65263, ExportBundleData, , MMORPG, WindowsClient, Base, Installed, 0, 72400256
784, 89f54d4d7337e89100000001, 0x91E837734D4DF589, , ../../../Engine/Plugins/Interchange/Assets/Content/gltf/M_SpecularGlossiness.uasset, MMORPG-WindowsClient, 111607808, 72400896, 18149, 5310, 0x1c838f9c676da6f7de66dd6d9ae98933ad6af461, ExportBundleData, , MMORPG, WindowsClient, Base, Installed, 0, 72400896
785, fe576f95e5af37f400000009, 0xF437AFE5956F57FE, , <ShaderCode>, MMORPG-WindowsClient, 111673344, 72407040, 41864, 41864, 0xc621d7f76c7e75ea91d1aaca028a203a77e7400e, ShaderCode, , MMORPG, WindowsClient, Base, Installed, 0, 72407040
786, c401bc0ca344352800000001, 0x283544A30CBC01C4, , ../../../Engine/Plugins/Interchange/Assets/Content/gltf/MaterialInstances/MI_SpecularGlossiness_Blend_DS.uasset, MMORPG-WindowsClient, 111738880, 72450048, 20610, 4973, 0x118fe53f91470546d58474bfb9f1a3a0d3209e10, ExportBundleData, , MMORPG, WindowsClient, Base, Installed, 0, 72450048
787, 7def95493fbd5cdc00000009, 0xDC5CBD3F4995EF7D, , <ShaderCode>, MMORPG-WindowsClient, 111804416, 72456192, 131508, 131508, 0x65e17673230a715ad712fee2d98195b8fd3a9a91, ShaderCode, , MMORPG, WindowsClient, Base, Installed, 0, 72456192
788, a45462409bf9a91f00000001, 0x1FA9F99B406254A4, , ../../../Engine/Plugins/Interchange/Assets/Content/gltf/MaterialInstances/MI_Sheen_Opaque.uasset, MMORPG-WindowsClient, 112001024, 72587712, 615, 615, 0x6b63b06ce4a1402d21fbc2affd2318629e208927, ExportBundleData, , MMORPG, WindowsClient, Base, Installed, 0, 72587712
789, 2625118eba56774b00000001, 0x4B7756BA8E112526, , ../../../Engine/Plugins/Interchange/Assets/Content/gltf/MaterialInstances/MI_Sheen_Mask.uasset, MMORPG-WindowsClient, 112066560, 72589312, 28956, 6553, 0xa25cafd37eed8e1c8ec55336a3b1ae48f1400c03, ExportBundleData, , MMORPG, WindowsClient, Base, Installed, 0, 72589312
790, 1bc034918c82aa0d00000009, 0xDAA828C9134C01B, , <ShaderCode>, MMORPG-WindowsClient, 112132096, 72597504, 58046, 58046, 0x5b7b9dd5d6302c093515494994f8f9ac8cb7ea91, ShaderCode, , MMORPG, WindowsClient, Base, Installed, 0, 72597504
791, 46953cb4b4f59e6400000001, 0x649EF5B4B43C9546, , ../../../Engine/Plugins/Interchange/Assets/Content/gltf/MaterialInstances/MI_Sheen_Opaque_DS.uasset, MMORPG-WindowsClient, 112197632, 72656896, 20283, 5094, 0xea01cf8f334301f96563df349477409f86e1ccdd, ExportBundleData, , MMORPG, WindowsClient, Base, Installed, 0, 72656896
792, 3f70b8238fb7a04b00000009, 0x4BA0B78F23B8703F, , <ShaderCode>, MMORPG-WindowsClient, 112263168, 72663040, 56014, 56014, 0x2b40021134f6be1296e0618db761dbd68b342971, ShaderCode, , MMORPG, WindowsClient, Base, Installed, 0, 72663040
793, 10eef37b27b442cc00000001, 0xCC42B4277BF3EE10, , ../../../Engine/Plugins/Interchange/Assets/Content/gltf/MaterialInstances/MI_Sheen_Mask_DS.uasset, MMORPG-WindowsClient, 112328704, 72720384, 28962, 6563, 0x5ee7298a1e4b5a69b41bdccf15b2b23354679c7b, ExportBundleData, , MMORPG, WindowsClient, Base, Installed, 0, 72720384
794, 58f8db3b56b799d300000009, 0xD399B7563BDBF858, , <ShaderCode>, MMORPG-WindowsClient, 112394240, 72728576, 55894, 55894, 0x26fe609ac4f191fe877d31abf50b3c3b81cbe766, ShaderCode, , MMORPG, WindowsClient, Base, Installed, 0, 72728576
795, 35beff3331d540eb00000001, 0xEB40D53133FFBE35, , ../../../Engine/Plugins/Interchange/Assets/Content/gltf/MaterialInstances/MI_Sheen_Blend_DS.uasset, MMORPG-WindowsClient, 112459776, 72785920, 24408, 5698, 0x51d3b517361321656e90b7c2ed89b5fda1526563, ExportBundleData, , MMORPG, WindowsClient, Base, Installed, 0, 72785920
796, 8e76a1dea2b6e57300000009, 0x73E5B6A2DEA1768E, , <ShaderCode>, MMORPG-WindowsClient, 112525312, 72792064, 87889, 87889, 0xf09daff5b51b042c5148745ce8bdcaf90a9ddc89, ShaderCode, , MMORPG, WindowsClient, Base, Installed, 0, 72792064
797, 168b5ba40fc9e30b00000001, 0xBE3C90FA45B8B16, , ../../../Engine/Plugins/Interchange/Assets/Content/gltf/MaterialInstances/MI_ClearCoat_Opaque.uasset, MMORPG-WindowsClient, 112656384, 72880128, 627, 627, 0xf7d7d9d97e98819677be0313bee26609100048d2, ExportBundleData, , MMORPG, WindowsClient, Base, Installed, 0, 72880128
798, 01e4af36b2fbbd6000000001, 0x60BDFBB236AFE401, , ../../../Engine/Plugins/Interchange/Assets/Content/gltf/MaterialInstances/MI_ClearCoat_Opaque_DS.uasset, MMORPG-WindowsClient, 112721920, 72882176, 23323, 5624, 0xd5d4c1237cbaf98f7955214e8807ea794e03f1d3, ExportBundleData, , MMORPG, WindowsClient, Base, Installed, 0, 72882176
799, bbc0cb9e5b4f675f00000009, 0x5F674F5B9ECBC0BB, , <ShaderCode>, MMORPG-WindowsClient, 112787456, 72888320, 57449, 57449, 0x5963e927d8dc5da478310e95ecdb08f0ef927fc1, ShaderCode, , MMORPG, WindowsClient, Base, Installed, 0, 72888320
800, 723a91b57d97dfd400000001, 0xD4DF977DB5913A72, , ../../../Engine/Plugins/Interchange/Assets/Content/gltf/MaterialInstances/MI_ClearCoat_Blend_DS.uasset, MMORPG-WindowsClient, 112852992, 72947712, 26128, 6017, 0x533ba41e548540c3a1deafec63359dc74e133c2e, ExportBundleData, , MMORPG, WindowsClient, Base, Installed, 0, 72947712
801, 3295bb6e14ef90fc00000009, 0xFC90EF146EBB9532, , <ShaderCode>, MMORPG-WindowsClient, 112918528, 72953856, 83584, 83584, 0x856c322117498921af3f19980bbb628e9fc25d8d, ShaderCode, , MMORPG, WindowsClient, Base, Installed, 0, 72953856
802, c273057e654795e000000001, 0xE09547657E0573C2, , ../../../Engine/Plugins/Interchange/Assets/Content/gltf/MaterialInstances/MI_ClearCoat_Mask.uasset, MMORPG-WindowsClient, 113049600, 73037824, 32024, 7069, 0xafda4b73fb33f8064b5dbc1740763432aafd250d, ExportBundleData, , MMORPG, WindowsClient, Base, Installed, 0, 73037824
803, 0e8e85e57457fb6800000009, 0x68FB5774E5858E0E, , <ShaderCode>, MMORPG-WindowsClient, 113115136, 73046016, 56350, 56350, 0xfb5bfc2cd1da1f2544a1a8027a2d89e138bf86d3, ShaderCode, , MMORPG, WindowsClient, Base, Installed, 0, 73046016
804, 35349abbcf0e973900000001, 0x39970ECFBB9A3435, , ../../../Engine/Plugins/Interchange/Assets/Content/gltf/MaterialInstances/MI_Default_Mask.uasset, MMORPG-WindowsClient, 113180672, 73103360, 29686, 6645, 0x4ce679e465cfafd7f9deb72f5d4a17c26667ae90, ExportBundleData, , MMORPG, WindowsClient, Base, Installed, 0, 73103360
805, 8499b9cef92b5d2700000009, 0x275D2BF9CEB99984, , <ShaderCode>, MMORPG-WindowsClient, 113246208, 73111552, 11600, 11600, 0x1041e26fd8d32812ea83afc654eacbe3c1902811, ShaderCode, , MMORPG, WindowsClient, Base, Installed, 0, 73111552
806, f12c5e65ef0dfd3d00000001, 0x3DFD0DEF655E2CF1, , ../../../Engine/Plugins/Interchange/Assets/Content/gltf/MaterialInstances/MI_SpecularGlossiness_Blend.uasset, MMORPG-WindowsClient, 113311744, 73123840, 19074, 4626, 0x265282aa754f16428fc63d69d9e3f0b07cff0583, ExportBundleData, , MMORPG, WindowsClient, Base, Installed, 0, 73123840
807, ede896a0b0089d4600000009, 0x469D08B0A096E8ED, , <ShaderCode>, MMORPG-WindowsClient, 113377280, 73129984, 125187, 125187, 0x3c009f322152e95299bd2058ae38dad92691d8b1, ShaderCode, , MMORPG, WindowsClient, Base, Installed, 0, 73129984
808, 4813f4dca0a024b700000001, 0xB724A0A0DCF41348, , ../../../Engine/Plugins/Interchange/Assets/Content/gltf/MaterialInstances/MI_SpecularGlossiness_Opaque.uasset, MMORPG-WindowsClient, 113508352, 73255184, 659, 659, 0x4eb72efdc7634090c335c93771cce3e4a37596ed, ExportBundleData, , MMORPG, WindowsClient, Base, Installed, 0, 73255184
809, c8c59c2edb8ba3c600000001, 0xC6A38BDB2E9CC5C8, , ../../../Engine/Plugins/Interchange/Assets/Content/gltf/MaterialInstances/MI_SpecularGlossiness_Opaque_DS.uasset, MMORPG-WindowsClient, 113573888, 73256960, 16343, 4322, 0xfa6b9a1f305e06ad18dc704ae2d8621262c841e7, ExportBundleData, , MMORPG, WindowsClient, Base, Installed, 0, 73256960
810, 02395bb8aba9096900000009, 0x6909A9ABB85B3902, , <ShaderCode>, MMORPG-WindowsClient, 113639424, 73263104, 41743, 41743, 0x9086ab1d70f4a9f720c7f60543d4879bdd12fcf2, ShaderCode, , MMORPG, WindowsClient, Base, Installed, 0, 73263104
811, 66e6555d7886a5c800000001, 0xC8A586785D55E666, , ../../../Engine/Plugins/Interchange/Assets/Content/gltf/MaterialInstances/MI_SpecularGlossiness_Mask_DS.uasset, MMORPG-WindowsClient, 113704960, 73306112, 25044, 5830, 0x27cd455892510e8dc1828a60dbcd330e724f30d9, ExportBundleData, , MMORPG, WindowsClient, Base, Installed, 0, 73306112
812, c2aecf1836e7355200000009, 0x5235E73618CFAEC2, , <ShaderCode>, MMORPG-WindowsClient, 113770496, 73312256, 42494, 42494, 0xdff47d439c5d0c512b23da34903b4beb8a1f845b, ShaderCode, , MMORPG, WindowsClient, Base, Installed, 0, 73312256
813, 045afd34368656d300000001, 0xD356863634FD5A04, , ../../../Engine/Plugins/Interchange/Assets/Content/gltf/MaterialInstances/MI_SpecularGlossiness_Mask.uasset, MMORPG-WindowsClient, 113836032, 73355264, 25038, 5818, 0x77e06d8d72bbb2a58e4bfe1c3532db58e268a276, ExportBundleData, , MMORPG, WindowsClient, Base, Installed, 0, 73355264
814, 860690788e5352c200000009, 0xC252538E78900686, , <ShaderCode>, MMORPG-WindowsClient, 113901568, 73361408, 40909, 40909, 0x96f4fdc35819886b88eab650d38b9556fa330e11, ShaderCode, , MMORPG, WindowsClient, Base, Installed, 0, 73361408
815, 485a0d04a9259ab900000001, 0xB99A25A9040D5A48, , ../../../Engine/Plugins/Interchange/Assets/Content/gltf/MaterialInstances/MI_Default_Blend.uasset, MMORPG-WindowsClient, 113967104, 73402368, 22374, 5290, 0xbeae955f088241792cd43078da09181188044935, ExportBundleData, , MMORPG, WindowsClient, Base, Installed, 0, 73402368
816, 7b9e18d1d4d04bb600000009, 0xB64BD0D4D1189E7B, , <ShaderCode>, MMORPG-WindowsClient, 114032640, 73408512, 146317, 146317, 0x523b83c05d69dcb6a40a5e345f598976b00c9376, ShaderCode, , MMORPG, WindowsClient, Base, Installed, 0, 73408512
817, 1846d0727a6a88c500000001, 0xC5886A7A72D04618, , ../../../Engine/Plugins/Interchange/Assets/Content/gltf/MaterialInstances/MI_Default_Blend_DS.uasset, MMORPG-WindowsClient, 114229248, 73555968, 23910, 5609, 0x47b0ace6fde0e9af4460a91c75744e928609e949, ExportBundleData, , MMORPG, WindowsClient, Base, Installed, 0, 73555968
818, 7810a27b2c7b821c00000009, 0x1C827B2C7BA21078, , <ShaderCode>, MMORPG-WindowsClient, 114294784, 73562112, 147629, 147629, 0xd3941d87a00351cbace9f6bed0fddcded8f8d4e2, ShaderCode, , MMORPG, WindowsClient, Base, Installed, 0, 73562112
819, c489bc0f823bbdcd00000001, 0xCDBD3B820FBC89C4, , ../../../Engine/Plugins/Interchange/Assets/Content/gltf/MaterialInstances/MI_Default_Opaque.uasset, MMORPG-WindowsClient, 114491392, 73709744, 624, 624, 0x666e484be238670e7a6360c36391200f94c5b388, ExportBundleData, , MMORPG, WindowsClient, Base, Installed, 0, 73709744
820, 315029b2c43481d900000001, 0xD98134C4B2295031, , ../../../Engine/Plugins/Interchange/Assets/Content/gltf/MaterialInstances/MI_Transmission.uasset, MMORPG-WindowsClient, 114556928, 73710368, 623, 623, 0x9387c3c802b33a1e846658be05a5daa1529e892f, ExportBundleData, , MMORPG, WindowsClient, Base, Installed, 0, 73710368
821, 7831f57ced25880600000001, 0x68825ED7CF53178, /Engine/VREditor/Sounds/UI/Selection_Changes, ../../../Engine/Content/VREditor/Sounds/UI/Selection_Changes.uasset, MMORPG-WindowsClient, 114622464, 73710992, 518, 518, 0xccf9637d15975871f0d7b4561c670b7691fc70a3, ExportBundleData, , MMORPG, WindowsClient, Base, Installed, 0, 73710992
822, 200cd3dc0f3f673a00000001, 0x3A673F0FDCD30C20, /Engine/VREditor/LaserPointer/VR_LaserPower_01, ../../../Engine/Content/VREditor/LaserPointer/VR_LaserPower_01.uasset, MMORPG-WindowsClient, 114688000, 73711616, 3686, 2916, 0xeb7c9af88ec1921181e88d687f6606349f62af56, ExportBundleData, , MMORPG, WindowsClient, Base, Installed, 0, 73711616
823, 51f4a9204ba994c500000001, 0xC594A94B20A9F451, /Engine/VREditor/TransformGizmo/TransformGizmoMaterial, ../../../Engine/Content/VREditor/TransformGizmo/TransformGizmoMaterial.uasset, MMORPG-WindowsClient, 114753536, 73715712, 4262, 1755, 0xe95608edd0732ca59674a11866222a02589e478a, ExportBundleData, , MMORPG, WindowsClient, Base, Installed, 0, 73715712
824, 54fae8664ecca76b00000009, 0x6BA7CC4E66E8FA54, , <ShaderCode>, MMORPG-WindowsClient, 114819072, 73717760, 9223, 9223, 0x806911cfb2d404883504b3806613c02888091bd5, ShaderCode, , MMORPG, WindowsClient, Base, Installed, 0, 73717760
825, 4ef41df4805aa80600000001, 0x6A85A80F41DF44E, /Engine/VREditor/TransformGizmo/TransformGizmoMaterial_Inst, ../../../Engine/Content/VREditor/TransformGizmo/TransformGizmoMaterial_Inst.uasset, MMORPG-WindowsClient, 114884608, 73726992, 542, 542, 0x44329d344615c076f1e2615d76b8ae49a8d413ed, ExportBundleData, , MMORPG, WindowsClient, Base, Installed, 0, 73726992
826, f267c7830989284200000001, 0x4228890983C767F2, /Engine/VREditor/TransformGizmo/TranslucentTransformGizmoMaterial, ../../../Engine/Content/VREditor/TransformGizmo/TranslucentTransformGizmoMaterial.uasset, MMORPG-WindowsClient, 114950144, 73728000, 5085, 1973, 0xa7567ac5fee19ba5e1c9f80fe442657940a8eea1, ExportBundleData, , MMORPG, WindowsClient, Base, Installed, 0, 73728000
827, fdf339263a1ceb3e00000009, 0x3EEB1C3A2639F3FD, , <ShaderCode>, MMORPG-WindowsClient, 115015680, 73730048, 9707, 9707, 0x1e5427f54f7a1e68f6e4f6201304aed64b87fc92, ShaderCode, , MMORPG, WindowsClient, Base, Installed, 0, 73730048
828, db0f6202121af00600000001, 0x6F01A1202620FDB, /Engine/VREditor/TransformGizmo/RotationHandleQuarter, ../../../Engine/Content/VREditor/TransformGizmo/RotationHandleQuarter.uasset, MMORPG-WindowsClient, 115081216, 73740288, 35149, 6369, 0x9f21aca9dc057f58c3e10819c188353fafe880ea, ExportBundleData, , MMORPG, WindowsClient, Base, Installed, 0, 73740288
829, 768633666781f70600000001, 0x6F7816766338676, /Engine/EngineMaterials/BaseFlattenLinearColor, ../../../Engine/Content/EngineMaterials/BaseFlattenLinearColor.uasset, MMORPG-WindowsClient, 115146752, 73746672, 1460, 694, 0x61bad5939b1859934f10f699b3799cc0a7a59dba, ExportBundleData, , MMORPG, WindowsClient, Base, Installed, 0, 73746672
830, fd89c9e470e1551400000001, 0x1455E170E4C989FD, /Engine/Functions/Engine_MaterialFunctions02/SplitComponents, ../../../Engine/Content/Functions/Engine_MaterialFunctions02/SplitComponents.uasset, MMORPG-WindowsClient, 115212288, 73747376, 353, 353, 0xfa164291d347b13b024dea8b999ed6ad5bcbbaeb, ExportBundleData, , MMORPG, WindowsClient, Base, Installed, 0, 73747376
831, 311f5f53c278086200000001, 0x620878C2535F1F31, /Engine/VREditor/SnapGrid/SnapGridMaterial, ../../../Engine/Content/VREditor/SnapGrid/SnapGridMaterial.uasset, MMORPG-WindowsClient, 115277824, 73748480, 9772, 3217, 0x5ddd3a77d59e5d2966ce7e37a968aaf31199f152, ExportBundleData, , MMORPG, WindowsClient, Base, Installed, 0, 73748480
832, 6e6fdfe40660cc6f00000009, 0x6FCC6006E4DF6F6E, , <ShaderCode>, MMORPG-WindowsClient, 115343360, 73752576, 35759, 35759, 0xf89856c08803c09bba0cd9f6ede7749dbf0527f4, ShaderCode, , MMORPG, WindowsClient, Base, Installed, 0, 73752576
833, 65bf56aa68da170800000001, 0x817DA68AA56BF65, /Engine/VREditor/SnapGrid/SnapGridPlaneMesh, ../../../Engine/Content/VREditor/SnapGrid/SnapGridPlaneMesh.uasset, MMORPG-WindowsClient, 115408896, 73789440, 2822, 1187, 0x38f7313db193cb17ccb25576ba83b964f0058dae, ExportBundleData, , MMORPG, WindowsClient, Base, Installed, 0, 73789440
834, 0fcbf7e6705a3afe00000001, 0xFE3A5A70E6F7CB0F, /Engine/EngineFonts/Faces/RobotoBoldItalic, ../../../Engine/Content/EngineFonts/Faces/RobotoBoldItalic.uasset, MMORPG-WindowsClient, 115474432, 73790640, 386, 386, 0xbb7e6d33ea37b9c0a3e4dafdcbd597c85512adc2, ExportBundleData, , MMORPG, WindowsClient, Base, Installed, 0, 73790640
835, 368e94bf2073b74d00000001, 0x4DB77320BF948E36, /Engine/EngineFonts/Faces/RobotoBold, ../../../Engine/Content/EngineFonts/Faces/RobotoBold.uasset, MMORPG-WindowsClient, 115539968, 73791040, 356, 356, 0x3d0cdbfa74303752cea920fabd65bb53178a1a3c, ExportBundleData, , MMORPG, WindowsClient, Base, Installed, 0, 73791040
836, 5ba734afa75fb33c00000001, 0x3CB35FA7AF34A75B, /Engine/EngineFonts/Faces/RobotoRegular, ../../../Engine/Content/EngineFonts/Faces/RobotoRegular.uasset, MMORPG-WindowsClient, 115605504, 73791488, 367, 367, 0x949886a8dd3681fba24e96137b15e31721d026af, ExportBundleData, , MMORPG, WindowsClient, Base, Installed, 0, 73791488
837, 6ef7eb5c150af73a00000001, 0x3AF70A155CEBF76E, /Engine/EngineFonts/Faces/RobotoItalic, ../../../Engine/Content/EngineFonts/Faces/RobotoItalic.uasset, MMORPG-WindowsClient, 115671040, 73791856, 374, 374, 0xc157f98525ea8a151489550dec995768dd9efb14, ExportBundleData, , MMORPG, WindowsClient, Base, Installed, 0, 73791856
838, 0668993fb5b5811c00000001, 0x1C81B5B53F996806, /Engine/EngineFonts/Faces/RobotoLight, ../../../Engine/Content/EngineFonts/Faces/RobotoLight.uasset, MMORPG-WindowsClient, 115736576, 73792240, 358, 358, 0x240dab568121cdd0d07c2fc3f935594850e2be60, ExportBundleData, , MMORPG, WindowsClient, Base, Installed, 0, 73792240
839, a9e44eb998f07d0800000001, 0x87DF098B94EE4A9, /Engine/EngineFonts/Faces/DroidSansFallback, ../../../Engine/Content/EngineFonts/Faces/DroidSansFallback.uasset, MMORPG-WindowsClient, 115802112, 73792608, 405, 405, 0xb5e3bfa4ceaf3838acec7b4254b3edd28ec3bf79, ExportBundleData, , MMORPG, WindowsClient, Base, Installed, 0, 73792608
840, 08578f8490e5c66d00000001, 0x6DC6E590848F5708, /Engine/EngineFonts/Roboto, ../../../Engine/Content/EngineFonts/Roboto.uasset, MMORPG-WindowsClient, 115867648, 73793536, 1040, 576, 0xb1324ee2abe1140287859c424f18c104516c0d27, ExportBundleData, , MMORPG, WindowsClient, Base, Installed, 0, 73793536
841, a325708448a8980800000001, 0x898A848847025A3, , ../../../Engine/Plugins/Runtime/HairStrands/Content/Materials/HairMeshesDefaultMaterial.uasset, MMORPG-WindowsClient, 115933184, 73795584, 30364, 5650, 0x50b06f7b747faf500b116ed35a0d95d5c66de992, ExportBundleData, , MMORPG, WindowsClient, Base, Installed, 0, 73795584
842, 4c49e9e44ce8cd0900000001, 0x9CDE84CE4E9494C, , ../../../Engine/Plugins/Experimental/Water/Content/Icons/WaterLandscapeBrushSprite.uasset, MMORPG-WindowsClient, 115998720, 73801728, 6382, 2541, 0x5f75fdd00d189bf7218b31f9200d411b7292ca16, ExportBundleData, , MMORPG, WindowsClient, Base, Installed, 0, 73801728
843, ea3fffbb70984d4f00000001, 0x4F4D9870BBFF3FEA, , ../../../Engine/Plugins/Experimental/MeshModelingToolsetExp/Content/Materials/GetDisplacementVectorForDepthBias.uasset, MMORPG-WindowsClient, 116064256, 73804272, 374, 374, 0xeda67265e2b729bbc3e793e4d293ff1ac6f0e428, ExportBundleData, , MMORPG, WindowsClient, Base, Installed, 0, 73804272
844, 7952d0cbe047e14100000001, 0x41E147E0CBD05279, /Engine/Functions/Engine_MaterialFunctions02/Utility/FOV, ../../../Engine/Content/Functions/Engine_MaterialFunctions02/Utility/FOV.uasset, MMORPG-WindowsClient, 116129792, 73804656, 383, 383, 0x89950e872966357fbbec039963883f1ad5bf2080, ExportBundleData, , MMORPG, WindowsClient, Base, Installed, 0, 73804656
845, 61026eb1bb5ba70a00000001, 0xAA75BBBB16E0261, /Engine/Functions/Engine_MaterialFunctions03/Viewport/MF_OrthoWidth, ../../../Engine/Content/Functions/Engine_MaterialFunctions03/Viewport/MF_OrthoWidth.uasset, MMORPG-WindowsClient, 116195328, 73805040, 353, 353, 0xabddf96301c7afe6e7dee983ad76ec3c6bd186d2, ExportBundleData, , MMORPG, WindowsClient, Base, Installed, 0, 73805040
846, 468dc69695385ca000000001, 0xA05C389596C68D46, , ../../../Engine/Plugins/Experimental/MeshModelingToolsetExp/Content/Materials/PointSetOverlaidComponentMaterial.uasset, MMORPG-WindowsClient, 116260864, 73805824, 8801, 3305, 0xd19fe9b22c76e9ea3b54328ab5aee89ab3de2544, ExportBundleData, , MMORPG, WindowsClient, Base, Installed, 0, 73805824
847, e670fb4499005dd800000009, 0xD85D009944FB70E6, , <ShaderCode>, MMORPG-WindowsClient, 116326400, 73809920, 46323, 46323, 0xb33e1d6c0d2a509a5ec9638a87b2addaa0af2032, ShaderCode, , MMORPG, WindowsClient, Base, Installed, 0, 73809920
848, 2ce1c84c52fe4ec100000001, 0xC14EFE524CC8E12C, /Engine/Functions/Engine_MaterialFunctions02/Math/ProjectVectorOntoPlane, ../../../Engine/Content/Functions/Engine_MaterialFunctions02/Math/ProjectVectorOntoPlane.uasset, MMORPG-WindowsClient, 116391936, 73856256, 460, 460, 0x5f5f5c4370c70492fefbd2094e9241bd8ae7b4e5, ExportBundleData, , MMORPG, WindowsClient, Base, Installed, 0, 73856256
849, b2e55f36209c19b000000001, 0xB0199C20365FE5B2, /Engine/Functions/Engine_MaterialFunctions02/SafeNormalize, ../../../Engine/Content/Functions/Engine_MaterialFunctions02/SafeNormalize.uasset, MMORPG-WindowsClient, 116457472, 73857024, 561, 561, 0xcccd508c4694db17c3a6765cefbbcb05c5922797, ExportBundleData, , MMORPG, WindowsClient, Base, Installed, 0, 73857024
850, 1f7bcccc1dc302aa00000001, 0xAA02C31DCCCC7B1F, , ../../../Engine/Plugins/Experimental/MeshModelingToolsetExp/Content/Materials/LineSetOverlaidComponentMaterial.uasset, MMORPG-WindowsClient, 116523008, 73859072, 8832, 3317, 0x53c6b70d4125320e0085bcd8f05974bbf54a890d, ExportBundleData, , MMORPG, WindowsClient, Base, Installed, 0, 73859072
851, 08798e07cde4188e00000009, 0x8E18E4CD078E7908, , <ShaderCode>, MMORPG-WindowsClient, 116588544, 73863168, 51147, 51147, 0x34c357a72f735989be2a59f26537fd74ce584a5c, ShaderCode, , MMORPG, WindowsClient, Base, Installed, 0, 73863168
852, 7d129f2ecdbade0a00000001, 0xADEBACD2E9F127D, , ../../../Engine/Plugins/Animation/ControlRig/Content/Controls/ControlRig_RoundedSquare_1mm.uasset, MMORPG-WindowsClient, 116654080, 73914368, 54993, 13236, 0x7e2c9a97160517a7ee42f12c1da874fe11a085dd, ExportBundleData, , MMORPG, WindowsClient, Base, Installed, 0, 73914368
853, 7539f12095a3f0d100000001, 0xD1F0A39520F13975, /Engine/EngineMaterials/DefaultDiffuse, ../../../Engine/Content/EngineMaterials/DefaultDiffuse.uasset, MMORPG-WindowsClient, 116719616, 73928704, 3726, 2378, 0x81d58e0e0cc25af75edc5cca304aa0a904761900, ExportBundleData, , MMORPG, WindowsClient, Base, Installed, 0, 73928704
854, 6c3a98c4aa151a5300000001, 0x531A15AAC4983A6C, /Engine/EngineMaterials/DefaultPostProcessMaterial, ../../../Engine/Content/EngineMaterials/DefaultPostProcessMaterial.uasset, MMORPG-WindowsClient, 116785152, 73932800, 13459, 3268, 0x6bab58ef7158425fb7b91466ed5a7623269af1d6, ExportBundleData, , MMORPG, WindowsClient, Base, Installed, 0, 73932800
855, 1407c0c3ac0d3bc600000009, 0xC63B0DACC3C00714, , <ShaderCode>, MMORPG-WindowsClient, 116850688, 73936896, 16810, 16810, 0x01e97b3236d1e4e12228cba0c19acfde9c59c527, ShaderCode, , MMORPG, WindowsClient, Base, Installed, 0, 73936896
856, 5cea311860b94ecb00000001, 0xCB4EB9601831EA5C, /Engine/EditorResources/S_Terrain, ../../../Engine/Content/EditorResources/S_Terrain.uasset, MMORPG-WindowsClient, 116916224, 73955328, 22729, 4890, 0xc811e111f05feae86e744a2a39b5e9287a9308ea, ExportBundleData, , MMORPG, WindowsClient, Base, Installed, 0, 73955328
857, 643f440dad65869600000001, 0x968665AD0D443F64, /Engine/Functions/Engine_MaterialFunctions02/WorldPositionOffset/ComponentPivotLocation, ../../../Engine/Content/Functions/Engine_MaterialFunctions02/WorldPositionOffset/ComponentPivotLocation.uasset, MMORPG-WindowsClient, 116981760, 73960224, 444, 444, 0x3e0718879596565f02b6947ca4668f4464c6aa33, ExportBundleData, , MMORPG, WindowsClient, Base, Installed, 0, 73960224
858, 9eafb3a090ce1b2b00000001, 0x2B1BCE90A0B3AF9E, /Engine/Functions/Engine_MaterialFunctions02/WorldPositionOffset/Sprite, ../../../Engine/Content/Functions/Engine_MaterialFunctions02/WorldPositionOffset/Sprite.uasset, MMORPG-WindowsClient, 117047296, 73960672, 471, 471, 0xab8c2ecdd90aff71d78d0a290704d9d8536e60f2, ExportBundleData, , MMORPG, WindowsClient, Base, Installed, 0, 73960672
859, 2fe73fa5c3a2be9c00000001, 0x9CBEA2C3A53FE72F, , ../../../Engine/Plugins/Experimental/Landmass/Content/Landscape/BlueprintBrushes/Materials/Sprite/M_BrushSprite_01.uasset, MMORPG-WindowsClient, 117112832, 73961472, 11144, 3617, 0x2586c6124ccb64962ac0812ef1ef8d2dcef62f3d, ExportBundleData, , MMORPG, WindowsClient, Base, Installed, 0, 73961472
860, ced92fa38ddbacf600000009, 0xF6ACDB8DA32FD9CE, , <ShaderCode>, MMORPG-WindowsClient, 117178368, 73965568, 57567, 57567, 0x8ca7548aee2a2bae0e0cfb190d2f8bf7fac308ff, ShaderCode, , MMORPG, WindowsClient, Base, Installed, 0, 73965568
861, 1bd46f252a7c31e500000001, 0xE5317C2A256FD41B, , ../../../MMORPG/Content/Characters/Mannequins/Textures/Manny/T_Manny_01_BN.uasset, MMORPG-WindowsClient, 117243904, 74024960, 6494, 5697, 0x9865fca4eb1543040adc7cf8aaff170c550b9cbe, ExportBundleData, , MMORPG, WindowsClient, Base, Installed, 0, 74024960
862, 3cb0431e18cb83db00000001, 0xDB83CB181E43B03C, /Engine/Animation/DefaultRecorderBoneCompression, ../../../Engine/Content/Animation/DefaultRecorderBoneCompression.uasset, MMORPG-WindowsClient, 117309440, 74031104, 520, 520, 0xb9b821e13746babeada491b103abab46cf61edcd, ExportBundleData, , MMORPG, WindowsClient, Base, Installed, 0, 74031104
863, e786ac693542bdc000000001, 0xC0BD423569AC86E7, /Engine/Functions/Engine_MaterialFunctions01/Texturing/ScaleUVsByCenter, ../../../Engine/Content/Functions/Engine_MaterialFunctions01/Texturing/ScaleUVsByCenter.uasset, MMORPG-WindowsClient, 117374976, 74031632, 361, 361, 0x203d996c4bee109b3c952f837bc99e65efd73d80, ExportBundleData, , MMORPG, WindowsClient, Base, Installed, 0, 74031632
864, 99197757e13fd1b600000001, 0xB6D13FE157771999, , ../../../MMORPG/Content/Characters/MMO/ALI_MMOCharacter.uasset, MMORPG-WindowsClient, 117440512, 74032000, 941, 941, 0xda7972befd892434cab3e27dc22a2a9de76df0df, ExportBundleData, , MMORPG, WindowsClient, Base, Installed, 0, 74032000
865, b958e3c9d99b419d00000001, 0x9D419BD9C9E358B9, , ../../../MMORPG/Content/Characters/Mannequins/Textures/Manny/T_Manny_02_MRA.uasset, MMORPG-WindowsClient, 117506048, 74033152, 3729, 2853, 0xcba9c0cf489c77c493324413c9b8af9001445eb5, ExportBundleData, , MMORPG, WindowsClient, Base, Installed, 0, 74033152
866, efe65bae7554039800000001, 0x98035475AE5BE6EF, /Engine/Animation/DefaultVariableFrameStrippingSettings, ../../../Engine/Content/Animation/DefaultVariableFrameStrippingSettings.uasset, MMORPG-WindowsClient, 117571584, 74036016, 350, 350, 0x985fa09bd1b8ce0b6c9112ced1cdeec8c4a00ac2, ExportBundleData, , MMORPG, WindowsClient, Base, Installed, 0, 74036016
867, 620388081e70557300000001, 0x7355701E08880362, , ../../../Engine/Plugins/Animation/ACLPlugin/Content/ACLAnimCurveCompressionSettings.uasset, MMORPG-WindowsClient, 117637120, 74036368, 516, 516, 0xf95200184e1dec92459de579353fba81f285a6cb, ExportBundleData, , MMORPG, WindowsClient, Base, Installed, 0, 74036368
868, 8dc57b625b9b987100000001, 0x71989B5B627BC58D, , ../../../MMORPG/Content/Characters/Mannequins/Textures/Manny/T_Manny_01_MRA.uasset, MMORPG-WindowsClient, 117702656, 74037248, 3748, 2631, 0x708cc654b699cc62343a651f24826b8e8d8dbbde, ExportBundleData, , MMORPG, WindowsClient, Base, Installed, 0, 74037248
869, 000eb6ac2e75d86b00000001, 0x6BD8752EACB60E00, , ../../../MMORPG/Content/Characters/Mannequins/Textures/Manny/T_Manny_02_BN.uasset, MMORPG-WindowsClient, 117768192, 74041344, 6494, 5741, 0xb7579e710a49f1ad0361c50a5bd6727441b7cd8b, ExportBundleData, , MMORPG, WindowsClient, Base, Installed, 0, 74041344
870, 15dc988210f4f86700000001, 0x67F8F4108298DC15, , ../../../MMORPG/Content/Characters/Mannequins/Textures/Manny/T_Manny_02_D.uasset, MMORPG-WindowsClient, 117833728, 74047488, 3745, 2910, 0x703cb1a44c532dc846d39c8e2130f97c4461c51b, ExportBundleData, , MMORPG, WindowsClient, Base, Installed, 0, 74047488
871, fd3456639b15286700000001, 0x6728159B635634FD, /Engine/Animation/DefaultAnimCurveCompressionSettings, ../../../Engine/Content/Animation/DefaultAnimCurveCompressionSettings.uasset, MMORPG-WindowsClient, 117899264, 74050400, 516, 516, 0xeda7bfd669cb1f1a88283e56349aa7a58215433f, ExportBundleData, , MMORPG, WindowsClient, Base, Installed, 0, 74050400
872, 9e86c40780915c5c00000001, 0x5C5C918007C4869E, , ../../../MMORPG/Content/Characters/Mannequins/Rigs/PA_Mannequin.uasset, MMORPG-WindowsClient, 117964800, 74051584, 28812, 5014, 0x950410064b69c57d96fd281f904caa3cb97b64de, ExportBundleData, , MMORPG, WindowsClient, Base, Installed, 0, 74051584
873, ac89e33c10df405300000001, 0x5340DF103CE389AC, , ../../../MMORPG/Content/Characters/Mannequins/Meshes/SK_Mannequin.uasset, MMORPG-WindowsClient, 118030336, 74057728, 58894, 14391, 0x4a6776f13e91aa9e7e84e5d44f23250e734266d0, ExportBundleData, , MMORPG, WindowsClient, Base, Installed, 0, 74057728
874, 3f6462a1ad5ae3f200000001, 0xF2E35AADA162643F, , ../../../MMORPG/Content/Characters/Mannequins/Anims/Unarmed/Jog/MF_Unarmed_Jog_Bwd_Left.uasset, MMORPG-WindowsClient, 118095872, 74074112, 51665, 37053, 0x88f7e9f2440e1329bf7b96012ec98dee3fa017dd, ExportBundleData, , MMORPG, WindowsClient, Base, Installed, 0, 74074112
875, 1892713e73f0e3ad00000001, 0xADE3F0733E719218, , ../../../MMORPG/Content/Characters/Mannequins/Anims/Unarmed/Walk/MF_Unarmed_Walk_Bwd_Left.uasset, MMORPG-WindowsClient, 118161408, 74113024, 68022, 49056, 0xbf88e9af19e54e3622bf6e74304a263f1403157c, ExportBundleData, , MMORPG, WindowsClient, Base, Installed, 0, 74113024
876, ff0569e29641309500000001, 0x95304196E26905FF, , ../../../MMORPG/Content/Characters/Mannequins/Anims/Unarmed/Jog/MF_Unarmed_Jog_Fwd_Right.uasset, MMORPG-WindowsClient, 118292480, 74162176, 57905, 40236, 0x32c282ec8c153d132250fe18bc7d45b3a40bb3af, ExportBundleData, , MMORPG, WindowsClient, Base, Installed, 0, 74162176
877, 1837c44ce64e428900000001, 0x89424EE64CC43718, , ../../../MMORPG/Content/Characters/Mannequins/Anims/Unarmed/Jog/MF_Unarmed_Jog_Fwd_Left.uasset, MMORPG-WindowsClient, 118358016, 74203136, 57905, 40203, 0xc401631a217870ae3ab13e2bf9c8bc6447638a5b, ExportBundleData, , MMORPG, WindowsClient, Base, Installed, 0, 74203136
878, 67a66636efb1ad6600000001, 0x66ADB1EF3666A667, , ../../../MMORPG/Content/Characters/Mannequins/Anims/Unarmed/Jog/MF_Unarmed_Jog_Bwd_Right.uasset, MMORPG-WindowsClient, 118423552, 74244096, 51665, 35424, 0x07d402171e4308fd34e645a3ee03c756930a92c8, ExportBundleData, , MMORPG, WindowsClient, Base, Installed, 0, 74244096
879, 76d228b31734b36400000001, 0x64B33417B328D276, , ../../../MMORPG/Content/Characters/Mannequins/Anims/Unarmed/Walk/MF_Unarmed_Walk_Fwd_Right.uasset, MMORPG-WindowsClient, 118489088, 74280960, 51646, 34648, 0xfeefd7b31eb4da1b6a2a2208626324d32cfcdce0, ExportBundleData, , MMORPG, WindowsClient, Base, Installed, 0, 74280960
880, 76414a1d577db14f00000001, 0x4FB17D571D4A4176, , ../../../MMORPG/Content/Characters/Mannequins/Textures/Shared/T_UE_Logo_M.uasset, MMORPG-WindowsClient, 118554624, 74315776, 1399101, 39825, 0xde6cc939c757f904e93e6563b64b82dd76f9156b, ExportBundleData, , MMORPG, WindowsClient, Base, Installed, 0, 74315776
881, 8493562f6a88814c00000001, 0x4C81886A2F569384, , ../../../MMORPG/Content/Characters/Mannequins/Anims/Unarmed/Walk/MF_Unarmed_Walk_Fwd_Left.uasset, MMORPG-WindowsClient, 119996416, 74356736, 51638, 34396, 0xdbaead6b31c2cf98367fc4794c9e5dd81af91a68, ExportBundleData, , MMORPG, WindowsClient, Base, Installed, 0, 74356736
882, 19aece732b01cd4000000001, 0x40CD012B73CEAE19, /Engine/Animation/DefaultAnimBoneCompressionSettings, ../../../Engine/Content/Animation/DefaultAnimBoneCompressionSettings.uasset, MMORPG-WindowsClient, 120061952, 74391552, 2293, 944, 0xf90a2ab73188a000f39b55fc2856e26079245c94, ExportBundleData, , MMORPG, WindowsClient, Base, Installed, 0, 74391552
883, 42b2b0976dba76f700000001, 0xF776BA6D97B0B242, , ../../../MMORPG/Content/Characters/Mannequins/Anims/Unarmed/MM_Idle.uasset, MMORPG-WindowsClient, 120127488, 74393600, 86062, 56663, 0x3aae86d9c740304bbccff23229b5a4b19b2eb83d, ExportBundleData, , MMORPG, WindowsClient, Base, Installed, 0, 74393600
884, 89f832c7288717cd00000001, 0xCD178728C732F889, , ../../../MMORPG/Content/Characters/Mannequins/Anims/Unarmed/Jog/MF_Unarmed_Jog_Right.uasset, MMORPG-WindowsClient, 120258560, 74450944, 42477, 26947, 0x1b290b86cdb79b80c7c50688e2a9b297f716fe8e, ExportBundleData, , MMORPG, WindowsClient, Base, Installed, 0, 74450944
885, 11925ef3a86a8fbb00000001, 0xBB8F6AA8F35E9211, , ../../../MMORPG/Content/Characters/Mannequins/Anims/Unarmed/Jog/MF_Unarmed_Jog_Fwd.uasset, MMORPG-WindowsClient, 120324096, 74479616, 43545, 27782, 0x91d1249df13544ac7ea777e923f844c629f240be, ExportBundleData, , MMORPG, WindowsClient, Base, Installed, 0, 74479616
886, 52295f684d6aa7ac00000001, 0xACA76A4D685F2952, , ../../../MMORPG/Content/Characters/Mannequins/Anims/Unarmed/Jog/MF_Unarmed_Jog_Left.uasset, MMORPG-WindowsClient, 120389632, 74508288, 39549, 24361, 0x7b6ade8755682cf697cafe317d0c41e8b39b614c, ExportBundleData, , MMORPG, WindowsClient, Base, Installed, 0, 74508288
887, ce792d6be0d9b17100000001, 0x71B1D9E06B2D79CE, , ../../../MMORPG/Content/Characters/Mannequins/Anims/Unarmed/Jump/MM_Fall_Loop.uasset, MMORPG-WindowsClient, 120455168, 74532864, 43973, 33818, 0x6d8656d540c1e1b79446e6f68ab69f99378f70cb, ExportBundleData, , MMORPG, WindowsClient, Base, Installed, 0, 74532864
888, d1ad256e024d224b00000001, 0x4B224D026E25ADD1, , ../../../MMORPG/Content/Characters/Mannequins/Anims/Unarmed/Walk/MF_Unarmed_Walk_Left.uasset, MMORPG-WindowsClient, 120520704, 74567680, 39710, 24667, 0xca38b2cc4b2d7d9aaebe5a4c9c613584258d9246, ExportBundleData, , MMORPG, WindowsClient, Base, Installed, 0, 74567680
889, 75ff5c92bd119a4400000001, 0x449A11BD925CFF75, , ../../../MMORPG/Content/Characters/Mannequins/Anims/Unarmed/Jog/MF_Unarmed_Jog_Bwd.uasset, MMORPG-WindowsClient, 120586240, 74594304, 39473, 24421, 0x2ec612250e7cc2fbe6f9077fd8219a9114053eef, ExportBundleData, , MMORPG, WindowsClient, Base, Installed, 0, 74594304
890, 531621b603f13a4200000001, 0x423AF103B6211653, , ../../../MMORPG/Content/Characters/Mannequins/Anims/Unarmed/Walk/MF_Unarmed_Walk_Right.uasset, MMORPG-WindowsClient, 120651776, 74618880, 40194, 24610, 0x3a922ea197e0baf66ff555cc223fb1b59e487dd0, ExportBundleData, , MMORPG, WindowsClient, Base, Installed, 0, 74618880
891, 915fedc4a2d8a43f00000001, 0x3FA4D8A2C4ED5F91, , ../../../MMORPG/Content/Characters/Mannequins/Anims/Unarmed/Walk/MF_Unarmed_Walk_Bwd.uasset, MMORPG-WindowsClient, 120717312, 74645504, 48394, 32120, 0xb43c1cd98b74bab4546023af00a48f0287ff49c9, ExportBundleData, , MMORPG, WindowsClient, Base, Installed, 0, 74645504
892, 20c28f7dcf61a12200000001, 0x22A161CF7D8FC220, , ../../../MMORPG/Content/Characters/Mannequins/Anims/Unarmed/Walk/MF_Unarmed_Walk_Bwd_Right.uasset, MMORPG-WindowsClient, 120782848, 74678272, 68030, 49055, 0xecaf2352879da1a7a57477d0980fa36c5d1420d7, ExportBundleData, , MMORPG, WindowsClient, Base, Installed, 0, 74678272
893, 3d85e2a62071581500000001, 0x15587120A6E2853D, , ../../../MMORPG/Content/Characters/Mannequins/Textures/Manny/T_Manny_01_D.uasset, MMORPG-WindowsClient, 120913920, 74727424, 3745, 2653, 0x76657769b420c3da4ce8624d4e78fdfa635dcded, ExportBundleData, , MMORPG, WindowsClient, Base, Installed, 0, 74727424
894, cabb27b32cdec31400000001, 0x14C3DE2CB327BBCA, , ../../../MMORPG/Content/Characters/Mannequins/Anims/Unarmed/Walk/MF_Unarmed_Walk_Fwd.uasset, MMORPG-WindowsClient, 120979456, 74731520, 39162, 23405, 0x5d0c73a8f5fb49093134251b5933cf30fef0bc34, ExportBundleData, , MMORPG, WindowsClient, Base, Installed, 0, 74731520
895, 5bec4829fe93a3e200000001, 0xE2A393FE2948EC5B, , ../../../MMORPG/Content/Characters/Mannequins/Anims/Unarmed/BS_Idle_Walk_Run.uasset, MMORPG-WindowsClient, 121044992, 74756096, 8816, 1960, 0xd1eb959fb1684af01cd25e864a89ff174e46c354, ExportBundleData, , MMORPG, WindowsClient, Base, Installed, 0, 74756096
896, 21c50238442b1ce200000001, 0xE21C2B443802C521, , ../../../MMORPG/Content/Characters/MMO/ABP_MMOUnarmed.uasset, MMORPG-WindowsClient, 121110528, 74758144, 8702, 3338, 0xbb09b10f3b6cba228ab5f63e1446375efd26a347, ExportBundleData, , MMORPG, WindowsClient, Base, Installed, 0, 74758144
897, b47ae2aac07a1a7c00000001, 0x7C1A7AC0AAE27AB4, , ../../../MMORPG/Content/Characters/MMO/ABP_MMOCharacter.uasset, MMORPG-WindowsClient, 121176064, 74762240, 10086, 3769, 0xebd6020da7801ebf3989289d9682243ed0f1dcb4, ExportBundleData, , MMORPG, WindowsClient, Base, Installed, 0, 74762240
898, 0fe77467488343e300000001, 0xE34383486774E70F, , ../../../MMORPG/Content/Characters/Mannequins/Materials/M_Mannequin.uasset, MMORPG-WindowsClient, 121241600, 74766336, 23603, 5786, 0x6486c74f068295b170cdeecee9ec8877c7183585, ExportBundleData, , MMORPG, WindowsClient, Base, Installed, 0, 74766336
899, d69fb2293185ac9100000009, 0x91AC853129B29FD6, , <ShaderCode>, MMORPG-WindowsClient, 121307136, 74772480, 43768, 43768, 0x61a3f6d8de4ecf4f94d0158116663aa47672904a, ShaderCode, , MMORPG, WindowsClient, Base, Installed, 0, 74772480
900, d19e1a66285a310e00000001, 0xE315A28661A9ED1, , ../../../MMORPG/Content/Characters/Mannequins/Materials/Manny/MI_Manny_01_New.uasset, MMORPG-WindowsClient, 121372672, 74816256, 1309, 834, 0x8ca7b60ddd9a7581b27b6bbaa18feefea907d830, ExportBundleData, , MMORPG, WindowsClient, Base, Installed, 0, 74816256
901, 2d7139e4528985f600000001, 0xF6858952E439712D, , ../../../MMORPG/Content/Characters/Mannequins/Materials/Manny/MI_Manny_02_New.uasset, MMORPG-WindowsClient, 121438208, 74817536, 23257, 5735, 0x5f373172bd893ac0cfcb030f40c342fc4fbbc003, ExportBundleData, , MMORPG, WindowsClient, Base, Installed, 0, 74817536
902, ee1c057cc283f91400000009, 0x14F983C27C051CEE, , <ShaderCode>, MMORPG-WindowsClient, 121503744, 74823680, 45445, 45445, 0x392913ed1b47ad29afafbf20c7f476d2a3bf1ec2, ShaderCode, , MMORPG, WindowsClient, Base, Installed, 0, 74823680
903, e58bc1d59dac41b600000001, 0xB641AC9DD5C18BE5, , ../../../MMORPG/Content/Characters/Mannequins/Meshes/SKM_Manny_Simple.uasset, MMORPG-WindowsClient, 121569280, 74870784, 3594341, 1824132, 0x7cde91501c4a3bc3eb63ad28bfcae668322e7cc0, ExportBundleData, , MMORPG, WindowsClient, Base, Installed, 0, 74870784
904, 7493591a68c590e300000001, 0xE390C5681A599374, , ../../../MMORPG/Content/Tutorial/BP_MMOCharacter.uasset, MMORPG-WindowsClient, 125173760, 76695552, 2732, 1415, 0x747c8c078f84a7cb1365987a9471e116730bbeba, ExportBundleData, , MMORPG, WindowsClient, Base, Installed, 0, 76695552
905, fe1884f0cf6fd76100000001, 0x61D76FCFF08418FE, /Engine/Functions/Engine_MaterialFunctions02/WorldPositionOffset/LocalPosition, ../../../Engine/Content/Functions/Engine_MaterialFunctions02/WorldPositionOffset/LocalPosition.uasset, MMORPG-WindowsClient, 125239296, 76696976, 471, 471, 0xc5f93c28f4d74151f8171d9f253323c3510db493, ExportBundleData, , MMORPG, WindowsClient, Base, Installed, 0, 76696976
906, 9099dc500189bf5500000001, 0x55BF890150DC9990, /Engine/Functions/Engine_MaterialFunctions01/Debug/DebugIntValues, ../../../Engine/Content/Functions/Engine_MaterialFunctions01/Debug/DebugIntValues.uasset, MMORPG-WindowsClient, 125304832, 76697600, 448, 448, 0x8b131c9bef93904acced82fa6e0e39ad08228c8d, ExportBundleData, , MMORPG, WindowsClient, Base, Installed, 0, 76697600
907, c77b738cd71e934b00000001, 0x4B931ED78C737BC7, /Engine/Functions/Engine_MaterialFunctions01/Texturing/TextureCropping, ../../../Engine/Content/Functions/Engine_MaterialFunctions01/Texturing/TextureCropping.uasset, MMORPG-WindowsClient, 125370368, 76698048, 479, 479, 0x1d8f26dc9996b5727d0224a64b9e6d39b074d5d7, ExportBundleData, , MMORPG, WindowsClient, Base, Installed, 0, 76698048
908, aa5d2f73fa7e3f3d00000001, 0x3D3F7EFA732F5DAA, /Engine/Functions/Engine_MaterialFunctions02/ExampleContent/DebugNumberStrip, ../../../Engine/Content/Functions/Engine_MaterialFunctions02/ExampleContent/DebugNumberStrip.uasset, MMORPG-WindowsClient, 125435904, 76699648, 88460, 12058, 0x89349e7e5d32f2586bf79d68140e8709454e3394, ExportBundleData, , MMORPG, WindowsClient, Base, Installed, 0, 76699648
909, 1c274409e7177bf500000001, 0xF57B17E70944271C, /Engine/EditorLandscapeResources/LandscapeLayerUsageMaterial, ../../../Engine/Content/EditorLandscapeResources/LandscapeLayerUsageMaterial.uasset, MMORPG-WindowsClient, 125566976, 76711936, 8141, 3180, 0x289472d5423f7cf38357cb135e03bb5f1bb68d55, ExportBundleData, , MMORPG, WindowsClient, Base, Installed, 0, 76711936
910, 6c5ebf9c68e2c27d00000009, 0x7DC2E2689CBF5E6C, , <ShaderCode>, MMORPG-WindowsClient, 125632512, 76716032, 10368, 10368, 0x8595502b3d9b537481d671c32d2cd3294c235c4a, ShaderCode, , MMORPG, WindowsClient, Base, Installed, 0, 76716032
911, efcfb454b8ee4f0c00000001, 0xC4FEEB854B4CFEF, /Engine/EngineResources/Black_Low, ../../../Engine/Content/EngineResources/Black_Low.uasset, MMORPG-WindowsClient, 125698048, 76726400, 502, 502, 0xc7506d5bdf843e5a4bb0f3d4b46044e35477272f, ExportBundleData, , MMORPG, WindowsClient, Base, Installed, 0, 76726400
912, 6bcf318dbf32160d00000001, 0xD1632BF8D31CF6B, , ../../../Engine/Plugins/Animation/ControlRig/Content/Controls/ControlRig_Star4_3mm.uasset, MMORPG-WindowsClient, 125763584, 76728320, 11367, 3471, 0xc1b9f90d2593c7e00d0a5205710f357e34c11e53, ExportBundleData, , MMORPG, WindowsClient, Base, Installed, 0, 76728320
913, 6e2ca625b8142f0f00000001, 0xF2F14B825A62C6E, , ../../../Engine/Plugins/NNE/NNEDenoiser/Content/NNEDIM_HighQuality_Alpha.uasset, MMORPG-WindowsClient, 125829120, 76732416, 780, 780, 0xde4f79d2bfb391ee554d1923651ebf9cfa090e8b, ExportBundleData, , MMORPG, WindowsClient, Base, Installed, 0, 76732416
914, 2765bf003b33460f00000001, 0xF46333B00BF6527, /Engine/VREditor/TransformGizmo/UniformScaleHandle, ../../../Engine/Content/VREditor/TransformGizmo/UniformScaleHandle.uasset, MMORPG-WindowsClient, 125894656, 76734464, 11607, 3284, 0x58f5a8070cd5adc3b295147c8f2db78c3441b703, ExportBundleData, , MMORPG, WindowsClient, Base, Installed, 0, 76734464
915, 509978a7bf1d4c1100000001, 0x114C1DBFA7789950, , ../../../Engine/Plugins/NNE/NNEDenoiser/Content/NNEDOM_Output_Alpha.uasset, MMORPG-WindowsClient, 125960192, 76737760, 482, 482, 0xf5ee7ff32f756cbe917dce35de9d8bdd39cb7b45, ExportBundleData, , MMORPG, WindowsClient, Base, Installed, 0, 76737760
916, b2903f89a8b9c4cc00000001, 0xCCC4B9A8893F90B2, , ../../../Engine/Plugins/Interchange/Assets/Content/gltf/MaterialBodies/MF_Unlit_Body.uasset, MMORPG-WindowsClient, 126025728, 76738560, 342, 342, 0x808a32b4729a74848d932dcbf180d87c633e12af, ExportBundleData, , MMORPG, WindowsClient, Base, Installed, 0, 76738560
917, 18b5fddd1537ed7b00000001, 0x7BED3715DDFDB518, , ../../../Engine/Plugins/Interchange/Assets/Content/gltf/M_Unlit.uasset, MMORPG-WindowsClient, 126091264, 76740608, 7680, 2872, 0x6e710328a307b245e52156568e942e3d7adc9edc, ExportBundleData, , MMORPG, WindowsClient, Base, Installed, 0, 76740608
918, b1a12da92cb96f1a00000009, 0x1A6FB92CA92DA1B1, , <ShaderCode>, MMORPG-WindowsClient, 126156800, 76744704, 45443, 45443, 0xdceb7c0dbfdefd8166f628987f7a7db1fc7d4c0f, ShaderCode, , MMORPG, WindowsClient, Base, Installed, 0, 76744704
919, 7ef043804d9b312200000001, 0x22319B4D8043F07E, , ../../../Engine/Plugins/Interchange/Assets/Content/gltf/MaterialInstances/MI_Unlit_Blend.uasset, MMORPG-WindowsClient, 126222336, 76791808, 8408, 2730, 0xa10ff3c6c22d419ef7b86f145bd0df1121a19fd2, ExportBundleData, , MMORPG, WindowsClient, Base, Installed, 0, 76791808
920, 7de74beeda79d9c400000009, 0xC4D979DAEE4BE77D, , <ShaderCode>, MMORPG-WindowsClient, 126287872, 76795904, 7753, 7753, 0x406e2ad63310a329c7fd14cfada106567aa9b031, ShaderCode, , MMORPG, WindowsClient, Base, Installed, 0, 76795904
921, ac70815854183b8900000001, 0x893B1854588170AC, , ../../../Engine/Plugins/Interchange/Assets/Content/gltf/MaterialInstances/MI_Unlit_Blend_DS.uasset, MMORPG-WindowsClient, 126353408, 76804096, 9920, 3013, 0xd4562e2fcf24fc4b2cc9923aa9034f40e34fdc75, ExportBundleData, , MMORPG, WindowsClient, Base, Installed, 0, 76804096
922, e0c05c36762dfb6000000009, 0x60FB2D76365CC0E0, , <ShaderCode>, MMORPG-WindowsClient, 126418944, 76808192, 9161, 9161, 0xa79b617e5a3018b860a568203249266e58df3e48, ShaderCode, , MMORPG, WindowsClient, Base, Installed, 0, 76808192
923, 50b530004fc9b2b700000001, 0xB7B2C94F0030B550, , ../../../Engine/Plugins/Interchange/Assets/Content/gltf/MaterialInstances/MI_Unlit_Mask.uasset, MMORPG-WindowsClient, 126484480, 76818432, 25109, 5478, 0x1a929622ee8f59989d6285284faaadf3e84f87c6, ExportBundleData, , MMORPG, WindowsClient, Base, Installed, 0, 76818432
924, d666c9b1a616620b00000009, 0xB6216A6B1C966D6, , <ShaderCode>, MMORPG-WindowsClient, 126550016, 76824576, 233540, 233540, 0xb9c9a3725dc34bc6d050ebced1b4a3ae2b27dcab, ShaderCode, , MMORPG, WindowsClient, Base, Installed, 0, 76824576
925, 12bc1785ec875bcd00000001, 0xCD5B87EC8517BC12, , ../../../Engine/Plugins/Interchange/Assets/Content/gltf/MaterialInstances/MI_Unlit_Opaque.uasset, MMORPG-WindowsClient, 126812160, 77058128, 544, 544, 0x75443fa5c4ac2bf78d19081c7f67688df3d57d7b, ExportBundleData, , MMORPG, WindowsClient, Base, Installed, 0, 77058128
926, 06794995a2a24fe800000001, 0xE84FA2A295497906, , ../../../Engine/Plugins/Interchange/Assets/Content/gltf/MaterialInstances/MI_Unlit_Mask_DS.uasset, MMORPG-WindowsClient, 126877696, 77060096, 25115, 5462, 0xae83c9ececfc980a9b39ae09d7e1959be8445b7e, ExportBundleData, , MMORPG, WindowsClient, Base, Installed, 0, 77060096
927, f592579fe4ccbe2b00000009, 0x2BBECCE49F5792F5, , <ShaderCode>, MMORPG-WindowsClient, 126943232, 77066240, 225436, 225436, 0xa4848400acff503842cccfd93159fe243a8c7b86, ShaderCode, , MMORPG, WindowsClient, Base, Installed, 0, 77066240
928, 1bf8be545e1675ed00000001, 0xED75165E54BEF81B, , ../../../Engine/Plugins/Interchange/Assets/Content/gltf/MaterialInstances/MI_Unlit_Opaque_DS.uasset, MMORPG-WindowsClient, 127205376, 77293568, 9604, 3055, 0x8dc4f16d613a36f91606deb5551d9c801617e9ce, ExportBundleData, , MMORPG, WindowsClient, Base, Installed, 0, 77293568
929, 1ca3325f43a52a2b00000009, 0x2B2AA5435F32A31C, , <ShaderCode>, MMORPG-WindowsClient, 127270912, 77297664, 46004, 46004, 0x1be7250798dd51fbf18bcdcfbf7d45c059385ccc, ShaderCode, , MMORPG, WindowsClient, Base, Installed, 0, 77297664
930, 7aba7a84b764bf1300000001, 0x13BF64B7847ABA7A, , ../../../Engine/Plugins/Interchange/Runtime/Content/Pipelines/DefaultSceneLevelPipeline.uasset, MMORPG-WindowsClient, 127336448, 77343680, 1880, 687, 0x09b2dc1d03a5c67606bca907f2ac9cb2440ae55a, ExportBundleData, , MMORPG, WindowsClient, Base, Installed, 0, 77343680
931, 0e746a5331df661400000001, 0x1466DF31536A740E, , ../../../Engine/Plugins/Experimental/Water/Content/Icons/WaterZoneActorSprite.uasset, MMORPG-WindowsClient, 127401984, 77344768, 6374, 2552, 0x49df1e0d5d5d52d13d0090bcb34f6883939b29ca, ExportBundleData, , MMORPG, WindowsClient, Base, Installed, 0, 77344768
932, 8381790f0f30af1400000001, 0x14AF300F0F798183, , ../../../Engine/Plugins/Runtime/CommonUI/Content/DefaultMediaTexture.uasset, MMORPG-WindowsClient, 127467520, 77347328, 329, 329, 0xb824a0a2af66836faa7fbe19a75d0854ade5e98a, ExportBundleData, , MMORPG, WindowsClient, Base, Installed, 0, 77347328
933, dffddf83cdc0235200000001, 0x5223C0CD83DFFDDF, , ../../../Engine/Plugins/Runtime/CommonUI/Content/VideoPlayerMaterial.uasset, MMORPG-WindowsClient, 127533056, 77348864, 7768, 2580, 0xd5ab2c3bc023bbb6ec79e84917f4740484997110, ExportBundleData, , MMORPG, WindowsClient, Base, Installed, 0, 77348864
934, 0d9ff844c32c266700000009, 0x67262CC344F89F0D, , <ShaderCode>, MMORPG-WindowsClient, 127598592, 77352960, 11397, 11397, 0xc3496d9193bfe6f3891e4af15eb993d6cbb77f88, ShaderCode, , MMORPG, WindowsClient, Base, Installed, 0, 77352960
935, e7688629fcb978f400000001, 0xF478B9FC298668E7, , ../../../MMORPG/Content/MMO/Input/IA_Spell.uasset, MMORPG-WindowsClient, 127664128, 77364368, 286, 286, 0x038663d0715188b07ac979c0209268eac950d2e9, ExportBundleData, , MMORPG, WindowsClient, Base, Installed, 0, 77364368
936, db7e634ea62a1bef00000001, 0xEF1B2AA64E637EDB, , ../../../MMORPG/Content/MMO/Input/IA_Move.uasset, MMORPG-WindowsClient, 127729664, 77364656, 287, 287, 0xd3d8873699d28b7f6ade6289c1c961a5510faad8, ExportBundleData, , MMORPG, WindowsClient, Base, Installed, 0, 77364656
937, 2a5f8f6b552005e800000001, 0xE80520556B8F5F2A, , ../../../MMORPG/Content/MMO/Input/IA_Inventory.uasset, MMORPG-WindowsClient, 127795200, 77364944, 294, 294, 0x0f1abd30f531466f92e7c912ed20a98bfab2b0dc, ExportBundleData, , MMORPG, WindowsClient, Base, Installed, 0, 77364944
938, d6919c8d3dd1c4bb00000001, 0xBBC4D13D8D9C91D6, , ../../../MMORPG/Content/MMO/Input/IA_Attack.uasset, MMORPG-WindowsClient, 127860736, 77365248, 294, 294, 0x1fcea92e46054e4cd9b0363ca66f7db5482f71c2, ExportBundleData, , MMORPG, WindowsClient, Base, Installed, 0, 77365248
939, 808770e029c9c58300000001, 0x83C5C929E0708780, , ../../../MMORPG/Content/MMO/Input/IA_Look.uasset, MMORPG-WindowsClient, 127926272, 77365552, 287, 287, 0x0594166fc5a01716853d1978e811c9a2e7c165e9, ExportBundleData, , MMORPG, WindowsClient, Base, Installed, 0, 77365552
940, 384a34e4612ba71d00000001, 0x1DA72B61E4344A38, , ../../../MMORPG/Content/MMO/Input/IA_Target.uasset, MMORPG-WindowsClient, 127991808, 77365840, 294, 294, 0xbdfb4c45a98666e5de83c156f4045f8e6680f19d, ExportBundleData, , MMORPG, WindowsClient, Base, Installed, 0, 77365840
941, c4331f449a6c3c1500000001, 0x153C6C9A441F33C4, , ../../../MMORPG/Content/MMO/Input/IA_Settings.uasset, MMORPG-WindowsClient, 128057344, 77366144, 294, 294, 0x87c988d942c90289b3b554f2fb5afe4fa5af8853, ExportBundleData, , MMORPG, WindowsClient, Base, Installed, 0, 77366144
942, 7947901d850314fd00000001, 0xFD1403851D904779, , ../../../MMORPG/Content/MMO/Input/IMC_MMOPlayer.uasset, MMORPG-WindowsClient, 128122880, 77367296, 2176, 1033, 0x40adf3edb6502be8fb965a16465c66c723f6fc25, ExportBundleData, , MMORPG, WindowsClient, Base, Installed, 0, 77367296
943, 68bcf912b6403f1500000001, 0x153F40B612F9BC68, , ../../../Engine/Plugins/Interchange/Runtime/Content/Pipelines/DefaultMaterialXPipeline.uasset, MMORPG-WindowsClient, 128188416, 77368336, 443, 443, 0x2d2586c53ac78ceed7bdec26eebba4c6dce199a8, ExportBundleData, , MMORPG, WindowsClient, Base, Installed, 0, 77368336
944, a1157adbe06ab91600000001, 0x16B96AE0DB7A15A1, , ../../../Engine/Plugins/Animation/ControlRig/Content/Controls/ControlRig_QuarterCircle_solid.uasset, MMORPG-WindowsClient, 128253952, 77369344, 7501, 2562, 0x90a74eb3862e5016ca19d3e8797c90324f2f4dd6, ExportBundleData, , MMORPG, WindowsClient, Base, Installed, 0, 77369344
945, 6f3a7c0fe1cf64ce00000001, 0xCE64CFE10F7C3A6F, , ../../../Engine/Plugins/Editor/SpeedTreeImporter/Content/SpeedTree9/EmptyNormal.uasset, MMORPG-WindowsClient, 128319488, 77371920, 628, 628, 0x33e4eb9ca85cb7abd0efcb09069b0ba7bf21eb74, ExportBundleData, , MMORPG, WindowsClient, Base, Installed, 0, 77371920
946, 7b967f8ff09764ce00000001, 0xCE6497F08F7F967B, , ../../../Engine/Plugins/Editor/SpeedTreeImporter/Content/SpeedTree9/UnpackInteger3.uasset, MMORPG-WindowsClient, 128385024, 77372560, 334, 334, 0xa73efba85ee3180e43ef0e0c39bd34210eb7bc97, ExportBundleData, , MMORPG, WindowsClient, Base, Installed, 0, 77372560
947, bb0c9910913c4acc00000001, 0xCC4A3C9110990CBB, , ../../../Engine/Plugins/Editor/SpeedTreeImporter/Content/SpeedTree9/SpeedTreeBranchMotion.uasset, MMORPG-WindowsClient, 128450560, 77372896, 342, 342, 0x55e765ac03b071caa229c3a4317e7437dffc599b, ExportBundleData, , MMORPG, WindowsClient, Base, Installed, 0, 77372896
948, 11e16642d5df4eca00000001, 0xCA4EDFD54266E111, , ../../../Engine/Plugins/Editor/SpeedTreeImporter/Content/SpeedTree9/SpeedTreeWind.uasset, MMORPG-WindowsClient, 128516096, 77373440, 329, 329, 0x37700219552dd38ca7cebceb8f7cacefe6b0591d, ExportBundleData, , MMORPG, WindowsClient, Base, Installed, 0, 77373440
949, c851afa144f311c000000001, 0xC011F344A1AF51C8, /Engine/Functions/Engine_MaterialFunctions02/UVs/BoundingBoxBased_0-1_UVW, ../../../Engine/Content/Functions/Engine_MaterialFunctions02/UVs/BoundingBoxBased_0-1_UVW.uasset, MMORPG-WindowsClient, 128581632, 77373776, 432, 432, 0xa29ef0a999176d186eb73b019d6ba865b77d76f7, ExportBundleData, , MMORPG, WindowsClient, Base, Installed, 0, 77373776
950, 8d4486caf50605b200000001, 0xB20506F5CA86448D, /Engine/Functions/Engine_MaterialFunctions02/ObjectLocalBounds, ../../../Engine/Content/Functions/Engine_MaterialFunctions02/ObjectLocalBounds.uasset, MMORPG-WindowsClient, 128647168, 77374208, 350, 350, 0x6d9ee37beaf506f64e8925e5a4817a66cebb3d9d, ExportBundleData, , MMORPG, WindowsClient, Base, Installed, 0, 77374208
951, efd3b99beb745ea100000001, 0xA15E74EB9BB9D3EF, , ../../../Engine/Plugins/Editor/SpeedTreeImporter/Content/SpeedTree9/Empty.uasset, MMORPG-WindowsClient, 128712704, 77374560, 630, 630, 0xd0f6f353cda24a58f790ace5d2ee965256af49ff, ExportBundleData, , MMORPG, WindowsClient, Base, Installed, 0, 77374560
952, 3bd77c49df92ee7b00000001, 0x7BEE92DF497CD73B, , ../../../Engine/Plugins/Editor/SpeedTreeImporter/Content/SpeedTree9/SpeedTreeWindMotion.uasset, MMORPG-WindowsClient, 128778240, 77375488, 375, 375, 0x5a5503a1f5a38fa2b70f8d26908843a280d4c991, ExportBundleData, , MMORPG, WindowsClient, Base, Installed, 0, 77375488
953, 27d3dbbd9cb5875a00000001, 0x5A87B59CBDDBD327, , ../../../Engine/Plugins/Editor/SpeedTreeImporter/Content/SpeedTree9/game_wind_noise.uasset, MMORPG-WindowsClient, 128843776, 77377536, 22796, 17525, 0x42c094442ffa5b4a0979da0b5ed4c0c7c5c3ca7a, ExportBundleData, , MMORPG, WindowsClient, Base, Installed, 0, 77377536
954, 931f8593c76b1a3700000001, 0x371A6BC793851F93, , ../../../Engine/Plugins/Editor/SpeedTreeImporter/Content/SpeedTree9/UnpackDirection.uasset, MMORPG-WindowsClient, 128909312, 77395072, 337, 337, 0x6e1dce31d400d5232b218b2f5454f553d0dd95bd, ExportBundleData, , MMORPG, WindowsClient, Base, Installed, 0, 77395072
955, a8a408dbac6bb61700000001, 0x17B66BACDB08A4A8, , ../../../Engine/Plugins/Editor/SpeedTreeImporter/Content/SpeedTree9/SpeedTreeCameraFacing.uasset, MMORPG-WindowsClient, 128974848, 77395424, 345, 345, 0xda704b31f266741b22fb64ab4dffd2c94d3a1b85, ExportBundleData, , MMORPG, WindowsClient, Base, Installed, 0, 77395424
956, 7bb897d6d85abe5e00000001, 0x5EBE5AD8D697B87B, , ../../../Engine/Plugins/Editor/SpeedTreeImporter/Content/SpeedTree9/SpeedTreeMaster.uasset, MMORPG-WindowsClient, 129040384, 77395968, 23964, 7098, 0x81c4848d52b66da0ba1e291f2d7e33e67543d4ed, ExportBundleData, , MMORPG, WindowsClient, Base, Installed, 0, 77395968
957, 742a4ce18e44ae0800000009, 0x8AE448EE14C2A74, , <ShaderCode>, MMORPG-WindowsClient, 129105920, 77404160, 142373, 142373, 0xf239fb003f597abc496b3ff470af7fd607984298, ShaderCode, , MMORPG, WindowsClient, Base, Installed, 0, 77404160
958, 93eebfff6040951800000001, 0x18954060FFBFEE93, /Engine/VREditor/TransformGizmo/TranslucentTransformGizmoMaterial_Inst, ../../../Engine/Content/VREditor/TransformGizmo/TranslucentTransformGizmoMaterial_Inst.uasset, MMORPG-WindowsClient, 129302528, 77546544, 578, 578, 0x2efd80752a4c17a799647053961daf9629c58dca, ExportBundleData, , MMORPG, WindowsClient, Base, Installed, 0, 77546544
959, a2aedccb0ce344b600000001, 0xB644E30CCBDCAEA2, /Engine/VREditor/TransformGizmo/TransformGizmoFreeRotation, ../../../Engine/Content/VREditor/TransformGizmo/TransformGizmoFreeRotation.uasset, MMORPG-WindowsClient, 129368064, 77547520, 2636783, 545612, 0xe99484b744af436e6576e873cd369d14a68ced63, ExportBundleData, , MMORPG, WindowsClient, Base, Installed, 0, 77547520
960, 2c913f2705b478d900000001, 0xD978B405273F912C, /Engine/EngineMaterials/HairColorMap, ../../../Engine/Content/EngineMaterials/HairColorMap.uasset, MMORPG-WindowsClient, 132055040, 78094336, 17369, 1070, 0x8c626ed1e00e2b402688df6a7aba56fa11a5e300, ExportBundleData, , MMORPG, WindowsClient, Base, Installed, 0, 78094336
961, 55c5d73fec0135d200000001, 0xD23501EC3FD7C555, , ../../../Engine/Plugins/Runtime/HairStrands/Content/Materials/HairGroupColors.uasset, MMORPG-WindowsClient, 132120576, 78095408, 561, 561, 0x7bafdeabcfacd55cdff431d9dd997fc9557a540c, ExportBundleData, , MMORPG, WindowsClient, Base, Installed, 0, 78095408
962, 8efe6173efa8192200000001, 0x2219A8EF7361FE8E, /Engine/EngineMaterials/HairDebugColor, ../../../Engine/Content/EngineMaterials/HairDebugColor.uasset, MMORPG-WindowsClient, 132186112, 78096384, 1529, 971, 0x04e26a8e75ba50740a00d32fd328f2c847168f3a, ExportBundleData, , MMORPG, WindowsClient, Base, Installed, 0, 78096384
963, 3889933e64b3022c00000001, 0x2C02B3643E938938, , ../../../Engine/Plugins/Runtime/HairStrands/Content/Materials/HairDebugMaterial.uasset, MMORPG-WindowsClient, 132251648, 78098432, 47008, 8203, 0xeb26f692d7f0a18c5e46b9e58e42e0589c487bf2, ExportBundleData, , MMORPG, WindowsClient, Base, Installed, 0, 78098432
964, 061d99857c7a687500000009, 0x75687A7C85991D06, , <ShaderCode>, MMORPG-WindowsClient, 132317184, 78108672, 147184, 147184, 0x6d2362d28369b65adf95443c6685f0ab733240d4, ShaderCode, , MMORPG, WindowsClient, Base, Installed, 0, 78108672
965, 803b69126770381c00000001, 0x1C38706712693B80, /Engine/EditorLandscapeResources/ColorMaskBrushMaterial, ../../../Engine/Content/EditorLandscapeResources/ColorMaskBrushMaterial.uasset, MMORPG-WindowsClient, 132513792, 78256128, 5497, 2148, 0x8912f9676838845f7ba58e4cc7046d9f8faba3d2, ExportBundleData, , MMORPG, WindowsClient, Base, Installed, 0, 78256128
966, 2f7540329aef0be200000009, 0xE20BEF9A3240752F, , <ShaderCode>, MMORPG-WindowsClient, 132579328, 78260224, 9507, 9507, 0xdebeb274ba846db017aa13cf913bfbfdfb21cc21, ShaderCode, , MMORPG, WindowsClient, Base, Installed, 0, 78260224
967, 8f36a4cfe287762200000001, 0x227687E2CFA4368F, /Engine/EditorLandscapeResources/ColorMaskBrushMaterial_MaskedRegion, ../../../Engine/Content/EditorLandscapeResources/ColorMaskBrushMaterial_MaskedRegion.uasset, MMORPG-WindowsClient, 132644864, 78269744, 616, 616, 0x929994cd1899febe7a06be968f77bf0f85035cc3, ExportBundleData, , MMORPG, WindowsClient, Base, Installed, 0, 78269744
968, 68b44f7e8ffd781d00000001, 0x1D78FD8F7E4FB468, /Engine/VREditor/TransformGizmo/BoundingBoxCorner, ../../../Engine/Content/VREditor/TransformGizmo/BoundingBoxCorner.uasset, MMORPG-WindowsClient, 132710400, 78270464, 9989, 2983, 0x3c97dac150b22d2bba1efc11664736571bc76f9b, ExportBundleData, , MMORPG, WindowsClient, Base, Installed, 0, 78270464
969, c32441f3fc9fbe1d00000001, 0x1DBE9FFCF34124C3, /Engine/EngineMaterials/SMAASearchTex, ../../../Engine/Content/EngineMaterials/SMAASearchTex.uasset, MMORPG-WindowsClient, 132775936, 78273456, 6268, 719, 0x2bc3bf821ed3f511e19fa134425f0302e31b9f6a, ExportBundleData, , MMORPG, WindowsClient, Base, Installed, 0, 78273456
970, 0f013d461d34e71f00000001, 0x1FE7341D463D010F, , ../../../Engine/Plugins/Animation/ControlRig/Content/Controls/ControlRig_QuarterCircle_3mm.uasset, MMORPG-WindowsClient, 132841472, 78274560, 16141, 3793, 0x7f153543633ce8a980a8f5ce49e9d533536b43a9, ExportBundleData, , MMORPG, WindowsClient, Base, Installed, 0, 78274560
971, b5188ac73a55976200000001, 0x6297553AC78A18B5, /Engine/EditorLandscapeResources/WhiteSquareTexture, ../../../Engine/Content/EditorLandscapeResources/WhiteSquareTexture.uasset, MMORPG-WindowsClient, 132907008, 78278656, 1454, 404, 0x5e2935a7537108477e46c56cf6e5a1310df3e4a8, ExportBundleData, , MMORPG, WindowsClient, Base, Installed, 0, 78278656
972, 9313b8d86b9be43800000001, 0x38E49B6BD8B81393, /Engine/Functions/Engine_MaterialFunctions03/Math/WithinRangeFloat2, ../../../Engine/Content/Functions/Engine_MaterialFunctions03/Math/WithinRangeFloat2.uasset, MMORPG-WindowsClient, 132972544, 78279072, 438, 438, 0x316c068520d2b880cf1f26fa2e40550e5536e7a4, ExportBundleData, , MMORPG, WindowsClient, Base, Installed, 0, 78279072
973, 70d1dbb55b9100a500000001, 0xA500915BB5DBD170, /Engine/EditorLandscapeResources/SelectBrushMaterial, ../../../Engine/Content/EditorLandscapeResources/SelectBrushMaterial.uasset, MMORPG-WindowsClient, 133038080, 78280704, 5860, 2394, 0xe0cb56f7cfae96e59f2a2c81530bf48b0641b7e1, ExportBundleData, , MMORPG, WindowsClient, Base, Installed, 0, 78280704
974, 35b154e70f8b896b00000009, 0x6B898B0FE754B135, , <ShaderCode>, MMORPG-WindowsClient, 133103616, 78284800, 9530, 9530, 0x487747010508ce9eba9d677c449df065ef22edf0, ShaderCode, , MMORPG, WindowsClient, Base, Installed, 0, 78284800
975, ad83263acf3d4a2000000001, 0x204A3DCF3A2683AD, /Engine/EditorLandscapeResources/SelectBrushMaterial_Selected, ../../../Engine/Content/EditorLandscapeResources/SelectBrushMaterial_Selected.uasset, MMORPG-WindowsClient, 133169152, 78294336, 572, 572, 0xe61ce880bfc033a96c6484bee6c3932c1ce3f0d1, ExportBundleData, , MMORPG, WindowsClient, Base, Installed, 0, 78294336
976, 0f886066dedcb82000000001, 0x20B8DCDE6660880F, , ../../../Engine/Plugins/NNE/NNEDenoiser/Content/NNED_Oidn2-3_Balanced_Alpha.uasset, MMORPG-WindowsClient, 133234688, 78295040, 716, 716, 0x23dce7c8f6d28d505ffd5f4f08df1df1cf719a34, ExportBundleData, , MMORPG, WindowsClient, Base, Installed, 0, 78295040
977, b85ee5fd59f4dd2000000001, 0x20DDF459FDE55EB8, /Engine/EngineResources/WhiteSquareTexture, ../../../Engine/Content/EngineResources/WhiteSquareTexture.uasset, MMORPG-WindowsClient, 133300224, 78295760, 1430, 377, 0xa015203de650270dc5ef7a90d825f26a6855cf48, ExportBundleData, , MMORPG, WindowsClient, Base, Installed, 0, 78295760
978, 27d7aeddb1b7c7fc00000001, 0xFCC7B7B1DDAED727, /Engine/EngineMaterials/Widget3DPassThrough, ../../../Engine/Content/EngineMaterials/Widget3DPassThrough.uasset, MMORPG-WindowsClient, 133365760, 78297088, 5623, 2220, 0x4fa3ed1119d576e49ea80df9c042c25840ace56e, ExportBundleData, , MMORPG, WindowsClient, Base, Installed, 0, 78297088
979, 85eb7ec9f6c8613a00000001, 0x3A61C8F6C97EEB85, /Engine/EngineMaterials/Widget3DPassThrough_Masked, ../../../Engine/Content/EngineMaterials/Widget3DPassThrough_Masked.uasset, MMORPG-WindowsClient, 133431296, 78301184, 10426, 3330, 0xcf8f7b4bb7614fa6cd73bb895cefcdeba763b1d4, ExportBundleData, , MMORPG, WindowsClient, Base, Installed, 0, 78301184
980, fbbb10caf96b416200000009, 0x62416BF9CA10BBFB, , <ShaderCode>, MMORPG-WindowsClient, 133496832, 78305280, 8220, 8220, 0x26503bab3c61bb38d0bffebdb7176cebb646472f, ShaderCode, , MMORPG, WindowsClient, Base, Installed, 0, 78305280
981, dd353fe85598727e00000001, 0x7E729855E83F35DD, /Engine/EngineMaterials/Widget3DPassThrough_Opaque, ../../../Engine/Content/EngineMaterials/Widget3DPassThrough_Opaque.uasset, MMORPG-WindowsClient, 133562368, 78315520, 6037, 2398, 0x825f457305d6dcf649a767d5768cfbeae5f8b0a3, ExportBundleData, , MMORPG, WindowsClient, Base, Installed, 0, 78315520
982, 6028f11a0cf6add600000009, 0xD6ADF60C1AF12860, , <ShaderCode>, MMORPG-WindowsClient, 133627904, 78319616, 8205, 8205, 0xc0893bf15a52eb950752ffd2b2ac5e0010eb4172, ShaderCode, , MMORPG, WindowsClient, Base, Installed, 0, 78319616
983, 0e6a0028be3a2a6c00000001, 0x6C2A3ABE28006A0E, /Engine/EngineMaterials/Widget3DPassThrough_Opaque_OneSided, ../../../Engine/Content/EngineMaterials/Widget3DPassThrough_Opaque_OneSided.uasset, MMORPG-WindowsClient, 133693440, 78327824, 4243, 1813, 0xc388fc1969fae18a3c569b644f1a2eef3dba31f9, ExportBundleData, , MMORPG, WindowsClient, Base, Installed, 0, 78327824
984, 5e2133aec890605000000009, 0x506090C8AE33215E, , <ShaderCode>, MMORPG-WindowsClient, 133758976, 78329856, 8051, 8051, 0xc2da787943530a3acd6f30ce48012e13123ce60d, ShaderCode, , MMORPG, WindowsClient, Base, Installed, 0, 78329856
985, 3a0245e4904b10b500000001, 0xB5104B90E445023A, /Engine/EngineMaterials/Widget3DPassThrough_Masked_OneSided, ../../../Engine/Content/EngineMaterials/Widget3DPassThrough_Masked_OneSided.uasset, MMORPG-WindowsClient, 133824512, 78338048, 10454, 3350, 0xf9972a5e5a2a83256cbe90b357b51d11a1d04482, ExportBundleData, , MMORPG, WindowsClient, Base, Installed, 0, 78338048
986, 18938681b269729700000009, 0x977269B281869318, , <ShaderCode>, MMORPG-WindowsClient, 133890048, 78342144, 8080, 8080, 0xfde997a7fe7b39f29bac3a7e117c7e373a984fb4, ShaderCode, , MMORPG, WindowsClient, Base, Installed, 0, 78342144
987, 34868b7f9c10838900000001, 0x8983109C7F8B8634, /Engine/EngineMaterials/Widget3DPassThrough_Translucent, ../../../Engine/Content/EngineMaterials/Widget3DPassThrough_Translucent.uasset, MMORPG-WindowsClient, 133955584, 78350336, 6117, 2388, 0x4124939d1776e902c4d777301f75fc5b97f7697d, ExportBundleData, , MMORPG, WindowsClient, Base, Installed, 0, 78350336
988, 1934892b5a7ffdec00000009, 0xECFD7F5A2B893419, , <ShaderCode>, MMORPG-WindowsClient, 134021120, 78354432, 9901, 9901, 0x598c73c6168ab979b0cd5f41a92f94e701a63ba0, ShaderCode, , MMORPG, WindowsClient, Base, Installed, 0, 78354432
989, 2925796cddcc148c00000001, 0x8C14CCDD6C792529, /Engine/EngineMaterials/Widget3DPassThrough_Translucent_OneSided, ../../../Engine/Content/EngineMaterials/Widget3DPassThrough_Translucent_OneSided.uasset, MMORPG-WindowsClient, 134086656, 78364672, 5260, 2123, 0x5c4332a682de2f905b79754f7cbd411d53a1bbad, ExportBundleData, , MMORPG, WindowsClient, Base, Installed, 0, 78364672
990, b4e961c2ec04691c00000009, 0x1C6904ECC261E9B4, , <ShaderCode>, MMORPG-WindowsClient, 134152192, 78368768, 9457, 9457, 0x8a409ea83653900785dd8e2684c910fbcae71cd1, ShaderCode, , MMORPG, WindowsClient, Base, Installed, 0, 78368768
991, 82528c7cafa4666200000001, 0x6266A4AF7C8C5282, /Engine/EditorMaterials/Dataflow/T_CheckerBoard, ../../../Engine/Content/EditorMaterials/Dataflow/T_CheckerBoard.uasset, MMORPG-WindowsClient, 134217728, 78379008, 2000510, 101821, 0xa48705810e2814e5e76c41f1a5f733f20b586c18, ExportBundleData, , MMORPG, WindowsClient, Base, Installed, 0, 78379008
992, a8f078279172642100000001, 0x216472912778F0A8, /Engine/EditorMaterials/Dataflow/M_Dataflow_CheckerBoard, ../../../Engine/Content/EditorMaterials/Dataflow/M_Dataflow_CheckerBoard.uasset, MMORPG-WindowsClient, 136249344, 78481408, 9111, 2811, 0x9a02d3e28924d3b4c704a97ac01b8df14785a559, ExportBundleData, , MMORPG, WindowsClient, Base, Installed, 0, 78481408
993, a41c417d65c82a6b00000009, 0x6B2AC8657D411CA4, , <ShaderCode>, MMORPG-WindowsClient, 136314880, 78485504, 112985, 112985, 0xae096947a3c972446af2170fd2536c5bf9f55861, ShaderCode, , MMORPG, WindowsClient, Base, Installed, 0, 78485504
994, 6c54e7f6d4ea912200000001, 0x2291EAD4F6E7546C, /Engine/EngineResources/DefaultVolumeTexture2D, ../../../Engine/Content/EngineResources/DefaultVolumeTexture2D.uasset, MMORPG-WindowsClient, 136445952, 78598496, 723, 723, 0xdbbeea647afdac0695cbc5103fd16d00cb4029ae, ExportBundleData, , MMORPG, WindowsClient, Base, Installed, 0, 78598496
995, a06a91154845992200000001, 0x2299454815916AA0, /Engine/EngineDebugMaterials/M_SimpleUnlitTranslucent, ../../../Engine/Content/EngineDebugMaterials/M_SimpleUnlitTranslucent.uasset, MMORPG-WindowsClient, 136511488, 78600192, 4946, 1887, 0x3f87424c7e3e1ddb7667a3cc0c18dee85df14fdd, ExportBundleData, , MMORPG, WindowsClient, Base, Installed, 0, 78600192
996, 4e58c3e04575a05c00000009, 0x5CA07545E0C3584E, , <ShaderCode>, MMORPG-WindowsClient, 136577024, 78602240, 3618, 3618, 0x5893c69f0191c0dd0f10ae38cabcfac44f5c2d8a, ShaderCode, , MMORPG, WindowsClient, Base, Installed, 0, 78602240
997, 9936bd915052cb2200000001, 0x22CB525091BD3699, , ../../../Engine/Plugins/Animation/ControlRig/Content/Controls/ControlRig_Octagon_1mm.uasset, MMORPG-WindowsClient, 136642560, 78606336, 11401, 3213, 0xb92b69acc02d3cb7e5b4c19dff299837b378aeb8, ExportBundleData, , MMORPG, WindowsClient, Base, Installed, 0, 78606336
998, 41772863b6990e2300000001, 0x230E99B663287741, , ../../../Engine/Plugins/Animation/ControlRig/Content/Controls/ControlRig_HalfCircle_3mm.uasset, MMORPG-WindowsClient, 136708096, 78610432, 22535, 6537, 0xac163f43245482d79289216a5324ebccdc956930, ExportBundleData, , MMORPG, WindowsClient, Base, Installed, 0, 78610432
999, ef846b720e69462300000001, 0x2346690E726B84EF, , ../../../MMORPG/Content/MMO/Abilities/DA_MMOAbilities.uasset, MMORPG-WindowsClient, 136773632, 78616976, 562, 562, 0xf18b8f7835703387bb8f57d1551990a736198a05, ExportBundleData, , MMORPG, WindowsClient, Base, Installed, 0, 78616976
1000, 2e8e5fa17895ec2300000001, 0x23EC9578A15F8E2E, /Engine/VREditor/Sounds/UI/Object_PickUp, ../../../Engine/Content/VREditor/Sounds/UI/Object_PickUp.uasset, MMORPG-WindowsClient, 136839168, 78617552, 510, 510, 0x4400c538ca13c6cbc0ae18273b9543bf4d01787c, ExportBundleData, , MMORPG, WindowsClient, Base, Installed, 0, 78617552
1001, a44601bc68ca3f2400000001, 0x243FCA68BC0146A4, /Engine/BasicShapes/Plane, ../../../Engine/Content/BasicShapes/Plane.uasset, MMORPG-WindowsClient, 136904704, 78618624, 2689, 1063, 0x127a8e406f160f9c048e6941b61e0f7f9875deb8, ExportBundleData, , MMORPG, WindowsClient, Base, Installed, 0, 78618624
1002, 8fcb1cae0c92026900000001, 0x6902920CAE1CCB8F, , ../../../Engine/Plugins/Editor/SpeedTreeImporter/Content/SpeedTree9/SpeedTreeBillboard.uasset, MMORPG-WindowsClient, 136970240, 78619696, 342, 342, 0x7a3f526bbb887729af6ee6cb00776629603d0b1e, ExportBundleData, , MMORPG, WindowsClient, Base, Installed, 0, 78619696
1003, 0ec7598e2050155600000001, 0x561550208E59C70E, , ../../../Engine/Plugins/Editor/SpeedTreeImporter/Content/SpeedTree9/SpeedTreeBillboardMaster.uasset, MMORPG-WindowsClient, 137035776, 78620672, 17858, 5683, 0xd2fa44677c202be229ce18f44b8950ad2158a187, ExportBundleData, , MMORPG, WindowsClient, Base, Installed, 0, 78620672
1004, 135dd0cdec42c39400000009, 0x94C342ECCDD05D13, , <ShaderCode>, MMORPG-WindowsClient, 137101312, 78626816, 112565, 112565, 0x55387ca8f942962cca32177f047c69428a06757d, ShaderCode, , MMORPG, WindowsClient, Base, Installed, 0, 78626816
1005, 71fe0432abe4de2400000001, 0x24DEE4AB3204FE71, /Engine/BasicShapes/Cube, ../../../Engine/Content/BasicShapes/Cube.uasset, MMORPG-WindowsClient, 137232384, 78739456, 6906, 2099, 0x90faff44903a810b0abe9c1e458781ba170d95e7, ExportBundleData, , MMORPG, WindowsClient, Base, Installed, 0, 78739456
1006, 9b58446e00a6ed2400000001, 0x24EDA6006E44589B, , ../../../Engine/Plugins/NNE/NNEDenoiser/Content/NNE_oidn2-3-0_rt_hdr_alb_nrm_small__dyn__fp16_opset11_ForwardAlpha.uasset, MMORPG-WindowsClient, 137297920, 78743552, 1312833, 1200600, 0x41e6d2656337aff737d397d43fcd7077bc701a10, ExportBundleData, , MMORPG, WindowsClient, Base, Installed, 0, 78743552
1007, fc07f0fc3175f82400000001, 0x24F87531FCF007FC, , ../../../Engine/Plugins/Interchange/Assets/Content/Utilities/New_LUT.uasset, MMORPG-WindowsClient, 138674176, 79945728, 9088320, 2651093, 0x0afe1295aeebbca6e258dddc118d59b81c1acc96, ExportBundleData, , MMORPG, WindowsClient, Base, Installed, 0, 79945728
1008, af225f6d21e9df2500000001, 0x25DFE9216D5F22AF, , ../../../Engine/Plugins/Experimental/Water/Content/Waves/GerstnerWaves_Ocean.uasset, MMORPG-WindowsClient, 147783680, 82597888, 3098, 1525, 0x3485425ae9f26dcea3266e0af789f50b267fa0f6, ExportBundleData, , MMORPG, WindowsClient, Base, Installed, 0, 82597888
1009, ccfbf6fb8c94d52600000001, 0x26D5948CFBF6FBCC, , ../../../Engine/Plugins/Animation/ControlRig/Content/Controls/ControlRig_Pyramid_solid.uasset, MMORPG-WindowsClient, 147849216, 82599936, 8913, 3016, 0x6511adf22b66eb489cee7dc2871224bfbbeb5ad7, ExportBundleData, , MMORPG, WindowsClient, Base, Installed, 0, 82599936
1010, dc2029101ee96f2700000001, 0x276FE91E102920DC, , ../../../Engine/Plugins/Interchange/Assets/Content/Functions/MX_StandardSurface.uasset, MMORPG-WindowsClient, 147914752, 82602960, 345, 345, 0x3eec0edf65e085388f1966764a48c62b927f7aef, ExportBundleData, , MMORPG, WindowsClient, Base, Installed, 0, 82602960
1011, a2045bef68db1d2900000001, 0x291DDB68EF5B04A2, /Engine/EditorLandscapeResources/SelectBrushMaterial_SelectedRegion, ../../../Engine/Content/EditorLandscapeResources/SelectBrushMaterial_SelectedRegion.uasset, MMORPG-WindowsClient, 147980288, 82604032, 5223, 2150, 0xc0b6db18a2f2f381f27f0a66ed27e3ec0a4b388e, ExportBundleData, , MMORPG, WindowsClient, Base, Installed, 0, 82604032
1012, 87a920cd09b1025000000009, 0x5002B109CD20A987, , <ShaderCode>, MMORPG-WindowsClient, 148045824, 82608128, 9663, 9663, 0xcf0eb5ab022034faa6df119d48a001262b18a3cc, ShaderCode, , MMORPG, WindowsClient, Base, Installed, 0, 82608128
1013, 575ba8a6fa26bd2900000001, 0x29BD26FAA6A85B57, , ../../../MMORPG/Content/Tutorial/GA_ArcaneBolt.uasset, MMORPG-WindowsClient, 148111360, 82618368, 646, 646, 0xb47773ea7dcf5ed7ad55c8033e2189f7fc18cd2c, ExportBundleData, , MMORPG, WindowsClient, Base, Installed, 0, 82618368
1014, 28ed83b8029dd22900000001, 0x29D29D02B883ED28, /Engine/EngineMaterials/BaseFlattenNormalMap_VT, ../../../Engine/Content/EngineMaterials/BaseFlattenNormalMap_VT.uasset, MMORPG-WindowsClient, 148176896, 82619024, 937, 937, 0x09a17ff21f4015caf042271bdb5627ec84b18bdc, ExportBundleData, , MMORPG, WindowsClient, Base, Installed, 0, 82619024
1015, da9ef9387e6c513600000001, 0x36516C7E38F99EDA, /Engine/EngineMaterials/FlattenMaterial_WS_Normal_VT, ../../../Engine/Content/EngineMaterials/FlattenMaterial_WS_Normal_VT.uasset, MMORPG-WindowsClient, 148242432, 82620416, 18356, 4873, 0x437fda8c9e5edcebc3aa7f96f768a0ca3f6d5675, ExportBundleData, , MMORPG, WindowsClient, Base, Installed, 0, 82620416
1016, 80fce8d47041d11800000009, 0x18D14170D4E8FC80, , <ShaderCode>, MMORPG-WindowsClient, 148307968, 82626560, 159465, 159465, 0x74f0ad2a67b50bd6795fc88ee5ebf743a9410fb1, ShaderCode, , MMORPG, WindowsClient, Base, Installed, 0, 82626560
1017, f38cb73e67825d9600000001, 0x965D82673EB78CF3, /Engine/EngineMaterials/FlattenMaterial_VT, ../../../Engine/Content/EngineMaterials/FlattenMaterial_VT.uasset, MMORPG-WindowsClient, 148504576, 82786304, 18329, 4874, 0x4972be626ff7a3dda088525e579d8272a2725733, ExportBundleData, , MMORPG, WindowsClient, Base, Installed, 0, 82786304
1018, 0582137b1beb22cd00000009, 0xCD22EB1B7B138205, , <ShaderCode>, MMORPG-WindowsClient, 148570112, 82792448, 176196, 176196, 0xb1aaa3238d763033272afea917074b125db53c39, ShaderCode, , MMORPG, WindowsClient, Base, Installed, 0, 82792448
1019, 6ca66bbcba09d42900000001, 0x29D409BABC6BA66C, , ../../../Engine/Plugins/Animation/ControlRig/Content/Controls/ControlRigXRayMaterial.uasset, MMORPG-WindowsClient, 148766720, 82968656, 5053, 1949, 0x7f1169d1c0b100d0c3385cfc7b8b18d3ac8d483d, ExportBundleData, , MMORPG, WindowsClient, Base, Installed, 0, 82968656
1020, c7e898a8929d924200000009, 0x42929D92A898E8C7, , <ShaderCode>, MMORPG-WindowsClient, 148832256, 82970624, 8981, 8981, 0xf0524d5aa0cd150d138c46bc4322bfea091f881d, ShaderCode, , MMORPG, WindowsClient, Base, Installed, 0, 82970624
1021, ef400c1f3fd91f2a00000001, 0x2A1FD93F1F0C40EF, /Engine/EngineMaterials/DefaultDeferredDecalMaterial, ../../../Engine/Content/EngineMaterials/DefaultDeferredDecalMaterial.uasset, MMORPG-WindowsClient, 148897792, 82980864, 37564, 6065, 0x8c881c592952f649d0234038e1c2956cb4d80ce9, ExportBundleData, , MMORPG, WindowsClient, Base, Installed, 0, 82980864
1022, b6ca21a2fe71754e00000009, 0x4E7571FEA221CAB6, , <ShaderCode>, MMORPG-WindowsClient, 148963328, 82987008, 118724, 118724, 0x445d08e646f6a32c4c235ad34ef33ae755f2e57a, ShaderCode, , MMORPG, WindowsClient, Base, Installed, 0, 82987008
1023, b61e99bc8320e42b00000001, 0x2BE42083BC991EB6, /Engine/EditorMaterials/PhAT_UnselectedMaterial, ../../../Engine/Content/EditorMaterials/PhAT_UnselectedMaterial.uasset, MMORPG-WindowsClient, 149094400, 83105792, 4893, 1878, 0xe97afcc252b45be1d2219f5d084986d6e2a7bd74, ExportBundleData, , MMORPG, WindowsClient, Base, Installed, 0, 83105792
1024, c1ca0462cb4e05c200000009, 0xC2054ECB6204CAC1, , <ShaderCode>, MMORPG-WindowsClient, 149159936, 83107840, 9064, 9064, 0xa1f99469b44ac85e056ab2857ff051921ac7d356, ShaderCode, , MMORPG, WindowsClient, Base, Installed, 0, 83107840
1025, ac166497bc86fa2c00000001, 0x2CFA86BC976416AC, , ../../../Engine/Plugins/NNE/NNEDenoiser/Content/NNE_oidn2-3-0_rt_hdr_alb_nrm__dyn__fp16_opset11_ForwardAlpha.uasset, MMORPG-WindowsClient, 149225472, 83118080, 3711953, 3439517, 0xf40d05d1c42bd29feedb5d56c9b2c639c0b342be, ExportBundleData, , MMORPG, WindowsClient, Base, Installed, 0, 83118080
1026, 65d8791814a1172d00000001, 0x2D17A1141879D865, , ../../../Engine/Plugins/Interchange/Runtime/Content/Pipelines/DefaultAudioPipeline.uasset, MMORPG-WindowsClient, 152961024, 86557968, 318, 318, 0x8a719c9575b1266a98c1b441f568e319673e57d4, ExportBundleData, , MMORPG, WindowsClient, Base, Installed, 0, 86557968
1027, d34036b72825c47500000001, 0x75C42528B73640D3, /Engine/Functions/Substrate/Substrate-IOR-To-F0, ../../../Engine/Content/Functions/Substrate/Substrate-IOR-To-F0.uasset, MMORPG-WindowsClient, 153026560, 86558288, 414, 414, 0xdcdbbba7ec189f6de829c9536c054a4ab2e04fe6, ExportBundleData, , MMORPG, WindowsClient, Base, Installed, 0, 86558288
1028, ee4ffe08d17bd03800000001, 0x38D07BD108FE4FEE, , ../../../Engine/Plugins/Interchange/Assets/Content/gltf/Substrate/MF_GLTFPBR.uasset, MMORPG-WindowsClient, 153092096, 86558720, 329, 329, 0xc9e5e7effb32a0fd10b0833bfe60c9e433f12600, ExportBundleData, , MMORPG, WindowsClient, Base, Installed, 0, 86558720
1029, c1625802b46bf5d400000001, 0xD4F56BB4025862C1, , ../../../Engine/Plugins/Interchange/Assets/Content/gltf/Substrate/M_GLTF.uasset, MMORPG-WindowsClient, 153157632, 86560768, 20491, 5951, 0xba377545ae004a4c28edec45afc28e88b3767cef, ExportBundleData, , MMORPG, WindowsClient, Base, Installed, 0, 86560768
1030, 031cfe1d588d03fa00000009, 0xFA038D581DFE1C03, , <ShaderCode>, MMORPG-WindowsClient, 153223168, 86566912, 90427, 90427, 0x733c2587ca178bd2ac53e3a46d9a7cc15a0fdc0e, ShaderCode, , MMORPG, WindowsClient, Base, Installed, 0, 86566912
1031, e670df8e769d382e00000001, 0x2E389D768EDF70E6, /Engine/EngineSounds/Master, ../../../Engine/Content/EngineSounds/Master.uasset, MMORPG-WindowsClient, 153354240, 86657344, 297, 297, 0x9a9f6ae71e87a85c86dea5645c3214ccb3fe2773, ExportBundleData, , MMORPG, WindowsClient, Base, Installed, 0, 86657344
1032, a60f7c53ca2e732e00000001, 0x2E732ECA537C0FA6, /Engine/EditorMaterials/Camera/CineMat, ../../../Engine/Content/EditorMaterials/Camera/CineMat.uasset, MMORPG-WindowsClient, 153419776, 86659072, 9325, 2621, 0xc265ff4a05d469327f9d3c637699a6e6060d6a16, ExportBundleData, , MMORPG, WindowsClient, Base, Installed, 0, 86659072
1033, de56c46de973f95000000009, 0x50F973E96DC456DE, , <ShaderCode>, MMORPG-WindowsClient, 153485312, 86663168, 32198, 32198, 0x8a5c70eaa74866a87a9e012758d50955dced5c9d, ShaderCode, , MMORPG, WindowsClient, Base, Installed, 0, 86663168
1034, ea704fa9c99103cc00000001, 0xCC0391C9A94F70EA, /Engine/EditorMaterials/Camera/MI_CineMat_Rig, ../../../Engine/Content/EditorMaterials/Camera/MI_CineMat_Rig.uasset, MMORPG-WindowsClient, 153550848, 86695376, 493, 493, 0xcb15980122f2f63d840ccab5bee874e74b53950a, ExportBundleData, , MMORPG, WindowsClient, Base, Installed, 0, 86695376
1035, 4783ca75c2bc153700000001, 0x3715BCC275CA8347, /Engine/EditorMeshes/Camera/SM_CraneRig_Base, ../../../Engine/Content/EditorMeshes/Camera/SM_CraneRig_Base.uasset, MMORPG-WindowsClient, 153616384, 86695936, 81896, 24770, 0x10007242ce4058d1b1d40924177ea7038eeb30b3, ExportBundleData, , MMORPG, WindowsClient, Base, Installed, 0, 86695936
1036, 913432800511c53c00000001, 0x3CC5110580323491, /Engine/EditorMeshes/Camera/SM_CraneRig_Mount, ../../../Engine/Content/EditorMeshes/Camera/SM_CraneRig_Mount.uasset, MMORPG-WindowsClient, 153747456, 86722560, 17532, 6347, 0x6ab5115c18467bbac7184f1507b7a2132fad9a56, ExportBundleData, , MMORPG, WindowsClient, Base, Installed, 0, 86722560
1037, d4904df7434a1c3e00000001, 0x3E1C4A43F74D90D4, /Engine/EditorMeshes/Camera/SM_RailRig_Track, ../../../Engine/Content/EditorMeshes/Camera/SM_RailRig_Track.uasset, MMORPG-WindowsClient, 153812992, 86730752, 108390, 22572, 0x56e7ecad0a6e6634b5b500ccbdfa40de7111cd56, ExportBundleData, , MMORPG, WindowsClient, Base, Installed, 0, 86730752
1038, 11adfda265bc32c200000001, 0xC232BC65A2FDAD11, /Engine/EditorMeshes/Camera/SM_RailRig_Mount, ../../../Engine/Content/EditorMeshes/Camera/SM_RailRig_Mount.uasset, MMORPG-WindowsClient, 153944064, 86755328, 128848, 38948, 0x450eac72813e2f1f9205b29c847481039f28703c, ExportBundleData, , MMORPG, WindowsClient, Base, Installed, 0, 86755328
1039, 24be0d3101b3b5c400000001, 0xC4B5B301310DBE24, /Engine/EditorMeshes/Camera/SM_CraneRig_Arm, ../../../Engine/Content/EditorMeshes/Camera/SM_CraneRig_Arm.uasset, MMORPG-WindowsClient, 154075136, 86794288, 3776, 1558, 0x684e6c074bd1dd61f20048b488646caacda3193b, ExportBundleData, , MMORPG, WindowsClient, Base, Installed, 0, 86794288
1040, 92fa3fc272bbaee700000001, 0xE7AEBB72C23FFA92, /Engine/EditorMeshes/Camera/SM_CraneRig_Body, ../../../Engine/Content/EditorMeshes/Camera/SM_CraneRig_Body.uasset, MMORPG-WindowsClient, 154140672, 86796288, 77415, 22491, 0xacde3469b577e0b2ac02b46e15b5ebec6b7a9b3d, ExportBundleData, , MMORPG, WindowsClient, Base, Installed, 0, 86796288
1041, 7f390c8ba4c3622f00000001, 0x2F62C3A48B0C397F, , ../../../Engine/Plugins/NNE/NNEDenoiser/Content/NNE_oidn2-3-0_rt_hdr_calb_cnrm_large__dyn__fp16_opset11_ForwardAlpha.uasset, MMORPG-WindowsClient, 154271744, 86818816, 46258360, 42925191, 0xe7c00511a514a2463c42185e2dce320867eb4122, ExportBundleData, , MMORPG, WindowsClient, Base, Installed, 0, 86818816
1042, 282dd182b8a2782f00000001, 0x2F78A2B882D12D28, , ../../../Engine/Plugins/Animation/ControlRig/Content/Controls/ControlRig_Square_solid.uasset, MMORPG-WindowsClient, 200540160, 129749200, 5267, 1798, 0xc23395bd626486ef57f8d9f9cfcc4e3abbc36ba2, ExportBundleData, , MMORPG, WindowsClient, Base, Installed, 0, 129749200
1043, 48badeb684273f3000000001, 0x303F2784B6DEBA48, , ../../../MMORPG/Content/UI/BP_MMOUIPolicy.uasset, MMORPG-WindowsClient, 200605696, 129751040, 714, 714, 0xf140620bcedc1f804e02b73ceaaa103378fa242b, ExportBundleData, , MMORPG, WindowsClient, Base, Installed, 0, 129751040
1044, 6c6a5c243722443200000001, 0x32442237245C6A6C, /Engine/EngineMaterials/EnergyConservation/Diffuse_Energy, ../../../Engine/Content/EngineMaterials/EnergyConservation/Diffuse_Energy.uasset, MMORPG-WindowsClient, 200671232, 129753088, 8750, 1574, 0xf34fc0fe3d192bff66dc5e1320d9f79fc1c49fe4, ExportBundleData, , MMORPG, WindowsClient, Base, Installed, 0, 129753088
1045, 5065525358f6e43200000001, 0x32E4F65853526550, , ../../../Engine/Plugins/Interchange/Assets/Content/Functions/MX_Surface.uasset, MMORPG-WindowsClient, 200736768, 129755136, 1011, 1011, 0x66723d3f0fd0884fc91931cd7425e09b014117bd, ExportBundleData, , MMORPG, WindowsClient, Base, Installed, 0, 129755136
1046, b0e6f22a1229f33400000001, 0x34F329122AF2E6B0, , ../../../Engine/Plugins/Animation/ControlRig/Content/Controls/ControlRig_Circle_1mm.uasset, MMORPG-WindowsClient, 200802304, 129757184, 35157, 10315, 0xe4aad4dfdbe85c8329c460a61a2dc320bc2bfd50, ExportBundleData, , MMORPG, WindowsClient, Base, Installed, 0, 129757184
1047, c42798d4b7d7893a00000001, 0x3A89D7B7D49827C4, , ../../../Engine/Plugins/Animation/ControlRig/Content/Controls/ControlRig_Octagon_solid.uasset, MMORPG-WindowsClient, 200867840, 129769472, 8155, 2472, 0xe010b01dd1df63c9c11abc1cd5a11a6b800cb08d, ExportBundleData, , MMORPG, WindowsClient, Base, Installed, 0, 129769472
1048, 1d747f2667a6cc3e00000001, 0x3ECCA667267F741D, , ../../../Engine/Plugins/Animation/ControlRig/Content/Controls/ControlRig_Hexagon_1mm.uasset, MMORPG-WindowsClient, 200933376, 129773568, 9865, 3116, 0xf77b75a2858db7af84d7f81422348498e529f370, ExportBundleData, , MMORPG, WindowsClient, Base, Installed, 0, 129773568
1049, 032dd1d44e4fc35000000001, 0x50C34F4ED4D12D03, , ../../../Engine/Plugins/Animation/ControlRig/Content/Controls/ControlRig_Circle_solid.uasset, MMORPG-WindowsClient, 200998912, 129777664, 21371, 5437, 0xe64f05bde152c119faef3de6092b7bd0614941ec, ExportBundleData, , MMORPG, WindowsClient, Base, Installed, 0, 129777664
1050, 2f97b476b27e825100000001, 0x51827EB276B4972F, , ../../../Engine/Plugins/Animation/ControlRig/Content/Controls/ControlRig_RoundedTriangle_solid.uasset, MMORPG-WindowsClient, 201064448, 129783808, 18115, 5422, 0xc286147f15bf16db573acea136b32b44072d4bb8, ExportBundleData, , MMORPG, WindowsClient, Base, Installed, 0, 129783808
1051, 2c09f940b5d3cf5600000001, 0x56CFD3B540F9092C, , ../../../Engine/Plugins/Animation/ControlRig/Content/Controls/ControlRig_Square_3mm.uasset, MMORPG-WindowsClient, 201129984, 129789952, 6963, 2192, 0x526f3d65521e3a41d2d31bcb6c186ef676c59950, ExportBundleData, , MMORPG, WindowsClient, Base, Installed, 0, 129789952
1052, a9e8edb09171185f00000001, 0x5F187191B0EDE8A9, , ../../../Engine/Plugins/Animation/ControlRig/Content/Controls/ControlRig_Arrow2_1mm.uasset, MMORPG-WindowsClient, 201195520, 129794048, 13665, 3867, 0xb64d031d72a08c73e4bba38009cf485e7375807c, ExportBundleData, , MMORPG, WindowsClient, Base, Installed, 0, 129794048
1053, 1b32f3f341cb246000000001, 0x6024CB41F3F3321B, , ../../../Engine/Plugins/Animation/ControlRig/Content/Controls/ControlRig_Sphere_solid.uasset, MMORPG-WindowsClient, 201261056, 129798144, 97827, 35548, 0xc980a08cb7c14efb5e50876ff846743caa75c443, ExportBundleData, , MMORPG, WindowsClient, Base, Installed, 0, 129798144
1054, dd0c07221595b06000000001, 0x60B0951522070CDD, , ../../../Engine/Plugins/Experimental/Water/Content/Meshes/LakeMesh.uasset, MMORPG-WindowsClient, 201392128, 129835008, 3301, 1334, 0x0c72072b9337358946fa617fd7086b7fc2d3e59d, ExportBundleData, , MMORPG, WindowsClient, Base, Installed, 0, 129835008
1055, 47760300c23f376100000001, 0x61373FC200037647, , ../../../Engine/Plugins/Animation/ControlRig/Content/Controls/ControlRig_RoundedSquare_solid.uasset, MMORPG-WindowsClient, 201457664, 129837056, 29355, 7935, 0xdb7380c596e674a1331ea46b12d8c2e584fab744, ExportBundleData, , MMORPG, WindowsClient, Base, Installed, 0, 129837056
1056, dbdfc4bccd3d616d00000001, 0x6D613DCDBCC4DFDB, , ../../../Engine/Plugins/Animation/ControlRig/Content/Controls/ControlRig_Arrow2_solid.uasset, MMORPG-WindowsClient, 201523200, 129845248, 9083, 2817, 0x2c59aede2e11ce122fa7659c32cd394f245d6cf6, ExportBundleData, , MMORPG, WindowsClient, Base, Installed, 0, 129845248
1057, 0d2d768a1192b97000000001, 0x70B992118A762D0D, , ../../../Engine/Plugins/Animation/ControlRig/Content/Controls/ControlRig_Wedge_3mm.uasset, MMORPG-WindowsClient, 201588736, 129849344, 183917, 64134, 0xa852afbd94c5c482b6fb2f9f2e0329938f6f5cc1, ExportBundleData, , MMORPG, WindowsClient, Base, Installed, 0, 129849344
1058, 42cab4d3ee68987100000001, 0x719868EED3B4CA42, , ../../../Engine/Plugins/Animation/ControlRig/Content/Controls/ControlRig_Arrow4_1mm.uasset, MMORPG-WindowsClient, 201785344, 129914880, 24045, 6114, 0xa76597212c3fda76c2fd4049099844ff701cee4a, ExportBundleData, , MMORPG, WindowsClient, Base, Installed, 0, 129914880
1059, 7b9c08e592b6f57800000001, 0x78F5B692E5089C7B, /Engine/ArtTools/RenderToTexture/Meshes/S_1_Unit_Plane, ../../../Engine/Content/ArtTools/RenderToTexture/Meshes/S_1_Unit_Plane.uasset, MMORPG-WindowsClient, 201850880, 129921024, 4366, 1473, 0xf896eb623ddcb3e4e2651d28d3e5a935708e8a34, ExportBundleData, , MMORPG, WindowsClient, Base, Installed, 0, 129921024
1060, 2feae67d1f28277b00000001, 0x7B27281F7DE6EA2F, , ../../../Engine/Plugins/Animation/ControlRig/Content/Controls/ControlRig_Pyramid_3mm.uasset, MMORPG-WindowsClient, 201916416, 129923072, 142023, 40968, 0xbee0508fc12f9a212b98fa484ba3476d37043257, ExportBundleData, , MMORPG, WindowsClient, Base, Installed, 0, 129923072
1061, d23a4e7d2f47187c00000001, 0x7C18472F7D4E3AD2, , ../../../Engine/Plugins/Animation/ControlRig/Content/Controls/ControlRig_Hexagon_3mm.uasset, MMORPG-WindowsClient, 202113024, 129966080, 9987, 3132, 0x068acfcdb5e46008051c8aba906bfdda3b0981bd, ExportBundleData, , MMORPG, WindowsClient, Base, Installed, 0, 129966080
1062, 299f33e3d422c87c00000001, 0x7CC822D4E3339F29, , ../../../Engine/Plugins/Animation/ControlRig/Content/Controls/ControlRig_Star4_solid.uasset, MMORPG-WindowsClient, 202178560, 129970176, 8007, 2580, 0x5a9abff3573d86b87a13317458add1bd57aa225e, ExportBundleData, , MMORPG, WindowsClient, Base, Installed, 0, 129970176
1063, 021da6225c7f517f00000001, 0x7F517F5C22A61D02, , ../../../Engine/Plugins/Animation/ControlRig/Content/Controls/ControlRig_Sphere_1mm.uasset, MMORPG-WindowsClient, 202244096, 129974272, 234745, 75449, 0x4865f91716dc89bcc68055b6491fbc90cafcbf80, ExportBundleData, , MMORPG, WindowsClient, Base, Installed, 0, 129974272
1064, 6ff734fd30628e8c00000001, 0x8C8E6230FD34F76F, , ../../../Engine/Plugins/Animation/ControlRig/Content/Controls/ControlRig_Arrow_3mm.uasset, MMORPG-WindowsClient, 202506240, 130050048, 10541, 3243, 0xae4d4f1a7be2443c59e3027db469213a2099dc96, ExportBundleData, , MMORPG, WindowsClient, Base, Installed, 0, 130050048
1065, 1595b610bf425b8d00000001, 0x8D5B42BF10B69515, , ../../../Engine/Plugins/Animation/ControlRig/Content/Controls/ControlRig_Wedge_solid.uasset, MMORPG-WindowsClient, 202571776, 130054144, 84137, 28322, 0x86b4b0abfff3271961ee837e7a890519c7006a7f, ExportBundleData, , MMORPG, WindowsClient, Base, Installed, 0, 130054144
1066, c66b43ec76bfc59100000001, 0x91C5BF76EC436BC6, , ../../../Engine/Plugins/Animation/ControlRig/Content/Controls/ControlRig_Wedge_1mm.uasset, MMORPG-WindowsClient, 202702848, 130082816, 196557, 66189, 0xdf6599943196b2f92b3f4deab7c4add41ef01a16, ExportBundleData, , MMORPG, WindowsClient, Base, Installed, 0, 130082816
1067, 8ff50e13d07b6e9600000001, 0x966E7BD0130EF58F, , ../../../Engine/Plugins/Animation/ControlRig/Content/Controls/ControlRig_Star4_1mm.uasset, MMORPG-WindowsClient, 202899456, 130150400, 11245, 3463, 0x837b93ce6c7a80920d152f1cc02ec81c40a4e49a, ExportBundleData, , MMORPG, WindowsClient, Base, Installed, 0, 130150400
1068, 88eaefb43659df9600000001, 0x96DF5936B4EFEA88, , ../../../Engine/Plugins/Animation/ControlRig/Content/Controls/ControlRig_HalfCircle_1mm.uasset, MMORPG-WindowsClient, 202964992, 130154496, 23045, 6774, 0x6d955aca8d6251541db4eac3b7e7a0fbcbba0387, ExportBundleData, , MMORPG, WindowsClient, Base, Installed, 0, 130154496
1069, 1380a38fb2d9d09b00000001, 0x9BD0D9B28FA38013, , ../../../Engine/Plugins/Animation/ControlRig/Content/Controls/ControlRig_QuarterCircle_1mm.uasset, MMORPG-WindowsClient, 203030528, 130162688, 16787, 4095, 0x336a4566872492f31e09ff03f45f1aa05725124e, ExportBundleData, , MMORPG, WindowsClient, Base, Installed, 0, 130162688
1070, 26708189dce06d9c00000001, 0x9C6DE0DC89817026, , ../../../Engine/Plugins/Animation/ControlRig/Content/Controls/ControlRig_Circle_3mm.uasset, MMORPG-WindowsClient, 203096064, 130166784, 34523, 9879, 0x013961bf90657cf022e3bb1e88c7522b61aa7e2b, ExportBundleData, , MMORPG, WindowsClient, Base, Installed, 0, 130166784
1071, 635920dd8e97e89c00000001, 0x9CE8978EDD205963, , ../../../Engine/Plugins/Animation/ControlRig/Content/Controls/ControlRig_Triangle_solid.uasset, MMORPG-WindowsClient, 203161600, 130177024, 5359, 1922, 0xc0b00b91db7a3add263030cdf02df8a995b3d2a3, ExportBundleData, , MMORPG, WindowsClient, Base, Installed, 0, 130177024
1072, 4bf1e0df3070bca100000001, 0xA1BC7030DFE0F14B, , ../../../Engine/Plugins/Animation/ControlRig/Content/Controls/ControlRig_Arrow_solid.uasset, MMORPG-WindowsClient, 203227136, 130179072, 7565, 2422, 0x9974ca7cc7226d46693f13fbf6ca0852514c0451, ExportBundleData, , MMORPG, WindowsClient, Base, Installed, 0, 130179072
1073, e28775e15c9fefaa00000001, 0xAAEF9F5CE17587E2, , ../../../Engine/Plugins/Animation/ControlRig/Content/Controls/ControlRig_Pyramid_1mm.uasset, MMORPG-WindowsClient, 203292672, 130183168, 223461, 62742, 0x9e6329e45f06498c952716361bc14a642c1786ea, ExportBundleData, , MMORPG, WindowsClient, Base, Installed, 0, 130183168
1074, 81539c5da11600ae00000001, 0xAE0016A15D9C5381, , ../../../Engine/Plugins/Animation/ControlRig/Content/Controls/ControlRig_RoundedTriangle_3mm.uasset, MMORPG-WindowsClient, 203554816, 130246656, 34539, 9445, 0x50e375a5ee951371d882eca5e8d9d40ff61f6417, ExportBundleData, , MMORPG, WindowsClient, Base, Installed, 0, 130246656
1075, 1d2105a53b99f8b400000001, 0xB4F8993BA505211D, , ../../../Engine/Plugins/Animation/ControlRig/Content/Controls/ControlRig_Box_3mm.uasset, MMORPG-WindowsClient, 203620352, 130256896, 79029, 18529, 0x8a5098f209da9d8de535961b949c348b5871ad1f, ExportBundleData, , MMORPG, WindowsClient, Base, Installed, 0, 130256896
1076, 8a3d5c4c771cc2b800000001, 0xB8C21C774C5C3D8A, , ../../../Engine/Plugins/Animation/ControlRig/Content/Controls/ControlRig_RoundedTriangle_1mm.uasset, MMORPG-WindowsClient, 203751424, 130277376, 32561, 8977, 0xe3daafc4991d15fc77330bd478c5e962a521d5cc, ExportBundleData, , MMORPG, WindowsClient, Base, Installed, 0, 130277376
1077, c37eb6c5460e3abb00000001, 0xBB3A0E46C5B67EC3, , ../../../Engine/Plugins/Animation/ControlRig/Content/Controls/ControlRig_Arrow_1mm.uasset, MMORPG-WindowsClient, 203816960, 130287616, 10419, 3171, 0x5227101b0804e07e41b88271c03d621921fc06fc, ExportBundleData, , MMORPG, WindowsClient, Base, Installed, 0, 130287616
1078, d623d5bc8818ccbe00000001, 0xBECC1888BCD523D6, , ../../../Engine/Plugins/Animation/ControlRig/Content/Controls/ControlRig_Arrow4_3mm.uasset, MMORPG-WindowsClient, 203882496, 130291712, 24167, 6161, 0xdc4da8f91d7d7cd83c30b525f44b9ecd69ab560c, ExportBundleData, , MMORPG, WindowsClient, Base, Installed, 0, 130291712
1079, b6ecf8eaf9e325c400000001, 0xC425E3F9EAF8ECB6, , ../../../Engine/Plugins/Animation/ControlRig/Content/Controls/ControlRig_Box_solid.uasset, MMORPG-WindowsClient, 203948032, 130297888, 5503, 1740, 0x27c48fc8264062d80e0e26462f65c89dfcfb694e, ExportBundleData, , MMORPG, WindowsClient, Base, Installed, 0, 130297888
1080, b971d0721fc7bec800000001, 0xC8BEC71F72D071B9, , ../../../Engine/Plugins/Animation/ControlRig/Content/Controls/ControlRig_Diamond_1mm.uasset, MMORPG-WindowsClient, 204013568, 130299904, 342281, 93509, 0x7359743dc2a0fd99aff0aa150914b739c357e3a1, ExportBundleData, , MMORPG, WindowsClient, Base, Installed, 0, 130299904
1081, 1b4e0de804bc73c900000001, 0xC973BC04E80D4E1B, , ../../../Engine/Plugins/Experimental/Landmass/Content/Landscape/Meshes/S_SpritePlane.uasset, MMORPG-WindowsClient, 204406784, 130394112, 4398, 1483, 0x791974ab3abf6409f014e7f3af3f7664fbcfc18c, ExportBundleData, , MMORPG, WindowsClient, Base, Installed, 0, 130394112
1082, 1b6c8e2dd045aecf00000001, 0xCFAE45D02D8E6C1B, , ../../../Engine/Plugins/Animation/ControlRig/Content/Controls/ControlRig_Hexagon_solid.uasset, MMORPG-WindowsClient, 204472320, 130396160, 7387, 2445, 0x85175ea9eccf747c26fdb6582fb57df61da1c8be, ExportBundleData, , MMORPG, WindowsClient, Base, Installed, 0, 130396160
1083, d1e559d0e2302cd200000001, 0xD22C30E2D059E5D1, , ../../../Engine/Plugins/Animation/ControlRig/Content/Controls/ControlRig_HalfCircle_solid.uasset, MMORPG-WindowsClient, 204537856, 130400256, 15831, 3551, 0xb7be3fdb95b5f8a7f32b3d02954de92f3dc4194b, ExportBundleData, , MMORPG, WindowsClient, Base, Installed, 0, 130400256
1084, a91d103488503cd200000001, 0xD23C508834101DA9, , ../../../Engine/Plugins/Animation/ControlRig/Content/Controls/ControlRig_Diamond_3mm.uasset, MMORPG-WindowsClient, 204603392, 130404352, 218123, 61201, 0x115354a8ba57a2fafbc3da079258d756a7a893bb, ExportBundleData, , MMORPG, WindowsClient, Base, Installed, 0, 130404352
1085, 81e5ad0aacfbd7d600000001, 0xD6D7FBAC0AADE581, , ../../../Engine/Plugins/Animation/ControlRig/Content/Controls/ControlRig_Triangle_3mm.uasset, MMORPG-WindowsClient, 204865536, 130465792, 6557, 2217, 0x51fd7b85979610c300ca0d17e0fecabfc392d6ce, ExportBundleData, , MMORPG, WindowsClient, Base, Installed, 0, 130465792
1086, 34f8d388913445db00000001, 0xDB45349188D3F834, , ../../../Engine/Plugins/Animation/ControlRig/Content/Controls/ControlRig_Arrow4_solid.uasset, MMORPG-WindowsClient, 204931072, 130469888, 14343, 4036, 0x1413280a34545cbfa60f33b40337e1ebbafaa888, ExportBundleData, , MMORPG, WindowsClient, Base, Installed, 0, 130469888
1087, 5f69724b5dde38de00000001, 0xDE38DE5D4B72695F, , ../../../Engine/Plugins/Experimental/Water/Content/Meshes/RiverMesh.uasset, MMORPG-WindowsClient, 204996608, 130473984, 10354, 2256, 0x7bc3aadb3629cdc095fc042f5e81b7e456bab44a, ExportBundleData, , MMORPG, WindowsClient, Base, Installed, 0, 130473984
1088, 5f0bb60d5aa9cbe000000001, 0xE0CBA95A0DB60B5F, , ../../../Engine/Plugins/Animation/ControlRig/Content/Controls/ControlRig_Diamond_solid.uasset, MMORPG-WindowsClient, 205062144, 130478080, 8043, 2658, 0x2fc6af6a3348c7be8f608aec076e75dcdb312d71, ExportBundleData, , MMORPG, WindowsClient, Base, Installed, 0, 130478080
1089, 3c8fe56dcc4c94e400000001, 0xE4944CCC6DE58F3C, , ../../../Engine/Plugins/Animation/ControlRig/Content/Controls/ControlRig_Sphere_3mm.uasset, MMORPG-WindowsClient, 205127680, 130482176, 187659, 64380, 0x7a2ed77d8ab64bc87f975b4a26a0fc2ac25f121b, ExportBundleData, , MMORPG, WindowsClient, Base, Installed, 0, 130482176
1090, d77ff1320cafb8eb00000001, 0xEBB8AF0C32F17FD7, , ../../../Engine/Plugins/Animation/ControlRig/Content/Controls/ControlRig_Square_1mm.uasset, MMORPG-WindowsClient, 205324288, 130547712, 6841, 2167, 0xaa43c27a2e9725345d0cce2f8ca79b9a491101ff, ExportBundleData, , MMORPG, WindowsClient, Base, Installed, 0, 130547712
1091, 306a2f803628deec00000001, 0xECDE2836802F6A30, , ../../../Engine/Plugins/Media/MediaPlate/Content/SM_MediaPlateScreen.uasset, MMORPG-WindowsClient, 205389824, 130549888, 2693, 1085, 0x1e3ec5b70052ea90c9a1ae3c09c2ac04e077d50e, ExportBundleData, , MMORPG, WindowsClient, Base, Installed, 0, 130549888
1092, 0bd00fa41afbdaed00000001, 0xEDDAFB1AA40FD00B, , ../../../Engine/Plugins/Animation/ControlRig/Content/Controls/ControlRig_Box_1mm.uasset, MMORPG-WindowsClient, 205455360, 130551808, 164249, 33406, 0x2c159ddc49fac0ee1d2eb5820f368e3452a2b88f, ExportBundleData, , MMORPG, WindowsClient, Base, Installed, 0, 130551808
1093, db28b8396928adf000000001, 0xF0AD286939B828DB, , ../../../Engine/Plugins/Animation/ControlRig/Content/Controls/ControlRig_Octagon_3mm.uasset, MMORPG-WindowsClient, 205651968, 130586624, 11523, 3254, 0x7ce22a4551443627c9334e280c7a207bba813faf, ExportBundleData, , MMORPG, WindowsClient, Base, Installed, 0, 130586624
1094, 29ff7e5dd78cdef100000001, 0xF1DE8CD75D7EFF29, , ../../../Engine/Plugins/Animation/ControlRig/Content/Controls/ControlRig_Arrow2_3mm.uasset, MMORPG-WindowsClient, 205717504, 130590720, 13787, 3871, 0xd29a9f2d47295fdbeef3bc5d69fd4db6bac75088, ExportBundleData, , MMORPG, WindowsClient, Base, Installed, 0, 130590720
1095, e2e0e65221e757ff00000001, 0xFF57E72152E6E0E2, , ../../../Engine/Plugins/Animation/ControlRig/Content/Controls/ControlRig_RoundedSquare_3mm.uasset, MMORPG-WindowsClient, 205783040, 130594816, 62027, 14399, 0xe7db717f5bf840fd26185fc51f7376b817a0e627, ExportBundleData, , MMORPG, WindowsClient, Base, Installed, 0, 130594816
1096, b4d3126ba7954ec000000001, 0xC04E95A76B12D3B4, /Engine/EngineMaterials/DefaultMaterial, ../../../Engine/Content/EngineMaterials/DefaultMaterial.uasset, MMORPG-WindowsClient, 205848576, 130611200, 30260, 5414, 0xcc2a5fe32d0bede42a9a33f0ac09e1a12d968af8, ExportBundleData, , MMORPG, WindowsClient, Base, Installed, 0, 130611200
1097, 401fdec0fa7952da00000009, 0xDA5279FAC0DE1F40, , <ShaderCode>, MMORPG-WindowsClient, 205914112, 130617344, 79865, 79865, 0x3576734830aacb18e6d9335cf92f0923b86bedd8, ShaderCode, , MMORPG, WindowsClient, Base, Installed, 0, 130617344
1098, 7607d982d08b414700000001, 0x47418BD082D90776, /Engine/BasicShapes/Cylinder, ../../../Engine/Content/BasicShapes/Cylinder.uasset, MMORPG-WindowsClient, 206045184, 130697216, 50792, 13712, 0x4d37bb764c70c19c8094776b13f9d1515fbaa07e, ExportBundleData, , MMORPG, WindowsClient, Base, Installed, 0, 130697216
1099, 4a782f60fcb4c26e00000001, 0x6EC2B4FC602F784A, /Engine/BasicShapes/Sphere, ../../../Engine/Content/BasicShapes/Sphere.uasset, MMORPG-WindowsClient, 206110720, 130711552, 77922, 24498, 0x61d6d0a52c11631146c66ea768f6522db95c68db, ExportBundleData, , MMORPG, WindowsClient, Base, Installed, 0, 130711552
1100, f23f619700918ac500000001, 0xC58A910097613FF2, /Engine/BasicShapes/Cone, ../../../Engine/Content/BasicShapes/Cone.uasset, MMORPG-WindowsClient, 206241792, 130736128, 39405, 11790, 0x0b9c5cef360c6ca4c278553b354ee4493464b797, ExportBundleData, , MMORPG, WindowsClient, Base, Installed, 0, 130736128
1101, c9425a48eb22ed3500000001, 0x35ED22EB485A42C9, , ../../../Engine/Plugins/Interchange/Assets/Content/Functions/MX_ConicalEDF.uasset, MMORPG-WindowsClient, 206307328, 130747920, 408, 408, 0xa390ce5070c84f94f0500435280f6b711e694480, ExportBundleData, , MMORPG, WindowsClient, Base, Installed, 0, 130747920
1102, 85fc957de8cdf73500000001, 0x35F7CDE87D95FC85, /Engine/VREditor/TransformGizmo/PlaneTranslationHandle, ../../../Engine/Content/VREditor/TransformGizmo/PlaneTranslationHandle.uasset, MMORPG-WindowsClient, 206372864, 130748416, 11083, 3291, 0x1686b89df14cd2654bc7dde18a58af8856aa20db, ExportBundleData, , MMORPG, WindowsClient, Base, Installed, 0, 130748416
1103, cdb6f2e8065df7c100000001, 0xC1F75D06E8F2B6CD, /Engine/EngineMaterials/InvalidLightmapSettings, ../../../Engine/Content/EngineMaterials/InvalidLightmapSettings.uasset, MMORPG-WindowsClient, 206438400, 130752512, 3694, 1276, 0xa9218d672ac372d874d490ccbf2328f34f4dc8a1, ExportBundleData, , MMORPG, WindowsClient, Base, Installed, 0, 130752512
1104, 3c018da41573213600000001, 0x36217315A48D013C, /Engine/EngineMaterials/M_InvalidLightmapSettings, ../../../Engine/Content/EngineMaterials/M_InvalidLightmapSettings.uasset, MMORPG-WindowsClient, 206503936, 130754560, 6542, 2201, 0x8a78a889046f7bc8617a3981f4eb627cd9cb1926, ExportBundleData, , MMORPG, WindowsClient, Base, Installed, 0, 130754560
1105, 3abfc141c9d87aa300000009, 0xA37AD8C941C1BF3A, , <ShaderCode>, MMORPG-WindowsClient, 206569472, 130758656, 26757, 26757, 0xa3e9adbaeaf1dc0bf70239d33f4b2693626e1ffb, ShaderCode, , MMORPG, WindowsClient, Base, Installed, 0, 130758656
1106, 8c9eb2537b56333800000001, 0x3833567B53B29E8C, /Engine/VREditor/TransformGizmo/BoundingBoxEdge, ../../../Engine/Content/VREditor/TransformGizmo/BoundingBoxEdge.uasset, MMORPG-WindowsClient, 206635008, 130787328, 5531, 1925, 0x128051fe737f29bc4f72da2ba00995a5879eabcc, ExportBundleData, , MMORPG, WindowsClient, Base, Installed, 0, 130787328
1107, 77af3f2890a341cb00000001, 0xCB41A390283FAF77, /Engine/EditorLandscapeResources/MaskBrushMaterial, ../../../Engine/Content/EditorLandscapeResources/MaskBrushMaterial.uasset, MMORPG-WindowsClient, 206700544, 130789376, 5797, 2375, 0xa7514ad38f5c5225b0b995f444283b1121701cfa, ExportBundleData, , MMORPG, WindowsClient, Base, Installed, 0, 130789376
1108, 9080fc64f432d2a200000001, 0xA2D232F464FC8090, /Engine/EditorLandscapeResources/MaskBrushMaterial_MaskedRegion, ../../../Engine/Content/EditorLandscapeResources/MaskBrushMaterial_MaskedRegion.uasset, MMORPG-WindowsClient, 206766080, 130793472, 5150, 2118, 0x3b9d654ae854fcbcf3107752d805b548f9dd3453, ExportBundleData, , MMORPG, WindowsClient, Base, Installed, 0, 130793472
1109, 6d4d21b0c8c7384800000009, 0x4838C7C8B0214D6D, , <ShaderCode>, MMORPG-WindowsClient, 206831616, 130797568, 9488, 9488, 0xd756d3c48d2df4053731d9756b04567ada883fa2, ShaderCode, , MMORPG, WindowsClient, Base, Installed, 0, 130797568
1110, 1d73444d5abc74a300000001, 0xA374BC5A4D44731D, /Engine/VREditor/TransformGizmo/TranslateArrowHandle, ../../../Engine/Content/VREditor/TransformGizmo/TranslateArrowHandle.uasset, MMORPG-WindowsClient, 206897152, 130807808, 14701, 4569, 0xe5ff0db916c6b74b36088b406530c5986ac6a5f4, ExportBundleData, , MMORPG, WindowsClient, Base, Installed, 0, 130807808
1111, 6e29519b62df1acc00000001, 0xCC1ADF629B51296E, /Engine/VREditor/TransformGizmo/StartRotationHandleIndicator, ../../../Engine/Content/VREditor/TransformGizmo/StartRotationHandleIndicator.uasset, MMORPG-WindowsClient, 206962688, 130813952, 21016, 5050, 0xa8532362413c28a09f1d7851a3e19a4ec67a2339, ExportBundleData, , MMORPG, WindowsClient, Base, Installed, 0, 130813952
1112, 891a9cc4ae1bcbe800000001, 0xE8CB1BAEC49C1A89, /Engine/VREditor/TransformGizmo/RotationHandleIndicator, ../../../Engine/Content/VREditor/TransformGizmo/RotationHandleIndicator.uasset, MMORPG-WindowsClient, 207028224, 130820096, 14022, 3744, 0x329cc67f4fc61b3ff9a1ecb75b453c15a1165194, ExportBundleData, , MMORPG, WindowsClient, Base, Installed, 0, 130820096
1113, ab7f5e08ff57a4f400000001, 0xF4A457FF085E7FAB, /Engine/VREditor/TransformGizmo/RotationHandleFull, ../../../Engine/Content/VREditor/TransformGizmo/RotationHandleFull.uasset, MMORPG-WindowsClient, 207093760, 130824192, 96100, 15033, 0x003de7c131902ad2a7bcfba9ff490a6a03217ec2, ExportBundleData, , MMORPG, WindowsClient, Base, Installed, 0, 130824192
1114, 4c98b3cc8c1ad23b00000001, 0x3BD21A8CCCB3984C, , ../../../Engine/Plugins/Interchange/Assets/Content/Functions/MX_TranslucentBSDF.uasset, MMORPG-WindowsClient, 207224832, 130839248, 440, 440, 0x62b31fb52aa660e0fcf1d262db7b7b780643d292, ExportBundleData, , MMORPG, WindowsClient, Base, Installed, 0, 130839248
1115, 60979b29f8e4456800000001, 0x6845E4F8299B9760, , ../../../MMORPG/Content/Localization/ST_MMO.uasset, MMORPG-WindowsClient, 207290368, 130840576, 2002, 1065, 0xcd56ea0031f1f03c9b3588c541e7ab5e618ecd9a, ExportBundleData, , MMORPG, WindowsClient, Base, Installed, 0, 130840576
1116, 12956e85ed59a65300000001, 0x53A659ED856E9512, , ../../../MMORPG/Content/UI/WBP_ManaStatus.uasset, MMORPG-WindowsClient, 207355904, 130842624, 4065, 2070, 0xb434af15d898664fe7b684b573081afc6a1afe69, ExportBundleData, , MMORPG, WindowsClient, Base, Installed, 0, 130842624
1117, a06ebc9a7d88433d00000001, 0x3D43887D9ABC6EA0, , ../../../MMORPG/Content/UI/WBP_PlayerHUD.uasset, MMORPG-WindowsClient, 207421440, 130846720, 15592, 4259, 0x2c2406a02bba87811303ae6204b8a6ecccc24450, ExportBundleData, , MMORPG, WindowsClient, Base, Installed, 0, 130846720
1118, bd472f8cbf5f723d00000001, 0x3D725FBF8C2F47BD, /Engine/EditorResources/S_Actor, ../../../Engine/Content/EditorResources/S_Actor.uasset, MMORPG-WindowsClient, 207486976, 130852864, 22665, 5638, 0xcde02524be5f7cc37f41fda7ee0ab00c02ce15d1, ExportBundleData, , MMORPG, WindowsClient, Base, Installed, 0, 130852864
1119, c8548e53bc64ae9400000001, 0x94AE64BC538E54C8, /Engine/EngineMaterials/DefaultCalibrationColor, ../../../Engine/Content/EngineMaterials/DefaultCalibrationColor.uasset, MMORPG-WindowsClient, 207552512, 130859008, 1037321, 3146, 0xaaa0285f8b55131caba84a691fd5d675cf849ca0, ExportBundleData, , MMORPG, WindowsClient, Base, Installed, 0, 130859008
1120, a4739b1d475b4a3e00000001, 0x3E4A5B471D9B73A4, /Engine/EngineMaterials/PPM_DefaultCalibrationColor, ../../../Engine/Content/EngineMaterials/PPM_DefaultCalibrationColor.uasset, MMORPG-WindowsClient, 208601088, 130863104, 4573, 1810, 0x23b7c7e9d8bc6bc16932cbf74a4a8d6b354ddb84, ExportBundleData, , MMORPG, WindowsClient, Base, Installed, 0, 130863104
1121, 2f21a1f982e75e0b00000009, 0xB5EE782F9A1212F, , <ShaderCode>, MMORPG-WindowsClient, 208666624, 130865152, 2725, 2725, 0xd333ff487d7cf55d5110e6300e0deb6c0e6d6b62, ShaderCode, , MMORPG, WindowsClient, Base, Installed, 0, 130865152
1122, bed073642053364000000001, 0x403653206473D0BE, , ../../../Engine/Plugins/NNE/NNEDenoiser/Content/NNEDT_Oidn2-3_Balanced_Alpha.uasset, MMORPG-WindowsClient, 208732160, 130867888, 724, 724, 0xe48a33e16a9d8e55d02f3faec23f5da2329de1fb, ExportBundleData, , MMORPG, WindowsClient, Base, Installed, 0, 130867888
1123, 2cc5808063f890db00000001, 0xDB90F8638080C52C, , ../../../Engine/Plugins/2D/Paper2D/Content/PlaceholderTextures/DummySpriteTexture.uasset, MMORPG-WindowsClient, 208797696, 130869248, 6334, 2277, 0x505b5b0f9160dd5b8569a7317e5b3e65ce0f1530, ExportBundleData, , MMORPG, WindowsClient, Base, Installed, 0, 130869248
1124, 7936cc24a0df034100000001, 0x4103DFA024CC3679, , ../../../Engine/Plugins/2D/Paper2D/Content/DummySprite.uasset, MMORPG-WindowsClient, 208863232, 130871536, 903, 903, 0x21abd4515b43d4cf55af6d93c2fc0f5752f9838a, ExportBundleData, , MMORPG, WindowsClient, Base, Installed, 0, 130871536
1125, 1eb36adebf3e8d6900000001, 0x698D3EBFDE6AB31E, , ../../../Engine/Plugins/2D/Paper2D/Content/DefaultPaperTerrainMaterial.uasset, MMORPG-WindowsClient, 208928768, 130872448, 412, 412, 0x14a4da69b66babab6d6ae2c3cfa903df7557a007, ExportBundleData, , MMORPG, WindowsClient, Base, Installed, 0, 130872448
1126, 7a9669f0cb7cc24300000001, 0x43C27CCBF069967A, , ../../../Engine/Plugins/Interchange/Assets/Content/Functions/MX_UsdPreviewSurface.uasset, MMORPG-WindowsClient, 208994304, 130872864, 345, 345, 0x872a1430fc6b05be68c926b97cdda6b5d06fe556, ExportBundleData, , MMORPG, WindowsClient, Base, Installed, 0, 130872864
1127, 41f8bd8a043f8b4500000001, 0x458B3F048ABDF841, , ../../../Engine/Plugins/Interchange/Runtime/Content/Pipelines/DefaultGLTFAssetsPipeline.uasset, MMORPG-WindowsClient, 209059840, 130873344, 16057, 3859, 0x6c25ab4c9de192ef1a0a46306723fcdebf2111be, ExportBundleData, , MMORPG, WindowsClient, Base, Installed, 0, 130873344
1128, b916d415e9289b5500000001, 0x559B28E915D416B9, /Engine/EngineMaterials/DefaultCalibrationGrayscale, ../../../Engine/Content/EngineMaterials/DefaultCalibrationGrayscale.uasset, MMORPG-WindowsClient, 209125376, 130877440, 8294944, 108580, 0x67ddc2c57751eea2c7c19709548ec44255a9cce8, ExportBundleData, , MMORPG, WindowsClient, Base, Installed, 0, 130877440
1129, 14c0e68102482a4700000001, 0x472A480281E6C014, /Engine/EngineMaterials/PPM_DefaultCalibrationGrayscale, ../../../Engine/Content/EngineMaterials/PPM_DefaultCalibrationGrayscale.uasset, MMORPG-WindowsClient, 217448448, 130988032, 4582, 1822, 0x98aed9743b08ded61d8b34f44ffe0b88422a1fb6, ExportBundleData, , MMORPG, WindowsClient, Base, Installed, 0, 130988032
1130, fa3b97e4a7a8422f00000009, 0x2F42A8A7E4973BFA, , <ShaderCode>, MMORPG-WindowsClient, 217513984, 130990080, 6832, 6832, 0x440435afc3f9b55bf289ec4bfe55ffd0eb5ea0d6, ShaderCode, , MMORPG, WindowsClient, Base, Installed, 0, 130990080
1131, 67d4e8f2a83a1c4800000001, 0x481C3AA8F2E8D467, /Engine/EditorResources/S_TriggerSphere, ../../../Engine/Content/EditorResources/S_TriggerSphere.uasset, MMORPG-WindowsClient, 217579520, 130998272, 350428, 37145, 0xffd8ee86aa0cbdc0909c7e20c377ec9300241535, ExportBundleData, , MMORPG, WindowsClient, Base, Installed, 0, 130998272
1132, 7bae9d93c88ae44900000001, 0x49E48AC8939DAE7B, , ../../../Engine/Plugins/Runtime/HairStrands/Content/Materials/HairDefaultMaterial.uasset, MMORPG-WindowsClient, 217972736, 131037184, 30345, 5643, 0x0b8490112077520676c4ee9c645088f1c391dc8b, ExportBundleData, , MMORPG, WindowsClient, Base, Installed, 0, 131037184
1133, 58ac407f95ae164b00000001, 0x4B16AE957F40AC58, /Engine/EngineMaterials/MiniFont, ../../../Engine/Content/EngineMaterials/MiniFont.uasset, MMORPG-WindowsClient, 218038272, 131043328, 2536, 739, 0x24c3dd70358eb1d4ca5e52742c44570dbc051193, ExportBundleData, , MMORPG, WindowsClient, Base, Installed, 0, 131043328
1134, 723e23a2f95edb4b00000001, 0x4BDB5EF9A2233E72, , ../../../Engine/Plugins/Interchange/Runtime/Content/Pipelines/DefaultAssetsPipeline.uasset, MMORPG-WindowsClient, 218103808, 131045376, 15593, 3757, 0x3149b2b9a964e86c435ee8f8e1ac9b10fae4fe9d, ExportBundleData, , MMORPG, WindowsClient, Base, Installed, 0, 131045376
1135, 0705a93c98917e6a00000001, 0x6A7E91983CA90507, , ../../../Engine/Plugins/Animation/DeformerGraph/Content/DeformerFunctions/DG_Function_LinearBlendSkin_Morph_Cloth_PositionOnly.uasset, MMORPG-WindowsClient, 218169344, 131049472, 11747, 3300, 0xc7c5a5803567d04af6f821daa758572c091c7059, ExportBundleData, , MMORPG, WindowsClient, Base, Installed, 0, 131049472
1136, 285efb154be9034d00000001, 0x4D03E94B15FB5E28, , ../../../Engine/Plugins/Animation/DeformerGraph/Content/DeformerFunctions/DG_Function_ComputeNormalsTangents.uasset, MMORPG-WindowsClient, 218234880, 131053568, 14383, 3916, 0xf1b07904a068fc7efc32526ba195ccfe8eea23e8, ExportBundleData, , MMORPG, WindowsClient, Base, Installed, 0, 131053568
1137, 7314ed5e6175ee9000000001, 0x90EE75615EED1473, , ../../../Engine/Plugins/Animation/DeformerGraph/Content/Deformers/DG_LinearBlendSkin_Morph_Cloth_RecomputeNormals.uasset, MMORPG-WindowsClient, 218300416, 131057664, 33510, 6041, 0xc249b0906842d96b9b1bc3f3045f9610edc4131f, ExportBundleData, , MMORPG, WindowsClient, Base, Installed, 0, 131057664
1138, e5b71a176289b59a00000009, 0x9AB58962171AB7E5, , <ShaderCode>, MMORPG-WindowsClient, 218365952, 131063808, 37839, 37839, 0x32e3082b4c7a25b7e3395ae3b7b9417a6329abf5, ShaderCode, , MMORPG, WindowsClient, Base, Installed, 0, 131063808
1139, fec7fe778b24339c00000009, 0x9C33248B77FEC7FE, , <ShaderCode>, MMORPG-WindowsClient, 218431488, 131102720, 4169, 4169, 0x6e54a3b128e5283980225e7cc707702607f78df0, ShaderCode, , MMORPG, WindowsClient, Base, Installed, 0, 131102720
1140, 93f817e2fe374e4d00000001, 0x4D4E37FEE217F893, , ../../../Engine/Plugins/Interchange/Assets/Content/Functions/MX_UniformEDF.uasset, MMORPG-WindowsClient, 218497024, 131106896, 394, 394, 0x70179f6c0e1dce569882d83e42bd27de8560cc24, ExportBundleData, , MMORPG, WindowsClient, Base, Installed, 0, 131106896
1141, 34b40296d0d3844e00000001, 0x4E84D3D09602B434, /Engine/EngineMaterials/BlendFunc_DefBase, ../../../Engine/Content/EngineMaterials/BlendFunc_DefBase.uasset, MMORPG-WindowsClient, 218562560, 131107296, 1070, 596, 0x11522f3562b3146fcfc99dd0a5a2897e23f72efb, ExportBundleData, , MMORPG, WindowsClient, Base, Installed, 0, 131107296
1142, e9aeb8a579b1c74e00000001, 0x4EC7B179A5B8AEE9, , ../../../Engine/Plugins/NNE/NNEDenoiser/Content/NNEDIM_ColorAlbedoNormal_Default.uasset, MMORPG-WindowsClient, 218628096, 131107904, 706, 706, 0x038ffec91e2d8ba0d64c5bb3caabffb76037620c, ExportBundleData, , MMORPG, WindowsClient, Base, Installed, 0, 131107904
1143, 12c2c1346a8453a600000001, 0xA653846A34C1C212, , ../../../Engine/Plugins/2D/Paper2D/Content/DefaultSpriteMaterial.uasset, MMORPG-WindowsClient, 218693632, 131108864, 16112, 3904, 0x55d75f99fbc2cdc1145705c573d700fd04532ac5, ExportBundleData, , MMORPG, WindowsClient, Base, Installed, 0, 131108864
1144, f1bf90ec547c591000000009, 0x10597C54EC90BFF1, , <ShaderCode>, MMORPG-WindowsClient, 218759168, 131112960, 72291, 72291, 0x25d789fd1a23dc91bf285d4fe95bc77973382076, ShaderCode, , MMORPG, WindowsClient, Base, Installed, 0, 131112960
1145, 603c62bd8092b35100000001, 0x51B39280BD623C60, , ../../../Engine/Plugins/2D/Paper2D/Content/MaskedUnlitSpriteMaterial.uasset, MMORPG-WindowsClient, 218890240, 131185264, 493, 493, 0x4ffcb113f23aa6a5963fd00bd230636010d55e17, ExportBundleData, , MMORPG, WindowsClient, Base, Installed, 0, 131185264
1146, f95ade32d57ba98c00000001, 0x8CA97BD532DE5AF9, /Engine/Maps/Entry_BuiltData, ../../../Engine/Content/Maps/Entry_BuiltData.uasset, MMORPG-WindowsClient, 218955776, 131185760, 24277, 396, 0x035c9c2c109238ec6e8660e04a767a7ba3d6e2ba, ExportBundleData, , MMORPG, WindowsClient, Base, Installed, 0, 131185760
1147, d31cf458faf4915200000001, 0x5291F4FA58F41CD3, /Engine/Maps/Entry, ../../../Engine/Content/Maps/Entry.umap, MMORPG-WindowsClient, 219021312, 131186688, 2095, 1008, 0x83e6c1a8c7c4afee7053dbf47cfc6d569f3eb8e9, ExportBundleData, , MMORPG, WindowsClient, Base, Installed, 0, 131186688
1148, 94eb29fd7fc7d95200000001, 0x52D9C77FFD29EB94, /Engine/EngineMaterials/FastBlueNoise_vec2_128x128x64, ../../../Engine/Content/EngineMaterials/FastBlueNoise_vec2_128x128x64.uasset, MMORPG-WindowsClient, 219086848, 131188736, 4194851, 2140937, 0x9d533b103dc531188d1fc621f8c71779a4e3edfe, ExportBundleData, , MMORPG, WindowsClient, Base, Installed, 0, 131188736
1149, 2c00528af8ff695300000001, 0x5369FFF88A52002C, , ../../../Engine/Plugins/Runtime/AudioWidgets/Content/Resources/ScrubHandleDown_Clamped.uasset, MMORPG-WindowsClient, 223346688, 133330144, 1160, 591, 0x9cb972fa1514e663259ee5d1236108eb5ff33cb7, ExportBundleData, , MMORPG, WindowsClient, Base, Installed, 0, 133330144
1150, 26c11ce6a5a7725300000001, 0x5372A7A5E61CC126, , ../../../Engine/Plugins/Interchange/Assets/Content/Functions/MX_MeasuredEDF.uasset, MMORPG-WindowsClient, 223412224, 133330944, 416, 416, 0x290759d0f4cd23c6b10b7a8c75c5c817db27f07d, ExportBundleData, , MMORPG, WindowsClient, Base, Installed, 0, 133330944
1151, cf55d583dcb3955300000001, 0x5395B3DC83D555CF, , ../../../Engine/Plugins/NNE/NNEDenoiser/Content/NNEDTIM_ColorAlbedoNormal_Alpha.uasset, MMORPG-WindowsClient, 223477760, 133331360, 784, 784, 0x84f286c0eda0ec3542aeec56d4242c2c2fdf43c8, ExportBundleData, , MMORPG, WindowsClient, Base, Installed, 0, 133331360
1152, 9eef70e40a6d0c5400000001, 0x540C6D0AE470EF9E, , ../../../Engine/Plugins/Experimental/Water/Content/Curves/FloatCurve_WaterBodyIsland.uasset, MMORPG-WindowsClient, 223543296, 133332144, 413, 413, 0x14aa262cd530136c42d5ab9f5f0ecef28599bd9b, ExportBundleData, , MMORPG, WindowsClient, Base, Installed, 0, 133332144
1153, 1566dffa3e75bb5400000001, 0x54BB753EFADF6615, , ../../../MMORPG/Content/UI/WBP_MMOLayout.uasset, MMORPG-WindowsClient, 223608832, 133332992, 2013, 897, 0xe3782052829d27ac1da0d6a3142dc2403ad59773, ExportBundleData, , MMORPG, WindowsClient, Base, Installed, 0, 133332992
1154, 94d667c332f7ea5400000001, 0x54EAF732C367D694, , ../../../Engine/Plugins/NNE/NNEDenoiser/Content/NNEDIM_HighQuality_Default.uasset, MMORPG-WindowsClient, 223674368, 133333904, 702, 702, 0xad56b8b47ed93ab92d1b37e2a0248d1626ab91da, ExportBundleData, , MMORPG, WindowsClient, Base, Installed, 0, 133333904
1155, 625a85aa6a0f7c5900000001, 0x597C0F6AAA855A62, , ../../../Engine/Plugins/PCG/Content/ComputeSources/PCGCS_Quaternion.uasset, MMORPG-WindowsClient, 223739904, 133334608, 310, 310, 0x3079c8ec88801737f46a46f9bb7abff0e9e7827e, ExportBundleData, , MMORPG, WindowsClient, Base, Installed, 0, 133334608
1156, 2d3454fc8194c15900000001, 0x59C19481FC54342D, , ../../../Engine/Plugins/NNE/NNEDenoiser/Content/NNED_Oidn2-3_HighQuality.uasset, MMORPG-WindowsClient, 223805440, 133335040, 724, 724, 0x09a0db3beb9b74aa407983f52ae9b7bc3295c6de, ExportBundleData, , MMORPG, WindowsClient, Base, Installed, 0, 133335040
1157, f0a7f83421ac425b00000001, 0x5B42AC2134F8A7F0, /Engine/EngineMaterials/RemoveSurfaceMaterial, ../../../Engine/Content/EngineMaterials/RemoveSurfaceMaterial.uasset, MMORPG-WindowsClient, 223870976, 133337088, 3852, 1519, 0x0b686b4ad4125df8151595cd6746982f6f31ded3, ExportBundleData, , MMORPG, WindowsClient, Base, Installed, 0, 133337088
1158, f80afa2525d4bf8500000009, 0x85BFD42525FA0AF8, , <ShaderCode>, MMORPG-WindowsClient, 223936512, 133339136, 6988, 6988, 0x67dee018b0375e12a770ec15adec4df585b19cc4, ShaderCode, , MMORPG, WindowsClient, Base, Installed, 0, 133339136
1159, 1837ec195ad33a5d00000001, 0x5D3AD35A19EC3718, /Engine/EditorMaterials/Dataflow/DataflowTwoSidedVertexMaterial, ../../../Engine/Content/EditorMaterials/Dataflow/DataflowTwoSidedVertexMaterial.uasset, MMORPG-WindowsClient, 224002048, 133347328, 20654, 3900, 0xc6bf5702352ae1f3d7ffa7077f4320c90ccfa6dc, ExportBundleData, , MMORPG, WindowsClient, Base, Installed, 0, 133347328
1160, 9491df0e8bed425600000009, 0x5642ED8B0EDF9194, , <ShaderCode>, MMORPG-WindowsClient, 224067584, 133351424, 29256, 29256, 0x2914f416485c65c91bb06891c43bad80b39f7634, ShaderCode, , MMORPG, WindowsClient, Base, Installed, 0, 133351424
1161, 7d9ab2e6f15948da00000009, 0xDA4859F1E6B29A7D, , <ShaderCode>, MMORPG-WindowsClient, 224133120, 133382144, 29920, 29920, 0x3a8a65658fdc8d12ce73337641619a76e4a22f47, ShaderCode, , MMORPG, WindowsClient, Base, Installed, 0, 133382144
1162, 302d86a1d2e5645d00000001, 0x5D64E5D2A1862D30, /Engine/EngineMaterials/SMAAAreaTex, ../../../Engine/Content/EngineMaterials/SMAAAreaTex.uasset, MMORPG-WindowsClient, 224198656, 133412864, 358915, 44227, 0x618da45f795a41a4e3277d0d197e95fe75da2fca, ExportBundleData, , MMORPG, WindowsClient, Base, Installed, 0, 133412864
1163, a091940bcd6b2d5f00000001, 0x5F2D6BCD0B9491A0, , ../../../Engine/Plugins/Experimental/Water/Content/Materials/MPC/MPC_Water.uasset, MMORPG-WindowsClient, 224591872, 133457920, 4349, 2970, 0x735e6b344df88195ac8c1e4cb7b5012d7fed7d2d, ExportBundleData, , MMORPG, WindowsClient, Base, Installed, 0, 133457920
1164, 6496496d3afac4bc00000001, 0xBCC4FA3A6D499664, /Engine/EditorLandscapeResources/LayerVisMaterial, ../../../Engine/Content/EditorLandscapeResources/LayerVisMaterial.uasset, MMORPG-WindowsClient, 224657408, 133462016, 5107, 1994, 0xab618e00017190966305ca7805e898437b67bf67, ExportBundleData, , MMORPG, WindowsClient, Base, Installed, 0, 133462016
1165, 0320d79e4ce44eb800000009, 0xB84EE44C9ED72003, , <ShaderCode>, MMORPG-WindowsClient, 224722944, 133464064, 8577, 8577, 0x67dee3c9e84422130073ea7bad42c744715eb00c, ShaderCode, , MMORPG, WindowsClient, Base, Installed, 0, 133464064
1166, e742d53ef860a16500000001, 0x65A160F83ED542E7, /Engine/VREditor/Sounds/UI/Scaling_Down, ../../../Engine/Content/VREditor/Sounds/UI/Scaling_Down.uasset, MMORPG-WindowsClient, 224788480, 133472656, 510, 510, 0x9273cbe45f89ec017350d4e490b8f1fb57b92a3d, ExportBundleData, , MMORPG, WindowsClient, Base, Installed, 0, 133472656
1167, fc02beddefa70f6600000001, 0x660FA7EFDDBE02FC, , ../../../Engine/Plugins/Interchange/Assets/Content/Functions/MX_DielectricBSDF.uasset, MMORPG-WindowsClient, 224854016, 133473168, 907, 907, 0x068a08acfb157330aa73d9f94a4a3acf23122f4d, ExportBundleData, , MMORPG, WindowsClient, Base, Installed, 0, 133473168
1168, cced52c568bd256600000001, 0x6625BD68C552EDCC, , ../../../Engine/Plugins/NNE/NNEDenoiser/Content/NNEDTIM_ColorAlbedoNormal_Default.uasset, MMORPG-WindowsClient, 224919552, 133474304, 706, 706, 0x79748560eb92df3e2be3e384fe142323cbb08863, ExportBundleData, , MMORPG, WindowsClient, Base, Installed, 0, 133474304
1169, 27b794321822576600000001, 0x665722183294B727, /Engine/EngineMaterials/NaniteHiddenSectionMaterial, ../../../Engine/Content/EngineMaterials/NaniteHiddenSectionMaterial.uasset, MMORPG-WindowsClient, 224985088, 133476352, 12791, 3633, 0x8c942d71ea74bbd1cf098405b98af85e4cc9fe06, ExportBundleData, , MMORPG, WindowsClient, Base, Installed, 0, 133476352
1170, 68c101ca4de40e8900000009, 0x890EE44DCA01C168, , <ShaderCode>, MMORPG-WindowsClient, 225050624, 133480448, 63398, 63398, 0x59b12b92de7d09e6d455a6ab20f949c722920300, ShaderCode, , MMORPG, WindowsClient, Base, Installed, 0, 133480448
1171, facb7a69bd93f36600000001, 0x66F393BD697ACBFA, , ../../../Engine/Plugins/Experimental/Water/Content/Icons/WaterErrorSprite.uasset, MMORPG-WindowsClient, 225116160, 133543936, 6366, 2744, 0x9f8cd6a37605cd906d46bd90907556ebbaa8b393, ExportBundleData, , MMORPG, WindowsClient, Base, Installed, 0, 133543936
1172, 8b10fd16427ee26700000001, 0x67E27E4216FD108B, , ../../../Engine/Plugins/Interchange/Assets/Content/Functions/MX_BurleyDiffuseBSDF.uasset, MMORPG-WindowsClient, 225181696, 133546688, 452, 452, 0xd2ae86f3939e28fe816d8be5072270ab3e77619c, ExportBundleData, , MMORPG, WindowsClient, Base, Installed, 0, 133546688
1173, 5ec45a1d42ba559b00000001, 0x9B55BA421D5AC45E, , ../../../MMORPG/Content/UI/WBP_Confirm.uasset, MMORPG-WindowsClient, 225247232, 133548032, 6640, 2347, 0x69f00825eedb549d2eb842f9cb1b94e6367ce835, ExportBundleData, , MMORPG, WindowsClient, Base, Installed, 0, 133548032
1174, 54450180621379a800000001, 0xA879136280014554, , ../../../MMORPG/Content/UI/WBP_Inventory.uasset, MMORPG-WindowsClient, 225312768, 133552128, 7548, 2812, 0x71f874a0421026bfa4318f97873779fefbc895aa, ExportBundleData, , MMORPG, WindowsClient, Base, Installed, 0, 133552128
1175, 3fc0ea379f66fdce00000001, 0xCEFD669F37EAC03F, , ../../../MMORPG/Content/UI/WBP_Settings.uasset, MMORPG-WindowsClient, 225378304, 133556224, 14323, 3385, 0x92c6a9618b6e6591c507f67e21d636a05e4c217e, ExportBundleData, , MMORPG, WindowsClient, Base, Installed, 0, 133556224
1176, 66ae7e48a72308d700000001, 0xD70823A7487EAE66, , ../../../MMORPG/Content/UI/WBP_Login.uasset, MMORPG-WindowsClient, 225443840, 133560320, 17385, 3935, 0xfd0f1f77bec4111d138108fac42bffdf8ff8bd53, ExportBundleData, , MMORPG, WindowsClient, Base, Installed, 0, 133560320
1177, 3f5f982d0a20cf6800000001, 0x68CF200A2D985F3F, , ../../../MMORPG/Content/MMO/Input/DA_MMOInputConfig.uasset, MMORPG-WindowsClient, 225509376, 133564416, 1114, 631, 0x882915a0ffb440033da9167b7b92d21e3e902a19, ExportBundleData, , MMORPG, WindowsClient, Base, Installed, 0, 133564416
1178, 81bfd6cd53c5926a00000001, 0x6A92C553CDD6BF81, , ../../../Engine/Plugins/NNE/NNEDenoiser/Content/NNEDOM_Output_Default.uasset, MMORPG-WindowsClient, 225574912, 133565056, 482, 482, 0xc47f7b1cf66c38a078281063f4081e15bfa509b8, ExportBundleData, , MMORPG, WindowsClient, Base, Installed, 0, 133565056
1179, 6d177c7db7c3eb6b00000001, 0x6BEBC3B77D7C176D, /Engine/EngineMaterials/EnergyConservation/GGX_ReflectionEnergy, ../../../Engine/Content/EngineMaterials/EnergyConservation/GGX_ReflectionEnergy.uasset, MMORPG-WindowsClient, 225640448, 133566464, 8766, 3455, 0x984b3d81de099100d132812e6dd5968499eb5a45, ExportBundleData, , MMORPG, WindowsClient, Base, Installed, 0, 133566464
1180, a257a4a1759b7c6d00000001, 0x6D7C9B75A1A457A2, , ../../../Engine/Plugins/Runtime/HairStrands/Content/Materials/HairCardsDefaultMaterial.uasset, MMORPG-WindowsClient, 225705984, 133570560, 45664, 7630, 0x735994900fcba273cc2f14ddf497cae441eb7ab0, ExportBundleData, , MMORPG, WindowsClient, Base, Installed, 0, 133570560
1181, 90f76c1daf09c56c00000009, 0x6CC509AF1D6CF790, , <ShaderCode>, MMORPG-WindowsClient, 225771520, 133578752, 119687, 119687, 0x4524ee50f52f0224904050e613b7625e741f2264, ShaderCode, , MMORPG, WindowsClient, Base, Installed, 0, 133578752
1182, ba6543c81e92e56d00000001, 0x6DE5921EC84365BA, /Engine/EditorMaterials/ParticleSystems/PSysThumbnail_NoImage, ../../../Engine/Content/EditorMaterials/ParticleSystems/PSysThumbnail_NoImage.uasset, MMORPG-WindowsClient, 225902592, 133698448, 3646, 846, 0xdde1f23326ae549e663448f3ffd445b6ae470489, ExportBundleData, , MMORPG, WindowsClient, Base, Installed, 0, 133698448
1183, 2563b8e7aff6d26e00000001, 0x6ED2F6AFE7B86325, /Engine/EngineMaterials/BaseFlattenGrayscaleMap, ../../../Engine/Content/EngineMaterials/BaseFlattenGrayscaleMap.uasset, MMORPG-WindowsClient, 225968128, 133699584, 2130, 698, 0xf2844dc0522057544d541200cea355c3090639ae, ExportBundleData, , MMORPG, WindowsClient, Base, Installed, 0, 133699584
1184, d77ca907bf9be46e00000001, 0x6EE49BBF07A97CD7, /Engine/EngineMaterials/BaseFlattenEmissiveMap_VT, ../../../Engine/Content/EngineMaterials/BaseFlattenEmissiveMap_VT.uasset, MMORPG-WindowsClient, 226033664, 133700288, 938, 938, 0x84317d9eb755f2b040c6d89f7ea7d5ee400fb6c8, ExportBundleData, , MMORPG, WindowsClient, Base, Installed, 0, 133700288
1185, b60fa590a5fe4d6f00000001, 0x6F4DFEA590A50FB6, /Engine/Functions/Engine_MaterialFunctions02/PivotPainter2/Black_1x1_EXR_Texture, ../../../Engine/Content/Functions/Engine_MaterialFunctions02/PivotPainter2/Black_1x1_EXR_Texture.uasset, MMORPG-WindowsClient, 226099200, 133701632, 578, 578, 0xbbaddd376599825df84c9d9012ec676ded7d0c48, ExportBundleData, , MMORPG, WindowsClient, Base, Installed, 0, 133701632
1186, fb3fd515f165bb7100000001, 0x71BB65F115D53FFB, , ../../../Engine/Plugins/Interchange/Runtime/Content/Pipelines/DefaultMaterialPipeline.uasset, MMORPG-WindowsClient, 226164736, 133702224, 2708, 1006, 0x2155c8db80873dfbca4c8e6aeba8bc766c1af055, ExportBundleData, , MMORPG, WindowsClient, Base, Installed, 0, 133702224
1187, f4c1c0480b18827400000001, 0x7482180B48C0C1F4, , ../../../MMORPG/Content/Tutorial/BP_BackendHealth.uasset, MMORPG-WindowsClient, 226230272, 133703680, 3892, 1924, 0xc128fb2ea7c49324a281702efdb5f47473e1621f, ExportBundleData, , MMORPG, WindowsClient, Base, Installed, 0, 133703680
1188, 7045cf1b55a1317500000001, 0x7531A1551BCF4570, /Engine/EngineDebugMaterials/DebugEditorMaterial, ../../../Engine/Content/EngineDebugMaterials/DebugEditorMaterial.uasset, MMORPG-WindowsClient, 226295808, 133705728, 6012, 2292, 0x08ddf264db2dae3e043dd9ddbd8c19e599b33773, ExportBundleData, , MMORPG, WindowsClient, Base, Installed, 0, 133705728
1189, bd79a33028a8b15900000009, 0x59B1A82830A379BD, , <ShaderCode>, MMORPG-WindowsClient, 226361344, 133709824, 7237, 7237, 0x50a96a9dc335ab8d71b1e8539876b52c7f55503f, ShaderCode, , MMORPG, WindowsClient, Base, Installed, 0, 133709824
1190, ed546f775ec1047600000001, 0x7604C15E776F54ED, , ../../../Engine/Plugins/NNE/NNEDenoiser/Content/NNED_Oidn2-3_HighQuality_Alpha.uasset, MMORPG-WindowsClient, 226426880, 133717072, 732, 732, 0x2bede86dd4b7f34959c2b0734fa46661613ad081, ExportBundleData, , MMORPG, WindowsClient, Base, Installed, 0, 133717072
1191, f9c22d1e389bae7700000001, 0x77AE9B381E2DC2F9, , ../../../Engine/Plugins/NNE/NNEDenoiser/Content/NNEDT_Oidn2-3_Balanced.uasset, MMORPG-WindowsClient, 226492416, 133718016, 724, 724, 0xd423e18f59d86ab67439224b2ec46acd39741985, ExportBundleData, , MMORPG, WindowsClient, Base, Installed, 0, 133718016
1192, 96260e8496d40b7a00000001, 0x7A0BD496840E2696, /Engine/EngineResources/Development/ZenLogo_64, ../../../Engine/Content/EngineResources/Development/ZenLogo_64.uasset, MMORPG-WindowsClient, 226557952, 133720064, 6278, 2253, 0x9691a69190c9470aa069376b770944f982e05356, ExportBundleData, , MMORPG, WindowsClient, Base, Installed, 0, 133720064
1193, 486e053c7e6c457b00000001, 0x7B456C7E3C056E48, /Engine/EngineMaterials/Substrate/GLints/AGlintTex2dArray, ../../../Engine/Content/EngineMaterials/Substrate/GLints/AGlintTex2dArray.uasset, MMORPG-WindowsClient, 226623488, 133724160, 1041205, 531809, 0xae2fe722236e81212f088d6404227e81465c1b99, ExportBundleData, , MMORPG, WindowsClient, Base, Installed, 0, 133724160
1194, 65401b411493477b00000001, 0x7B479314411B4065, /Engine/EngineMaterials/DefaultBokeh, ../../../Engine/Content/EngineMaterials/DefaultBokeh.uasset, MMORPG-WindowsClient, 227672064, 134256640, 22644, 6236, 0x69a9235c2df7f49d92ad1f6e78268d743b0edcde, ExportBundleData, , MMORPG, WindowsClient, Base, Installed, 0, 134256640
1195, 0acdaa5b8fb65e7b00000001, 0x7B5EB68F5BAACD0A, , ../../../Engine/Plugins/PCG/Content/ComputeSources/PCGCS_ShaderUtils.uasset, MMORPG-WindowsClient, 227737600, 134262880, 310, 310, 0x2152a31acd272183d50a838d67bad33004805545, ExportBundleData, , MMORPG, WindowsClient, Base, Installed, 0, 134262880
1196, bcaabd26c111707b00000001, 0x7B7011C126BDAABC, , ../../../Engine/Plugins/Interchange/Assets/Content/Functions/MX_ChiangHairBSDF.uasset, MMORPG-WindowsClient, 227803136, 134263200, 334, 334, 0x412ce9e0f4a4bdd9109be849af48eca32eedcbdc, ExportBundleData, , MMORPG, WindowsClient, Base, Installed, 0, 134263200
1197, 52a5c49a743a12b500000001, 0xB5123A749AC4A552, /Engine/EngineFonts/RobotoDistanceField, ../../../Engine/Content/EngineFonts/RobotoDistanceField.uasset, MMORPG-WindowsClient, 227868672, 134264832, 137210, 45493, 0x9c574ed34024e080cc456d579e2b31300df40ee1, ExportBundleData, , MMORPG, WindowsClient, Base, Installed, 0, 134264832
1198, e3ad05e4a2d7a17c00000001, 0x7CA1D7A2E405ADE3, /Engine/EngineMaterials/DefaultTextMaterialOpaque, ../../../Engine/Content/EngineMaterials/DefaultTextMaterialOpaque.uasset, MMORPG-WindowsClient, 228065280, 134311936, 13683, 3849, 0xee46ac27568c2d1768446c3b611d7f533b22f554, ExportBundleData, , MMORPG, WindowsClient, Base, Installed, 0, 134311936
1199, 09bd9060191fceaa00000009, 0xAACE1F196090BD09, , <ShaderCode>, MMORPG-WindowsClient, 228130816, 134316032, 42838, 42838, 0x8f23d7d5428dca8054a9ddddca5ad08382b2b163, ShaderCode, , MMORPG, WindowsClient, Base, Installed, 0, 134316032
1200, 991a09d3aabeb67c00000001, 0x7CB6BEAAD3091A99, , ../../../Engine/Plugins/Interchange/Assets/Content/Functions/MX_SheenBSDF.uasset, MMORPG-WindowsClient, 228196352, 134359040, 568, 568, 0xdb62401699b80c4de0b5666e3e1cfc941931328c, ExportBundleData, , MMORPG, WindowsClient, Base, Installed, 0, 134359040
1201, d3e3b4922c1f537d00000001, 0x7D531F2C92B4E3D3, , ../../../Engine/Plugins/Experimental/Water/Content/Curves/FloatCurve.uasset, MMORPG-WindowsClient, 228261888, 134359616, 354, 354, 0x24fd5e1461a43f1964c251e46c182a4ac3ddead9, ExportBundleData, , MMORPG, WindowsClient, Base, Installed, 0, 134359616
1202, 27060175e0cfb17e00000001, 0x7EB1CFE075010627, , ../../../Engine/Plugins/Interchange/Runtime/Content/Pipelines/DefaultFBXOBJAssetsPipeline.uasset, MMORPG-WindowsClient, 228327424, 134361088, 15831, 3820, 0x32cd7a2237d7d3c822f16a4549c2ddef015596be, ExportBundleData, , MMORPG, WindowsClient, Base, Installed, 0, 134361088
1203, c18dd883a0c55c8b00000001, 0x8B5CC5A083D88DC1, /Engine/EngineMaterials/BaseFlattenNormalMap, ../../../Engine/Content/EngineMaterials/BaseFlattenNormalMap.uasset, MMORPG-WindowsClient, 228392960, 134365184, 535, 535, 0xa8991ad8fc7e07bc0a5cd0b13e3480c6c473b28c, ExportBundleData, , MMORPG, WindowsClient, Base, Installed, 0, 134365184
1204, 2acd952336aab07f00000001, 0x7FB0AA362395CD2A, /Engine/EngineMaterials/FlattenMaterial, ../../../Engine/Content/EngineMaterials/FlattenMaterial.uasset, MMORPG-WindowsClient, 228458496, 134367232, 22679, 5218, 0xb811b04d283b8e095943ea933e28b7e5e7c61e77, ExportBundleData, , MMORPG, WindowsClient, Base, Installed, 0, 134367232
1205, 508ae9f35caa39b900000009, 0xB939AA5CF3E98A50, , <ShaderCode>, MMORPG-WindowsClient, 228524032, 134373376, 187356, 187356, 0x9a74c97d2cb3879c9b727ca8048493dfb1bb4e59, ShaderCode, , MMORPG, WindowsClient, Base, Installed, 0, 134373376
1206, 84ee12d7bc5f5a8000000001, 0x805A5FBCD712EE84, /Engine/Functions/Engine_MaterialFunctions02/WorldPositionOffset/CameraOffset, ../../../Engine/Content/Functions/Engine_MaterialFunctions02/WorldPositionOffset/CameraOffset.uasset, MMORPG-WindowsClient, 228720640, 134560736, 483, 483, 0x5220cf02daca8ab8ca085781710076781733edd1, ExportBundleData, , MMORPG, WindowsClient, Base, Installed, 0, 134560736
1207, 305a1ec18dd5a4be00000001, 0xBEA4D58DC11E5A30, /Engine/EngineMaterials/PhAT_JointLimitMaterial, ../../../Engine/Content/EngineMaterials/PhAT_JointLimitMaterial.uasset, MMORPG-WindowsClient, 228786176, 134561792, 7687, 2745, 0xecb6af5927ad1b2252832aa28c8d3ed6c5f1a871, ExportBundleData, , MMORPG, WindowsClient, Base, Installed, 0, 134561792
1208, 1ad25bac24fc7f0600000009, 0x67FFC24AC5BD21A, , <ShaderCode>, MMORPG-WindowsClient, 228851712, 134565888, 19346, 19346, 0x11ce302f7ca5821d189381491cd0fed9ccb4e1d6, ShaderCode, , MMORPG, WindowsClient, Base, Installed, 0, 134565888
1209, 9a5a67fa3c2b2de900000001, 0xE92D2B3CFA675A9A, , ../../../Engine/Plugins/Animation/ControlRig/Content/M_Manip.uasset, MMORPG-WindowsClient, 228917248, 134586368, 7628, 2730, 0x4055ec2b0b4f042bdf4e8b4d89a95a86bcbdff92, ExportBundleData, , MMORPG, WindowsClient, Base, Installed, 0, 134586368
1210, 1b40820d4ebfd77200000009, 0x72D7BF4E0D82401B, , <ShaderCode>, MMORPG-WindowsClient, 228982784, 134590464, 14043, 14043, 0xadb5525445c6170dfacfd0341f61833eccc66415, ShaderCode, , MMORPG, WindowsClient, Base, Installed, 0, 134590464
1211, 5e575dc9b264728400000001, 0x847264B2C95D575E, /Engine/EngineMaterials/EnergyConservation/SheenLegacy_Energy, ../../../Engine/Content/EngineMaterials/EnergyConservation/SheenLegacy_Energy.uasset, MMORPG-WindowsClient, 229048320, 134604800, 8758, 2648, 0xe88908f8365a93e4b153dfef1672b0ae7edda827, ExportBundleData, , MMORPG, WindowsClient, Base, Installed, 0, 134604800
1212, 03649d3868aaf38400000001, 0x84F3AA68389D6403, , ../../../Engine/Plugins/Interchange/Runtime/Content/Pipelines/DefaultGLTFSceneAssetsPipeline.uasset, MMORPG-WindowsClient, 229113856, 134608896, 16430, 3994, 0x5fa5a5354cf743a4c27a1883682e669f516bf12e, ExportBundleData, , MMORPG, WindowsClient, Base, Installed, 0, 134608896
1213, d620d2e7800c508700000001, 0x87500C80E7D220D6, /Engine/VREditor/Sounds/UI/Object_Snaps_To_Grid, ../../../Engine/Content/VREditor/Sounds/UI/Object_Snaps_To_Grid.uasset, MMORPG-WindowsClient, 229179392, 134612992, 526, 526, 0x6f1df3762023ade75cc24da199bddbcf772eed95, ExportBundleData, , MMORPG, WindowsClient, Base, Installed, 0, 134612992
1214, 398ec9425592ef8800000001, 0x88EF925542C98E39, /Engine/EditorMaterials/WidgetVertexColorMaterial, ../../../Engine/Content/EditorMaterials/WidgetVertexColorMaterial.uasset, MMORPG-WindowsClient, 229244928, 134615040, 5677, 2079, 0x4dd1bbde4e88b2d5f39dd3467c59d3b017a11f31, ExportBundleData, , MMORPG, WindowsClient, Base, Installed, 0, 134615040
1215, 57db4291d5b39b1e00000009, 0x1E9BB3D59142DB57, , <ShaderCode>, MMORPG-WindowsClient, 229310464, 134619136, 11595, 11595, 0xaca01daf380ddd6969fc569ec8e55744a9bd679a, ShaderCode, , MMORPG, WindowsClient, Base, Installed, 0, 134619136
1216, f87a01e7b138538a00000001, 0x8A5338B1E7017AF8, /Engine/EngineResources/GradientTexture0, ../../../Engine/Content/EngineResources/GradientTexture0.uasset, MMORPG-WindowsClient, 229376000, 134631424, 6220, 774, 0x27b38b9cea42ae21f89472ed834ba23dd8edac55, ExportBundleData, , MMORPG, WindowsClient, Base, Installed, 0, 134631424
1217, 6baf53cf79c0948b00000001, 0x8B94C079CF53AF6B, /Engine/EngineResources/DefaultTexture, ../../../Engine/Content/EngineResources/DefaultTexture.uasset, MMORPG-WindowsClient, 229441536, 134633472, 3566, 2835, 0xb7b2df50c135dbc1a14c4462dfd651d8fcad2f03, ExportBundleData, , MMORPG, WindowsClient, Base, Installed, 0, 134633472
1218, a554bae341b99c8c00000001, 0x8C9CB941E3BA54A5, , ../../../Engine/Plugins/NNE/NNEDenoiser/Content/NNED_Oidn2-3_Fast.uasset, MMORPG-WindowsClient, 229507072, 134636320, 716, 716, 0x53f26d6d2f4cf6fa09d6cec32bd7e91369877e9b, ExportBundleData, , MMORPG, WindowsClient, Base, Installed, 0, 134636320
1219, ff79b16f4686109100000001, 0x911086466FB179FF, , ../../../Engine/Plugins/Interchange/Assets/Content/Functions/MX_AbsorptionVDF.uasset, MMORPG-WindowsClient, 229572608, 134637040, 384, 384, 0x7cde63148856c856c9b98530bd8477772186a16b, ExportBundleData, , MMORPG, WindowsClient, Base, Installed, 0, 134637040
1220, a723d2bc1de7799100000001, 0x9179E71DBCD223A7, , ../../../Engine/Plugins/Interchange/Runtime/Content/Pipelines/DefaultFBXOBJSceneAssetsPipeline.uasset, MMORPG-WindowsClient, 229638144, 134637568, 16103, 3873, 0xcec78adf1838a09d2ed2c1b9f74c889bc0d1049a, ExportBundleData, , MMORPG, WindowsClient, Base, Installed, 0, 134637568
1221, cda0cf6115260c9400000001, 0x940C261561CFA0CD, /Engine/EngineResources/Black, ../../../Engine/Content/EngineResources/Black.uasset, MMORPG-WindowsClient, 229703680, 134641664, 1406, 360, 0xfc4abe57930de9a3e3def37396433b3fb791ba5d, ExportBundleData, , MMORPG, WindowsClient, Base, Installed, 0, 134641664
1222, ee0cbda85b62119700000001, 0x9711625BA8BD0CEE, /Engine/EngineMaterials/LTC/GGX_LTCMat, ../../../Engine/Content/EngineMaterials/LTC/GGX_LTCMat.uasset, MMORPG-WindowsClient, 229769216, 134643712, 33302, 21926, 0x8819c11da55f1806ab53e575c460916521d9a80e, ExportBundleData, , MMORPG, WindowsClient, Base, Installed, 0, 134643712
1223, ca8f2d7d1b857a9700000001, 0x977A851B7D2D8FCA, , ../../../Engine/Plugins/NNE/NNEDenoiser/Content/NNED_Oidn2-3_Balanced.uasset, MMORPG-WindowsClient, 229834752, 134666240, 716, 716, 0x2d0c20d4663f30576fd822b920c517e78b851809, ExportBundleData, , MMORPG, WindowsClient, Base, Installed, 0, 134666240
1224, af2a64bd763be89800000001, 0x98E83B76BD642AAF, , ../../../Engine/Plugins/Interchange/Assets/Content/Functions/MX_SubsurfaceBSDF.uasset, MMORPG-WindowsClient, 229900288, 134666960, 817, 817, 0x9ccd923c313223437bf2127be6d845c508818ab2, ExportBundleData, , MMORPG, WindowsClient, Base, Installed, 0, 134666960
1225, 6229e1c5b978089900000001, 0x990878B9C5E12962, /Engine/EditorLandscapeResources/SplineEditorMeshMat, ../../../Engine/Content/EditorLandscapeResources/SplineEditorMeshMat.uasset, MMORPG-WindowsClient, 229965824, 134668288, 8863, 2731, 0x8561c5f7110039d96e1d26a1130a40bb8ef5545d, ExportBundleData, , MMORPG, WindowsClient, Base, Installed, 0, 134668288
1226, 53e41c0f3cb7f48e00000009, 0x8EF4B73C0F1CE453, , <ShaderCode>, MMORPG-WindowsClient, 230031360, 134672384, 42365, 42365, 0x3c1385890eca35e3587caa2f5537f8a88a9f5a4d, ShaderCode, , MMORPG, WindowsClient, Base, Installed, 0, 134672384
1227, 47185b3e1c970af300000001, 0xF30A971C3E5B1847, /Engine/EditorLandscapeResources/SplineEditorMesh, ../../../Engine/Content/EditorLandscapeResources/SplineEditorMesh.uasset, MMORPG-WindowsClient, 230096896, 134715392, 3368, 1286, 0x2188b14e7845d3c5c4d13fe67c3265e0ff42b100, ExportBundleData, , MMORPG, WindowsClient, Base, Installed, 0, 134715392
1228, cb672aedcea08a9b00000001, 0x9B8AA0CEED2A67CB, /Engine/EngineMaterials/EnergyConservation/Sheen_Energy, ../../../Engine/Content/EngineMaterials/EnergyConservation/Sheen_Energy.uasset, MMORPG-WindowsClient, 230162432, 134717440, 8750, 3018, 0x81ad812f908e7496d3a9af889ba9e968c6195dd3, ExportBundleData, , MMORPG, WindowsClient, Base, Installed, 0, 134717440
1229, d9ef76f15dcbda9d00000001, 0x9DDACB5DF176EFD9, /Engine/EngineDebugMaterials/DebugMeshMaterial, ../../../Engine/Content/EngineDebugMaterials/DebugMeshMaterial.uasset, MMORPG-WindowsClient, 230227968, 134721536, 5812, 2142, 0xbc6410c64dcf24d94312567cabb1f2bf2d8eeefd, ExportBundleData, , MMORPG, WindowsClient, Base, Installed, 0, 134721536
1230, e43f8e2f8c6162fe00000009, 0xFE62618C2F8E3FE4, , <ShaderCode>, MMORPG-WindowsClient, 230293504, 134725632, 4412, 4412, 0x4b6e34c3149d5763c70926ab46104a27d6a10144, ShaderCode, , MMORPG, WindowsClient, Base, Installed, 0, 134725632
1231, b2e758c7adce0aa000000001, 0xA00ACEADC758E7B2, , ../../../Engine/Plugins/2D/Paper2D/Content/OpaqueUnlitSpriteMaterial.uasset, MMORPG-WindowsClient, 230359040, 134731776, 8016, 2651, 0x4ab15399b5d2c2ff59ca931c62cf6d7a85a5bd3a, ExportBundleData, , MMORPG, WindowsClient, Base, Installed, 0, 134731776
1232, 4c3f538c10787fd900000009, 0xD97F78108C533F4C, , <ShaderCode>, MMORPG-WindowsClient, 230424576, 134735872, 6281, 6281, 0x4554a425cb330e7e0a71e5375cfa843a528e7815, ShaderCode, , MMORPG, WindowsClient, Base, Installed, 0, 134735872
1233, b0afffa81f17b5cc00000001, 0xCCB5171FA8FFAFB0, /Engine/VREditor/TransformGizmo/Xray, ../../../Engine/Content/VREditor/TransformGizmo/Xray.uasset, MMORPG-WindowsClient, 230490112, 134744064, 6417, 2153, 0x7d17b0001235ccfab5e8a921fe2e1c469dec348c, ExportBundleData, , MMORPG, WindowsClient, Base, Installed, 0, 134744064
1234, 0c77a401d4ff2d1f00000009, 0x1F2DFFD401A4770C, , <ShaderCode>, MMORPG-WindowsClient, 230555648, 134748160, 23257, 23257, 0x9a99de972f68fe143b335b1a80af916c19188795, ShaderCode, , MMORPG, WindowsClient, Base, Installed, 0, 134748160
1235, 36f9c4a1a41147a000000001, 0xA04711A4A1C4F936, /Engine/VREditor/TransformGizmo/Main, ../../../Engine/Content/VREditor/TransformGizmo/Main.uasset, MMORPG-WindowsClient, 230621184, 134772736, 5018, 1975, 0x437101d8dd51b382d055c2d1db8e9df0bd1a1e2d, ExportBundleData, , MMORPG, WindowsClient, Base, Installed, 0, 134772736
1236, f9c8b9b472a7366e00000009, 0x6E36A772B4B9C8F9, , <ShaderCode>, MMORPG-WindowsClient, 230686720, 134774784, 10100, 10100, 0xf5a3f9130222f1d3211588b8b3f6f02c8b2b4bf6, ShaderCode, , MMORPG, WindowsClient, Base, Installed, 0, 134774784
1237, 6e6a371ba7ffd6e900000001, 0xE9D6FFA71B376A6E, /Engine/VREditor/TransformGizmo/SM_Sequencer_Node, ../../../Engine/Content/VREditor/TransformGizmo/SM_Sequencer_Node.uasset, MMORPG-WindowsClient, 230752256, 134785024, 10391, 3125, 0x9b72cf17c620288c006e0aa4bd569df2c0cd3df7, ExportBundleData, , MMORPG, WindowsClient, Base, Installed, 0, 134785024
1238, 79688f0e793acea100000001, 0xA1CE3A790E8F6879, /Engine/EngineDamageTypes/DmgTypeBP_Environmental, ../../../Engine/Content/EngineDamageTypes/DmgTypeBP_Environmental.uasset, MMORPG-WindowsClient, 230817792, 134788160, 679, 679, 0x2fa82f4d0ac03331b7aaabff7a53c4e62b078bea, ExportBundleData, , MMORPG, WindowsClient, Base, Installed, 0, 134788160
1239, 8aef878780375fa400000001, 0xA45F37808787EF8A, /Engine/EngineMaterials/Hair/Hair_DirectionalAlbedo, ../../../Engine/Content/EngineMaterials/Hair/Hair_DirectionalAlbedo.uasset, MMORPG-WindowsClient, 230883328, 134789120, 524816, 249387, 0x0bfaea80eaa0431645c5bb52eff6d52b7c6208af, ExportBundleData, , MMORPG, WindowsClient, Base, Installed, 0, 134789120
1240, f324387808549ca400000001, 0xA49C5408783824F3, /Engine/EngineMaterials/DefaultDestructiblePhysicalMaterial, ../../../Engine/Content/EngineMaterials/DefaultDestructiblePhysicalMaterial.uasset, MMORPG-WindowsClient, 231473152, 135038576, 372, 372, 0x91595e671d9277b907b88c39fbbb1bcfe35f3fe7, ExportBundleData, , MMORPG, WindowsClient, Base, Installed, 0, 135038576
1241, ed9aaea0a700c3a900000001, 0xA9C300A7A0AE9AED, , ../../../Engine/Plugins/Interchange/Assets/Content/Functions/MX_TransmissionSurface.uasset, MMORPG-WindowsClient, 231538688, 135038976, 353, 353, 0x48dce4eac5f45b45a61d145c14f1568cc35948ab, ExportBundleData, , MMORPG, WindowsClient, Base, Installed, 0, 135038976
1242, 70d0b4b38dfd07ab00000001, 0xAB07FD8DB3B4D070, , ../../../Engine/Plugins/NNE/NNEDenoiser/Content/NNEDIM_ColorAlbedoNormal_Alpha.uasset, MMORPG-WindowsClient, 231604224, 135039344, 776, 776, 0xc4494db66c1f9ae8b8299105d90d31b5c7fe3802, ExportBundleData, , MMORPG, WindowsClient, Base, Installed, 0, 135039344
1243, ea0f5dd142fa12ab00000001, 0xAB12FA42D15D0FEA, /Engine/EditorMaterials/PhAT_NoCollisionMaterial, ../../../Engine/Content/EditorMaterials/PhAT_NoCollisionMaterial.uasset, MMORPG-WindowsClient, 231669760, 135041024, 4901, 1878, 0x3a9dd5a61f7a6e285b1b0bb55179c92a8873e3cd, ExportBundleData, , MMORPG, WindowsClient, Base, Installed, 0, 135041024
1244, 8546213653c86b9700000009, 0x976BC85336214685, , <ShaderCode>, MMORPG-WindowsClient, 231735296, 135043072, 8983, 8983, 0x915d3db5d9543ca8d24529f9c1a7387dba5f381e, ShaderCode, , MMORPG, WindowsClient, Base, Installed, 0, 135043072
1245, ad8ea6f3769290ab00000001, 0xAB909276F3A68EAD, /Engine/EngineMaterials/Hair/Hair_Coverage, ../../../Engine/Content/EngineMaterials/Hair/Hair_Coverage.uasset, MMORPG-WindowsClient, 231800832, 135053312, 6284, 2170, 0x3535da7502be95111fcf318ff6153981de8a80b9, ExportBundleData, , MMORPG, WindowsClient, Base, Installed, 0, 135053312
1246, 8953c1244c740aad00000001, 0xAD0A744C24C15389, /Engine/EditorResources/S_TriggerBox, ../../../Engine/Content/EditorResources/S_TriggerBox.uasset, MMORPG-WindowsClient, 231866368, 135057408, 350420, 20966, 0x022983eecf191043ff0b076884e4d6fb2d3bfe12, ExportBundleData, , MMORPG, WindowsClient, Base, Installed, 0, 135057408
1247, adba4404ca6448ad00000001, 0xAD4864CA0444BAAD, /Engine/EngineMaterials/BaseFlattenDiffuseMap_VT, ../../../Engine/Content/EngineMaterials/BaseFlattenDiffuseMap_VT.uasset, MMORPG-WindowsClient, 232259584, 135078416, 933, 933, 0xaabad43def9d00d4230a1e876b0eea9c3238042d, ExportBundleData, , MMORPG, WindowsClient, Base, Installed, 0, 135078416
1248, fd5c4b2d837478ae00000001, 0xAE7874832D4B5CFD, /Engine/EditorResources/SequenceRecorder/Countdown, ../../../Engine/Content/EditorResources/SequenceRecorder/Countdown.uasset, MMORPG-WindowsClient, 232325120, 135079936, 147972, 28644, 0x17c39acf778790eed20ac957516e2aaaabeb5898, ExportBundleData, , MMORPG, WindowsClient, Base, Installed, 0, 135079936
1249, c472a8877b0ae2f900000001, 0xF9E20A7B87A872C4, /Engine/MobileResources/HUD/VirtualJoystick_Background, ../../../Engine/Content/MobileResources/HUD/VirtualJoystick_Background.uasset, MMORPG-WindowsClient, 232521728, 135108608, 262688, 19178, 0x04cb65666477bbd2d03d414257cab405d8a2852c, ExportBundleData, , MMORPG, WindowsClient, Base, Installed, 0, 135108608
1250, 2a8ace463a029fae00000001, 0xAE9F023A46CE8A2A, /Engine/MobileResources/HUD/VirtualJoystick_Thumb, ../../../Engine/Content/MobileResources/HUD/VirtualJoystick_Thumb.uasset, MMORPG-WindowsClient, 232849408, 135129088, 16920, 3548, 0xefef60a5a52e3cef4d024f0e352b0d9ed3b13a56, ExportBundleData, , MMORPG, WindowsClient, Base, Installed, 0, 135129088
1251, 37cdeb5ce1d3ccd800000001, 0xD8CCD3E15CEBCD37, /Engine/MobileResources/HUD/DefaultVirtualJoysticks, ../../../Engine/Content/MobileResources/HUD/DefaultVirtualJoysticks.uasset, MMORPG-WindowsClient, 232914944, 135133184, 855, 855, 0x18631fda4d81d1de49254917f855f689bfe42ec9, ExportBundleData, , MMORPG, WindowsClient, Base, Installed, 0, 135133184
1252, 5516ce2c36f3d9ae00000001, 0xAED9F3362CCE1655, /Engine/BasicShapes/BasicShapeMaterial, ../../../Engine/Content/BasicShapes/BasicShapeMaterial.uasset, MMORPG-WindowsClient, 232980480, 135135232, 17092, 3850, 0xe9026799aa1908426c1840adda89a88c68918a5d, ExportBundleData, , MMORPG, WindowsClient, Base, Installed, 0, 135135232
1253, b4d9be2f7a47a5ea00000009, 0xEAA5477A2FBED9B4, , <ShaderCode>, MMORPG-WindowsClient, 233046016, 135139328, 148921, 148921, 0xead7429c2d001fb7e3ed6327c562a2a5f8cc4637, ShaderCode, , MMORPG, WindowsClient, Base, Installed, 0, 135139328
1254, c1ceadea19a929af00000001, 0xAF29A919EAADCEC1, , ../../../Engine/Plugins/Animation/ControlRig/Content/Controls/DefaultGizmoLibraryNormalized.uasset, MMORPG-WindowsClient, 233242624, 135288832, 11404, 2807, 0xd9e0af4ee949444f93478602da8719f64aab516a, ExportBundleData, , MMORPG, WindowsClient, Base, Installed, 0, 135288832
1255, ad84bf334b97e1af00000001, 0xAFE1974B33BF84AD, /Engine/EngineResources/FilmGrains/Marcie_Grain_v3_128_M2_000, ../../../Engine/Content/EngineResources/FilmGrains/Marcie_Grain_v3_128_M2_000.uasset, MMORPG-WindowsClient, 233308160, 135292928, 16926, 16784, 0x1ea23d0603651f3213e6773fdd6a9d849d9ac963, ExportBundleData, , MMORPG, WindowsClient, Base, Installed, 0, 135292928
1256, 9acae5549f0219b000000001, 0xB019029F54E5CA9A, /Engine/EditorResources/S_Trigger, ../../../Engine/Content/EditorResources/S_Trigger.uasset, MMORPG-WindowsClient, 233373696, 135311360, 22729, 4647, 0xd6d11c0f01c2e874348fd107cef3276e6b651f76, ExportBundleData, , MMORPG, WindowsClient, Base, Installed, 0, 135311360
1257, e9b2d8c6446d03b100000001, 0xB1036D44C6D8B2E9, , ../../../MMORPG/Plugins/GameFeatures/MMOCore/Content/MMOCore.uasset, MMORPG-WindowsClient, 233439232, 135316016, 617, 617, 0xc07721c6a36cf7bb38d58e1c90ce68fd33e037e7, ExportBundleData, , MMORPG, WindowsClient, Base, Installed, 0, 135316016
1258, ccb86786409cacb100000001, 0xB1AC9C408667B8CC, , ../../../Engine/Plugins/Animation/DeformerGraph/Content/DeformerFunctions/DG_Function_LinearBlendSkin_Morph_Cloth.uasset, MMORPG-WindowsClient, 233504768, 135317504, 17241, 3779, 0xd7c55bedbd2986509d4a6f6738c601790e73efbe, ExportBundleData, , MMORPG, WindowsClient, Base, Installed, 0, 135317504
1259, 06779a28b766d0b800000001, 0xB8D066B7289A7706, , ../../../Engine/Plugins/Animation/DeformerGraph/Content/Deformers/DG_LinearBlendSkin_Morph_Cloth.uasset, MMORPG-WindowsClient, 233570304, 135321600, 29370, 5064, 0x449a544479801db11df0fdd27d3fbf03e0085775, ExportBundleData, , MMORPG, WindowsClient, Base, Installed, 0, 135321600
1260, d8752b8f253464c600000009, 0xC66434258F2B75D8, , <ShaderCode>, MMORPG-WindowsClient, 233635840, 135327744, 52719, 52719, 0x6fafe9fee01926256a3ff60c6306d6b91dd155c2, ShaderCode, , MMORPG, WindowsClient, Base, Installed, 0, 135327744
1261, 5c918efb403d4bb200000001, 0xB24B3D40FB8E915C, /Engine/EditorResources/S_Solver, ../../../Engine/Content/EditorResources/S_Solver.uasset, MMORPG-WindowsClient, 233701376, 135380992, 22729, 4119, 0xcab781e3d55cfab6c90cc65120fac57ebe09e79d, ExportBundleData, , MMORPG, WindowsClient, Base, Installed, 0, 135380992
1262, 0219c3161c6d6eb200000001, 0xB26E6D1C16C31902, /Engine/EngineMaterials/BaseFlattenGrayscaleMap_VT, ../../../Engine/Content/EngineMaterials/BaseFlattenGrayscaleMap_VT.uasset, MMORPG-WindowsClient, 233766912, 135385120, 943, 943, 0x6546ef03c80c66a1982ecf8f6a018bb2d4334280, ExportBundleData, , MMORPG, WindowsClient, Base, Installed, 0, 135385120
1263, 678fbecadec515b300000001, 0xB315C5DECABE8F67, /Engine/EngineMaterials/FastBlueNoise_scalar_128x128x64, ../../../Engine/Content/EngineMaterials/FastBlueNoise_scalar_128x128x64.uasset, MMORPG-WindowsClient, 233832448, 135387136, 1049117, 1049117, 0xd058cf156c7c8c8b8752d3c6bb802621515f0f05, ExportBundleData, , MMORPG, WindowsClient, Base, Installed, 0, 135387136
1264, 66dd71c1d1526ab500000001, 0xB56A52D1C171DD66, , ../../../Engine/Plugins/NNE/NNEDenoiser/Content/NNED_Oidn2-3_Fast_Alpha.uasset, MMORPG-WindowsClient, 234946560, 136436256, 724, 724, 0x67ccfdaca8e76b625658e2d06ad73e1c48d221cb, ExportBundleData, , MMORPG, WindowsClient, Base, Installed, 0, 136436256
1265, cb603ad4b469c1b600000001, 0xB6C169B4D43A60CB, , ../../../Engine/Plugins/Interchange/Assets/Content/Functions/MX_GeneralizedSchlickBSDF.uasset, MMORPG-WindowsClient, 235012096, 136437760, 924, 924, 0xe19363df681dbc805bbf58c203e43463afafdb03, ExportBundleData, , MMORPG, WindowsClient, Base, Installed, 0, 136437760
1266, 90442f10ca8d9eb700000001, 0xB79E8DCA102F4490, , ../../../Engine/Plugins/Animation/ControlRig/Content/Controls/ControlRigGizmoMaterial.uasset, MMORPG-WindowsClient, 235077632, 136439808, 4038, 1585, 0x16154430fac27fd036f5a9c0fe96a8faf99dc659, ExportBundleData, , MMORPG, WindowsClient, Base, Installed, 0, 136439808
1267, 6470f5a3603d9cca00000009, 0xCA9C3D60A3F57064, , <ShaderCode>, MMORPG-WindowsClient, 235143168, 136441856, 7449, 7449, 0xda7c1bbaf22e02884a7840d1c094c839fe3e455e, ShaderCode, , MMORPG, WindowsClient, Base, Installed, 0, 136441856
1268, 8500a33b2fedbab800000001, 0xB8BAED2F3BA30085, /Engine/EngineMaterials/DefaultWhiteGrid_Low, ../../../Engine/Content/EngineMaterials/DefaultWhiteGrid_Low.uasset, MMORPG-WindowsClient, 235208704, 136449312, 526, 526, 0xc06ce7fda7fedca58d6d8ca9458a2b995aaf54ca, ExportBundleData, , MMORPG, WindowsClient, Base, Installed, 0, 136449312
1269, 6ebbe4a6ced841cc00000001, 0xCC41D8CEA6E4BB6E, /Engine/EngineMaterials/EmissiveMeshMaterial, ../../../Engine/Content/EngineMaterials/EmissiveMeshMaterial.uasset, MMORPG-WindowsClient, 235274240, 136450048, 8425, 2759, 0x4fd98756242ea6c24867c8964196d146b4b40e75, ExportBundleData, , MMORPG, WindowsClient, Base, Installed, 0, 136450048
1270, 16c745b86cb562dc00000009, 0xDC62B56CB845C716, , <ShaderCode>, MMORPG-WindowsClient, 235339776, 136454144, 40407, 40407, 0xdaecba83cd21aad8d859a1ffec7ae4349aa66e0a, ShaderCode, , MMORPG, WindowsClient, Base, Installed, 0, 136454144
1271, 4f766dcdfcc10abc00000001, 0xBC0AC1FCCD6D764F, /Engine/EngineMaterials/GizmoMaterial, ../../../Engine/Content/EngineMaterials/GizmoMaterial.uasset, MMORPG-WindowsClient, 235405312, 136495104, 5853, 2190, 0x4765fefd3548cb4915d88747e147473670d730d9, ExportBundleData, , MMORPG, WindowsClient, Base, Installed, 0, 136495104
1272, ad9a429a92c2267e00000009, 0x7E26C2929A429AAD, , <ShaderCode>, MMORPG-WindowsClient, 235470848, 136499200, 8698, 8698, 0xe8a187991261f7fb1dd4f7e3a1162724336197df, ShaderCode, , MMORPG, WindowsClient, Base, Installed, 0, 136499200
1273, 9100e5237a180bbc00000001, 0xBC0B187A23E50091, , ../../../Engine/Plugins/Interchange/Assets/Content/Functions/MX_SurfaceUnlit.uasset, MMORPG-WindowsClient, 235536384, 136507904, 504, 504, 0x6cdd6720ff452415e26a6b0aa25ecb22c050e789, ExportBundleData, , MMORPG, WindowsClient, Base, Installed, 0, 136507904
1274, b067b08cb75568c000000001, 0xC06855B78CB067B0, , ../../../Engine/Plugins/NNE/NNEDenoiser/Content/NNEDTOM_Output_Default.uasset, MMORPG-WindowsClient, 235601920, 136508416, 490, 490, 0xd8f514236e4095f8e4cc25b7441a88bcef788bc6, ExportBundleData, , MMORPG, WindowsClient, Base, Installed, 0, 136508416
1275, c599b991259f3dc100000001, 0xC13D9F2591B999C5, /Engine/EngineMaterials/BaseFlattenLinearColor_VT, ../../../Engine/Content/EngineMaterials/BaseFlattenLinearColor_VT.uasset, MMORPG-WindowsClient, 235667456, 136509440, 944, 944, 0x3a5761f65f9232cb137c806a0a6d5c0c5b4a704b, ExportBundleData, , MMORPG, WindowsClient, Base, Installed, 0, 136509440
1276, 2d5d52b0905803e600000001, 0xE6035890B0525D2D, /Engine/EditorMaterials/PreviewShadowIndicator, ../../../Engine/Content/EditorMaterials/PreviewShadowIndicator.uasset, MMORPG-WindowsClient, 235732992, 136510384, 22801, 849, 0x80edce7f5e8cad3f7f035773ec8824823c8c628e, ExportBundleData, , MMORPG, WindowsClient, Base, Installed, 0, 136510384
1277, fabb39727be145c100000001, 0xC145E17B7239BBFA, /Engine/EditorMaterials/PreviewShadowIndicatorMaterial, ../../../Engine/Content/EditorMaterials/PreviewShadowIndicatorMaterial.uasset, MMORPG-WindowsClient, 235798528, 136511488, 27226, 6054, 0xa465e6f2cf5aa5d4140de493a914739862d0c170, ExportBundleData, , MMORPG, WindowsClient, Base, Installed, 0, 136511488
1278, 68f560eed6c4ea9800000009, 0x98EAC4D6EE60F568, , <ShaderCode>, MMORPG-WindowsClient, 235864064, 136517632, 184812, 184812, 0x8359037eaa218361902a1724859bb66a7942e650, ShaderCode, , MMORPG, WindowsClient, Base, Installed, 0, 136517632
1279, faf6aef6690165c300000001, 0xC3650169F6AEF6FA, , ../../../Engine/Plugins/Experimental/Water/Content/Waves/GerstnerWaves_Lake.uasset, MMORPG-WindowsClient, 236060672, 136704000, 3094, 1570, 0x524b4a088d0eb1428b0d1d2ca010e4e02cefd330, ExportBundleData, , MMORPG, WindowsClient, Base, Installed, 0, 136704000
1280, 30ac963bf03f6ac400000001, 0xC46A3FF03B96AC30, , ../../../Engine/Plugins/Interchange/Assets/Content/Functions/MX_Displacement.uasset, MMORPG-WindowsClient, 236126208, 136705584, 337, 337, 0xcaca501ac5d8495a2393f31449e21169bd8d519f, ExportBundleData, , MMORPG, WindowsClient, Base, Installed, 0, 136705584
1281, 624f937426db20c500000001, 0xC520DB2674934F62, /Engine/EngineMaterials/DefaultWhiteGrid, ../../../Engine/Content/EngineMaterials/DefaultWhiteGrid.uasset, MMORPG-WindowsClient, 236191744, 136706048, 3582, 831, 0x757b9d280520e0bc03705ee72d8581c8a91e38b0, ExportBundleData, , MMORPG, WindowsClient, Base, Installed, 0, 136706048
1282, 7a25e73f37491ec600000001, 0xC61E49373FE7257A, /Engine/EngineMaterials/LTC/Sheen_LTC, ../../../Engine/Content/EngineMaterials/LTC/Sheen_LTC.uasset, MMORPG-WindowsClient, 236257280, 136708096, 8726, 5276, 0x0d74c0b6432297b4ac0ea645c8493ef1894d61fd, ExportBundleData, , MMORPG, WindowsClient, Base, Installed, 0, 136708096
1283, b3e0bd49841cdcc600000001, 0xC6DC1C8449BDE0B3, /Engine/VREditor/Sounds/UI/Gizmo_Handle_Clicked, ../../../Engine/Content/VREditor/Sounds/UI/Gizmo_Handle_Clicked.uasset, MMORPG-WindowsClient, 236322816, 136713376, 526, 526, 0x7160864b8c9acb91a41e0bbf416fc970eb025201, ExportBundleData, , MMORPG, WindowsClient, Base, Installed, 0, 136713376
1284, 874cdda4ec48b9c800000001, 0xC8B948ECA4DD4C87, /Engine/EngineMaterials/EnergyConservation/GGX_MaxSpecEnergy, ../../../Engine/Content/EngineMaterials/EnergyConservation/GGX_MaxSpecEnergy.uasset, MMORPG-WindowsClient, 236388352, 136714240, 8758, 6131, 0xb3a3fdcc9be6d19a35e6ed5cb3df3c87467d5ecb, ExportBundleData, , MMORPG, WindowsClient, Base, Installed, 0, 136714240
1285, 7f8259be57e87dce00000001, 0xCE7DE857BE59827F, /Engine/EngineDebugMaterials/VolumeToRender, ../../../Engine/Content/EngineDebugMaterials/VolumeToRender.uasset, MMORPG-WindowsClient, 236453888, 136720384, 8512, 3603, 0x2b4528bd0d3bab89303bd3ac2ef4be11b956b5f2, ExportBundleData, , MMORPG, WindowsClient, Base, Installed, 0, 136720384
1286, 3bf2df25e14476d700000001, 0xD77644E125DFF23B, /Engine/EngineDebugMaterials/M_VolumeRenderSphereTracePP, ../../../Engine/Content/EngineDebugMaterials/M_VolumeRenderSphereTracePP.uasset, MMORPG-WindowsClient, 236519424, 136724480, 6527, 2627, 0x572da1963b164bb3390c26c22a69efcc46ebc6c9, ExportBundleData, , MMORPG, WindowsClient, Base, Installed, 0, 136724480
1287, 59a57705acf7690500000009, 0x569F7AC0577A559, , <ShaderCode>, MMORPG-WindowsClient, 236584960, 136728576, 9656, 9656, 0x207dbcdd75aee50e3af178fab98124bb9b556e66, ShaderCode, , MMORPG, WindowsClient, Base, Installed, 0, 136728576
1288, a14d811e8fc521ca00000001, 0xCA21C58F1E814DA1, /Engine/EngineMaterials/FastBlueNoise_scalar_128x128x8, ../../../Engine/Content/EngineMaterials/FastBlueNoise_scalar_128x128x8.uasset, MMORPG-WindowsClient, 236650496, 136738816, 131741, 131741, 0xfc4ac2113ee0bc224bfd9a0fab35912e5d6eb1b9, ExportBundleData, , MMORPG, WindowsClient, Base, Installed, 0, 136738816
1289, d78fa73801cc6eca00000001, 0xCA6ECC0138A78FD7, /Engine/VREditor/Sounds/UI/Scaling_Up, ../../../Engine/Content/VREditor/Sounds/UI/Scaling_Up.uasset, MMORPG-WindowsClient, 236847104, 136870560, 502, 502, 0xe2b174ac17fe7d473ade2015b47ab2ab29b25e89, ExportBundleData, , MMORPG, WindowsClient, Base, Installed, 0, 136870560
1290, 226de3c6f795b5ca00000001, 0xCAB595F7C6E36D22, , ../../../Engine/Plugins/Experimental/Water/Content/Icons/WaterBodyExclusionVolumeSprite.uasset, MMORPG-WindowsClient, 236912640, 136871936, 66057, 6024, 0xbcc779bab45924ee6729a676ace3ca332e975c23, ExportBundleData, , MMORPG, WindowsClient, Base, Installed, 0, 136871936
1291, 9784ada5ce57b7cb00000001, 0xCBB757CEA5AD8497, /Engine/EditorResources/BSPVertex, ../../../Engine/Content/EditorResources/BSPVertex.uasset, MMORPG-WindowsClient, 237043712, 136878080, 1054, 585, 0x6e2a0639710951c000106e09b81ff17bac0e5644, ExportBundleData, , MMORPG, WindowsClient, Base, Installed, 0, 136878080
1292, 0bf1d6a9c47f8ccc00000001, 0xCC8C7FC4A9D6F10B, /Engine/EditorMaterials/ParticleSystems/PSysThumbnail_OOD, ../../../Engine/Content/EditorMaterials/ParticleSystems/PSysThumbnail_OOD.uasset, MMORPG-WindowsClient, 237109248, 136880128, 6334, 2080, 0x988203dcf6fadb40e76009d8f7e4802783cebd3c, ExportBundleData, , MMORPG, WindowsClient, Base, Installed, 0, 136880128
1293, 7ba7b2b1aeafb4cc00000001, 0xCCB4AFAEB1B2A77B, /Engine/EngineMaterials/BaseFlattenEmissiveMap, ../../../Engine/Content/EngineMaterials/BaseFlattenEmissiveMap.uasset, MMORPG-WindowsClient, 237174784, 136882208, 1454, 695, 0x7b6a51709c58c32ac5cdd08358a093951acf9836, ExportBundleData, , MMORPG, WindowsClient, Base, Installed, 0, 136882208
1294, 3e69293be27653d100000001, 0xD15376E23B29693E, /Engine/EngineMaterials/Hair/Hair_DualScattering, ../../../Engine/Content/EngineMaterials/Hair/Hair_DualScattering.uasset, MMORPG-WindowsClient, 237240320, 136884224, 524808, 157672, 0x0f454d32e1181ee638093c93e2c68bdff4e11cef, ExportBundleData, , MMORPG, WindowsClient, Base, Installed, 0, 136884224
1295, 483d5d69a0e670d100000001, 0xD170E6A0695D3D48, /Engine/EngineMaterials/Substrate/Volume/SubstrateSimpleVolumeEnvLUT3D, ../../../Engine/Content/EngineMaterials/Substrate/Volume/SubstrateSimpleVolumeEnvLUT3D.uasset, MMORPG-WindowsClient, 237830144, 137041968, 2484, 1974, 0x4a00a01cb19ddf9efa7a13e953bca12fdce25f4a, ExportBundleData, , MMORPG, WindowsClient, Base, Installed, 0, 137041968
1296, 5add7228114647d200000001, 0xD24746112872DD5A, /Engine/EngineMaterials/LTC/GGX_LTCAmp, ../../../Engine/Content/EngineMaterials/LTC/GGX_LTCAmp.uasset, MMORPG-WindowsClient, 237895680, 137043968, 33302, 10529, 0x804969f685be70d135600a071b15b51c3db4dfdb, ExportBundleData, , MMORPG, WindowsClient, Base, Installed, 0, 137043968
1297, a348f564ee3fabd400000001, 0xD4AB3FEE64F548A3, , ../../../Engine/Plugins/Interchange/Assets/Content/Functions/MX_AnisotropicVDF.uasset, MMORPG-WindowsClient, 237961216, 137054512, 541, 541, 0x80e111d263c202b8bb3603321daf972a03f8271f, ExportBundleData, , MMORPG, WindowsClient, Base, Installed, 0, 137054512
1298, 4077f21c1acd58d500000001, 0xD558CD1A1CF27740, /Engine/EngineMaterials/WeightMapPlaceholderTexture, ../../../Engine/Content/EngineMaterials/WeightMapPlaceholderTexture.uasset, MMORPG-WindowsClient, 238026752, 137055056, 606, 606, 0x19d678196a6c910c043d3ff00f7d340ca9d25b62, ExportBundleData, , MMORPG, WindowsClient, Base, Installed, 0, 137055056
1299, 53d7141adb7a02d700000001, 0xD7027ADB1A14D753, , ../../../MMORPG/Content/MMO/Experiences/DA_MMOExperience.uasset, MMORPG-WindowsClient, 238092288, 137055664, 410, 410, 0xd7729217e57e2c31cba698bdb4d88c5f66255e71, ExportBundleData, , MMORPG, WindowsClient, Base, Installed, 0, 137055664
1300, d08864cc421934d700000001, 0xD7341942CC6488D0, , ../../../Engine/Plugins/Interchange/Assets/Content/Functions/MX_ConductorBSDF.uasset, MMORPG-WindowsClient, 238157824, 137056256, 590, 590, 0x48b2d24eb00d1dab2061ea0333e047dc5758bc9e, ExportBundleData, , MMORPG, WindowsClient, Base, Installed, 0, 137056256
1301, 8bae004703ead3d700000001, 0xD7D3EA034700AE8B, /Engine/EditorMaterials/Dataflow/DataflowVertexMaterial, ../../../Engine/Content/EditorMaterials/Dataflow/DataflowVertexMaterial.uasset, MMORPG-WindowsClient, 238223360, 137058304, 12116, 3030, 0xdfd5ec2988268c1d0025a3abcb622a837e682d33, ExportBundleData, , MMORPG, WindowsClient, Base, Installed, 0, 137058304
1302, 73d61a86c013183100000009, 0x311813C0861AD673, , <ShaderCode>, MMORPG-WindowsClient, 238288896, 137062400, 26491, 26491, 0x37acafe1fe5fa3ec73ac3e5fdb17ebcab34bee3b, ShaderCode, , MMORPG, WindowsClient, Base, Installed, 0, 137062400
1303, 4eefe050ec0582d800000001, 0xD88205EC50E0EF4E, /Engine/EngineMaterials/Black_1x1_EXR_Texture_VT, ../../../Engine/Content/EngineMaterials/Black_1x1_EXR_Texture_VT.uasset, MMORPG-WindowsClient, 238354432, 137089024, 955, 955, 0x878fd2bea5aeba1e1335e1156aecd79d75f0ef18, ExportBundleData, , MMORPG, WindowsClient, Base, Installed, 0, 137089024
1304, 6be7ed640599fdd800000001, 0xD8FD990564EDE76B, /Engine/VREditor/Sounds/UI/Drop_Item_From_ContentBrowser, ../../../Engine/Content/VREditor/Sounds/UI/Drop_Item_From_ContentBrowser.uasset, MMORPG-WindowsClient, 238419968, 137089984, 548, 548, 0x826be1d344415bd519d66857f84ec6dc7b16abff, ExportBundleData, , MMORPG, WindowsClient, Base, Installed, 0, 137089984
1305, 60a7508c2bc4c9d900000001, 0xD9C9C42B8C50A760, /Engine/EngineMaterials/EnergyConservation/GGX_TransmissionEnergyArray, ../../../Engine/Content/EngineMaterials/EnergyConservation/GGX_TransmissionEnergyArray.uasset, MMORPG-WindowsClient, 238485504, 137091072, 524870, 142629, 0xe81320a3ecaa97ceff02d034cbb91bca5e8b3168, ExportBundleData, , MMORPG, WindowsClient, Base, Installed, 0, 137091072
1306, d69ec64d1db22edb00000001, 0xDB2EB21D4DC69ED6, , ../../../Engine/Plugins/Interchange/Assets/Content/Functions/MX_OrenNayarBSDF.uasset, MMORPG-WindowsClient, 239075328, 137233776, 469, 469, 0x4b17832002c00bb75dd00eea8be75d85a97a9337, ExportBundleData, , MMORPG, WindowsClient, Base, Installed, 0, 137233776
1307, 12a6c43ad27e6edb00000001, 0xDB6E7ED23AC4A612, , ../../../Engine/Plugins/NNE/NNEDenoiser/Content/NNEDTOM_Output_Alpha.uasset, MMORPG-WindowsClient, 239140864, 137234432, 482, 482, 0x1c2aa9b8cb556612cb4524f9fc95ad83409f65bf, ExportBundleData, , MMORPG, WindowsClient, Base, Installed, 0, 137234432
1308, b70d3095fda432dc00000001, 0xDC32A4FD95300DB7, , ../../../MMORPG/Content/MMO/BP_MMOGameMode.uasset, MMORPG-WindowsClient, 239206400, 137234928, 1317, 739, 0x34bb7b0bc54f72de8aa057102bdc618a0440bcd8, ExportBundleData, , MMORPG, WindowsClient, Base, Installed, 0, 137234928
1309, 4444e2c339cc00dd00000001, 0xDD00CC39C3E24444, , ../../../MMORPG/Content/MMO/Pawns/DA_MMOPlayer.uasset, MMORPG-WindowsClient, 239271936, 137235680, 742, 742, 0x30056a047b928945e26471bd537ca1051a42da93, ExportBundleData, , MMORPG, WindowsClient, Base, Installed, 0, 137235680
1310, 9c7151fedab8d7e200000001, 0xE2D7B8DAFE51719C, /Engine/EditorResources/SequenceRecorder/RecordingIndicator, ../../../Engine/Content/EditorResources/SequenceRecorder/RecordingIndicator.uasset, MMORPG-WindowsClient, 239337472, 137236480, 1556, 551, 0x632e66514520f40691e26d63e2058b667fa9cc43, ExportBundleData, , MMORPG, WindowsClient, Base, Installed, 0, 137236480
1311, e158a24cdbfd07e300000001, 0xE307FDDB4CA258E1, , ../../../Engine/Plugins/Interchange/Runtime/Content/Pipelines/DefaultGLTFPipeline.uasset, MMORPG-WindowsClient, 239403008, 137237040, 563, 563, 0xc36542eb025bf1ae97e58381293fe250599d26f8, ExportBundleData, , MMORPG, WindowsClient, Base, Installed, 0, 137237040
1312, cb8773fff36c1ce300000001, 0xE31C6CF3FF7387CB, , ../../../Engine/Plugins/Animation/ACLPlugin/Content/ACLAnimBoneCompressionSettings.uasset, MMORPG-WindowsClient, 239468544, 137237616, 528, 528, 0x668abf72224d8cafe7175f39fb7a1d8382b3d28e, ExportBundleData, , MMORPG, WindowsClient, Base, Installed, 0, 137237616
1313, f611d46477e111e600000001, 0xE611E17764D411F6, , ../../../Engine/Plugins/NNE/NNEDenoiser/Content/NNE_oidn2-3-0_rt_hdr_calb_cnrm_large__dyn__fp16_opset11_DenoiseAlpha.uasset, MMORPG-WindowsClient, 239534080, 137238528, 49947940, 46343054, 0xffe0d8d3a5c9d079cf8a26e53d6cf886512fcc11, ExportBundleData, , MMORPG, WindowsClient, Base, Installed, 0, 137238528
1314, a8fda97722bfb0e600000001, 0xE6B0BF2277A9FDA8, /Engine/EditorResources/S_TriggerCapsule, ../../../Engine/Content/EditorResources/S_TriggerCapsule.uasset, MMORPG-WindowsClient, 289538048, 183588864, 350428, 24963, 0x6f81d844cbede7b7c572855c1ed319efcfe500fb, ExportBundleData, , MMORPG, WindowsClient, Base, Installed, 0, 183588864
1315, 86f514aa5cdc08e700000001, 0xE708DC5CAA14F586, /Engine/EngineMaterials/DefaultPhysicalMaterial, ../../../Engine/Content/EngineMaterials/DefaultPhysicalMaterial.uasset, MMORPG-WindowsClient, 289931264, 183613888, 342, 342, 0xd30f03604ef11ea03ccd4b95121bb8513b07b6f8, ExportBundleData, , MMORPG, WindowsClient, Base, Installed, 0, 183613888
1316, 0125e0852ce3d3e700000001, 0xE7D3E32C85E02501, /Engine/EngineMaterials/DefaultLightFunctionMaterial, ../../../Engine/Content/EngineMaterials/DefaultLightFunctionMaterial.uasset, MMORPG-WindowsClient, 289996800, 183615488, 30603, 6548, 0x71deed19de7d1e6331b9c6b179dacaebe5692172, ExportBundleData, , MMORPG, WindowsClient, Base, Installed, 0, 183615488
1317, b7308642d62fad9300000009, 0x93AD2FD6428630B7, , <ShaderCode>, MMORPG-WindowsClient, 290062336, 183623680, 170123, 170123, 0x1f4ea4087a38b1522435e4bed212e82295d71031, ShaderCode, , MMORPG, WindowsClient, Base, Installed, 0, 183623680
1318, b60efe12572543e800000001, 0xE843255712FE0EB6, /Engine/EngineMaterials/PreintegratedSkinBRDF, ../../../Engine/Content/EngineMaterials/PreintegratedSkinBRDF.uasset, MMORPG-WindowsClient, 290258944, 183795712, 262666, 18836, 0x5f983fdff5c8946b619951942be20f9f680958fa, ExportBundleData, , MMORPG, WindowsClient, Base, Installed, 0, 183795712
1319, e6291a81a77661e900000001, 0xE96176A7811A29E6, /Engine/EngineResources/DefaultVolumeTexture, ../../../Engine/Content/EngineResources/DefaultVolumeTexture.uasset, MMORPG-WindowsClient, 290586624, 183814576, 772, 772, 0x479d12efafd8a5b3c4dd15ea374a912993d1d6e6, ExportBundleData, , MMORPG, WindowsClient, Base, Installed, 0, 183814576
1320, 96166390c994eeea00000001, 0xEAEE94C990631696, /Engine/EngineMaterials/Substrate/Volume/SubstrateSimpleVolumeLUT3D, ../../../Engine/Content/EngineMaterials/Substrate/Volume/SubstrateSimpleVolumeLUT3D.uasset, MMORPG-WindowsClient, 290652160, 183816192, 17964, 11355, 0x4b1e53f5061f502c0b0f423741dca43c90162238, ExportBundleData, , MMORPG, WindowsClient, Base, Installed, 0, 183816192
1321, b85b5715653b48ed00000001, 0xED483B6515575BB8, , ../../../Engine/Plugins/Interchange/Assets/Content/Functions/MF_Iridescence.uasset, MMORPG-WindowsClient, 290717696, 183827552, 337, 337, 0x409460cfba6da4f2719e27e78a6250f54b9db523, ExportBundleData, , MMORPG, WindowsClient, Base, Installed, 0, 183827552
1322, 880515832c2dc3ef00000001, 0xEFC32D2C83150588, /Engine/EngineResources/LandscapeVisibilityLayerInfo, ../../../Engine/Content/EngineResources/LandscapeVisibilityLayerInfo.uasset, MMORPG-WindowsClient, 290783232, 183827904, 382, 382, 0x0d6a2510982c1ab3f31db656af585d31f3ccdba5, ExportBundleData, , MMORPG, WindowsClient, Base, Installed, 0, 183827904
1323, ff5a26a059754af200000001, 0xF24A7559A0265AFF, /Engine/EditorResources/S_BoxReflectionCapture, ../../../Engine/Content/EditorResources/S_BoxReflectionCapture.uasset, MMORPG-WindowsClient, 290848768, 183828480, 350436, 7171, 0x4d6d97b405efbdadaa4de92eba61805f77dd2f0c, ExportBundleData, , MMORPG, WindowsClient, Base, Installed, 0, 183828480
1324, 641c8321450e97f400000001, 0xF4970E4521831C64, /Engine/EngineMaterials/BaseFlattenDiffuseMap, ../../../Engine/Content/EngineMaterials/BaseFlattenDiffuseMap.uasset, MMORPG-WindowsClient, 291241984, 183835680, 1457, 698, 0x48b74ba79191babe16d53036fcf5c46af3209ed3, ExportBundleData, , MMORPG, WindowsClient, Base, Installed, 0, 183835680
1325, 2c784d64921cdbf500000001, 0xF5DB1C92644D782C, , ../../../Engine/Plugins/PCG/Content/ComputeSources/PCGCS_ShaderUtilsInternal.uasset, MMORPG-WindowsClient, 291307520, 183836672, 326, 326, 0x110b0f62b955cd24a2f5065b83bca3cd7a7b9b50, ExportBundleData, , MMORPG, WindowsClient, Base, Installed, 0, 183836672
1326, b1dd9666d4d25cf600000001, 0xF65CD2D46696DDB1, /Engine/EngineMaterials/BlendFunc_DefBlend, ../../../Engine/Content/EngineMaterials/BlendFunc_DefBlend.uasset, MMORPG-WindowsClient, 291373056, 183837008, 1070, 559, 0xbb409ff1d3a71f5b4c32424e9e2cfc46b30b7ab3, ExportBundleData, , MMORPG, WindowsClient, Base, Installed, 0, 183837008
1327, 79ef7d06d8bb15f700000001, 0xF715BBD8067DEF79, , ../../../Engine/Plugins/NNE/NNEDenoiser/Content/NNE_oidn2-3-0_rt_hdr_alb_nrm__dyn__fp16_opset11_DenoiseAlpha.uasset, MMORPG-WindowsClient, 291438592, 183838720, 7401474, 6856316, 0x05bba0de4f06c429593e81d0f92253a0a5c8ce4c, ExportBundleData, , MMORPG, WindowsClient, Base, Installed, 0, 183838720
1328, 1dd3155a97c9aef900000001, 0xF9AEC9975A15D31D, , ../../../Engine/Plugins/Experimental/Water/Content/Icons/WaterSprite.uasset, MMORPG-WindowsClient, 298844160, 190697472, 66025, 6329, 0xc99bbd102c4f6c2b4de4afe87581c9e06ebc31af, ExportBundleData, , MMORPG, WindowsClient, Base, Installed, 0, 190697472
1329, e0ef79ce4ed0fff900000001, 0xF9FFD04ECE79EFE0, , ../../../Engine/Plugins/Interchange/Assets/Content/Functions/MX_OpenPBR_Translucent.uasset, MMORPG-WindowsClient, 298975232, 190703808, 477, 477, 0x09dabbf4c9ff3402870bbb4457a9919311a10356, ExportBundleData, , MMORPG, WindowsClient, Base, Installed, 0, 190703808
1330, 8a29ce7ac36582fd00000001, 0xFD8265C37ACE298A, /Engine/EngineMaterials/Substrate/Glints2/AGlintTex2dArray2, ../../../Engine/Content/EngineMaterials/Substrate/Glints2/AGlintTex2dArray2.uasset, MMORPG-WindowsClient, 299040768, 190705664, 2081585, 845742, 0x1744236de57ba94a257d547a47bd01327385ec67, ExportBundleData, , MMORPG, WindowsClient, Base, Installed, 0, 190705664
1331, cbab6b01dd8b7ffe00000001, 0xFE7F8BDD016BABCB, /Engine/EngineMaterials/DefaultBloomKernel, ../../../Engine/Content/EngineMaterials/DefaultBloomKernel.uasset, MMORPG-WindowsClient, 301137920, 191553536, 2097676, 352438, 0x7b6c37c42b3daab7a428d3c222b294e7c919443d, ExportBundleData, , MMORPG, WindowsClient, Base, Installed, 0, 191553536
1332, 56b6253ffa2eaafe00000001, 0xFEAA2EFA3F25B656, , ../../../Engine/Plugins/Interchange/Assets/Content/Substrate/MX_SimpleVolume.uasset, MMORPG-WindowsClient, 303300608, 191906240, 390, 390, 0xf60e6a56a2b3565e7ab16400451750c384261f23, ExportBundleData, , MMORPG, WindowsClient, Base, Installed, 0, 191906240
1333, 97f59ca47c7041ff00000001, 0xFF41707CA49CF597, /Engine/VREditor/Sounds/UI/Object_Snaps_To_Another_Actor, ../../../Engine/Content/VREditor/Sounds/UI/Object_Snaps_To_Another_Actor.uasset, MMORPG-WindowsClient, 303366144, 191906640, 542, 542, 0x7bae3251bdac40b66b2abd9179226c9c9d927244, ExportBundleData, , MMORPG, WindowsClient, Base, Installed, 0, 191906640
1334, b743bdd5e5df72a400000002, 0xA472DFE5D5BD43B7, /Engine/EngineMaterials/T_Default_Material_Grid_M, ../../../Engine/Content/EngineMaterials/T_Default_Material_Grid_M.ubulk, MMORPG-WindowsClient, 303431680, 191907840, 344064, 103240, 0xe0d4c0035fcae8e686e77572bb2099a56d2db6e5, BulkData, , MMORPG, WindowsClient, Base, Installed, 0, 191907840
1335, 7a7173cfb4095b9f00000002, 0x9F5B09B4CF73717A, /Engine/EngineMaterials/T_Default_Material_Grid_N, ../../../Engine/Content/EngineMaterials/T_Default_Material_Grid_N.ubulk, MMORPG-WindowsClient, 303824896, 192012288, 81920, 1276, 0x17f3b2f86a200c1bd54a565411a7e9bb8c83a83a, BulkData, , MMORPG, WindowsClient, Base, Installed, 0, 192012288
1336, 90a85c702925e60200000002, 0x2E62529705CA890, /Engine/EngineMaterials/Grid, ../../../Engine/Content/EngineMaterials/Grid.ubulk, MMORPG-WindowsClient, 303955968, 192014336, 344064, 7135, 0x336034afb05d09bfcecf9cc84ca36537a726ac55, BulkData, , MMORPG, WindowsClient, Base, Installed, 0, 192014336
1337, 7831f57ced25880600000002, 0x68825ED7CF53178, /Engine/VREditor/Sounds/UI/Selection_Changes, ../../../Engine/Content/VREditor/Sounds/UI/Selection_Changes.ubulk, MMORPG-WindowsClient, 304349184, 192022528, 6043, 4728, 0xb8e1e947ee5afa99b47fe823601a4ef8dbfb9685, BulkData, , MMORPG, WindowsClient, Base, Installed, 0, 192022528
1338, 200cd3dc0f3f673a00000002, 0x3A673F0FDCD30C20, /Engine/VREditor/LaserPointer/VR_LaserPower_01, ../../../Engine/Content/VREditor/LaserPointer/VR_LaserPower_01.ubulk, MMORPG-WindowsClient, 304414720, 192028672, 172032, 85961, 0xc9d694dea037e09088565f283283d4aa357f1007, BulkData, , MMORPG, WindowsClient, Base, Installed, 0, 192028672
1339, 4c49e9e44ce8cd0900000002, 0x9CDE84CE4E9494C, , ../../../Engine/Plugins/Experimental/Water/Content/Icons/WaterLandscapeBrushSprite.ubulk, MMORPG-WindowsClient, 304611328, 192114688, 81920, 7142, 0x0f4025216169a83be7a5ccecbaf13b18b044572b, BulkData, , MMORPG, WindowsClient, Base, Installed, 0, 192114688
1340, 7539f12095a3f0d100000002, 0xD1F0A39520F13975, /Engine/EngineMaterials/DefaultDiffuse, ../../../Engine/Content/EngineMaterials/DefaultDiffuse.ubulk, MMORPG-WindowsClient, 304742400, 192122880, 696320, 470202, 0x56f41949f053b0e0e365d2ca94c998efef5cfd9a, BulkData, , MMORPG, WindowsClient, Base, Installed, 0, 192122880
1341, 5cea311860b94ecb00000002, 0xCB4EB9601831EA5C, /Engine/EditorResources/S_Terrain, ../../../Engine/Content/EditorResources/S_Terrain.ubulk, MMORPG-WindowsClient, 305463296, 192593920, 327680, 34292, 0x6798bb091b4386135b0c16247f9e7f92f354ef2d, BulkData, , MMORPG, WindowsClient, Base, Installed, 0, 192593920
1342, 1bd46f252a7c31e500000002, 0xE5317C2A256FD41B, , ../../../MMORPG/Content/Characters/Mannequins/Textures/Manny/T_Manny_01_BN.ubulk, MMORPG-WindowsClient, 305790976, 192628736, 1392640, 977208, 0xcd4f8ccccf8323f2918f8f4f1674e94e1472923c, BulkData, , MMORPG, WindowsClient, Base, Installed, 0, 192628736
1343, b958e3c9d99b419d00000002, 0x9D419BD9C9E358B9, , ../../../MMORPG/Content/Characters/Mannequins/Textures/Manny/T_Manny_02_MRA.ubulk, MMORPG-WindowsClient, 307232768, 193607680, 696320, 284931, 0x758afbfbf855b6a15a3c1d6f7ae1c1ccb51df2c5, BulkData, , MMORPG, WindowsClient, Base, Installed, 0, 193607680
1344, 8dc57b625b9b987100000002, 0x71989B5B627BC58D, , ../../../MMORPG/Content/Characters/Mannequins/Textures/Manny/T_Manny_01_MRA.ubulk, MMORPG-WindowsClient, 307953664, 193894400, 696320, 187608, 0xf51e70f2c075fe10e476d4f8f6ccaaf48fec49f7, BulkData, , MMORPG, WindowsClient, Base, Installed, 0, 193894400
1345, 000eb6ac2e75d86b00000002, 0x6BD8752EACB60E00, , ../../../MMORPG/Content/Characters/Mannequins/Textures/Manny/T_Manny_02_BN.ubulk, MMORPG-WindowsClient, 308674560, 194082816, 1392640, 1029292, 0x5c398613cc04d72fbd2b365cddeff282bb9004e5, BulkData, , MMORPG, WindowsClient, Base, Installed, 0, 194082816
1346, 15dc988210f4f86700000002, 0x67F8F4108298DC15, , ../../../MMORPG/Content/Characters/Mannequins/Textures/Manny/T_Manny_02_D.ubulk, MMORPG-WindowsClient, 310116352, 195112960, 696320, 276958, 0xeaa998b33f002bc5090bf530caab1068716a0226, BulkData, , MMORPG, WindowsClient, Base, Installed, 0, 195112960
1347, 3d85e2a62071581500000002, 0x15587120A6E2853D, , ../../../MMORPG/Content/Characters/Mannequins/Textures/Manny/T_Manny_01_D.ubulk, MMORPG-WindowsClient, 310837248, 195391488, 696320, 196514, 0xc35e138ad0bc4283e5892c136465350c9c1734ef, BulkData, , MMORPG, WindowsClient, Base, Installed, 0, 195391488
1348, 0e746a5331df661400000002, 0x1466DF31536A740E, , ../../../Engine/Plugins/Experimental/Water/Content/Icons/WaterZoneActorSprite.ubulk, MMORPG-WindowsClient, 311558144, 195588096, 81920, 7538, 0x4858d6998e38d43dc7725be2a128718b2e403ffa, BulkData, , MMORPG, WindowsClient, Base, Installed, 0, 195588096
1349, 27d3dbbd9cb5875a00000002, 0x5A87B59CBDDBD327, , ../../../Engine/Plugins/Editor/SpeedTreeImporter/Content/SpeedTree9/game_wind_noise.ubulk, MMORPG-WindowsClient, 311689216, 195596288, 1376256, 667136, 0x18337d61aacb578b9423cd2c1167770b701598da, BulkData, , MMORPG, WindowsClient, Base, Installed, 0, 195596288
1350, 2e8e5fa17895ec2300000002, 0x23EC9578A15F8E2E, /Engine/VREditor/Sounds/UI/Object_PickUp, ../../../Engine/Content/VREditor/Sounds/UI/Object_PickUp.ubulk, MMORPG-WindowsClient, 313065472, 196263936, 13299, 12488, 0xdb66d3b37d03e753bbe9f4584184c2786b47694d, BulkData, , MMORPG, WindowsClient, Base, Installed, 0, 196263936
1351, 28ed83b8029dd22900000002, 0x29D29D02B883ED28, /Engine/EngineMaterials/BaseFlattenNormalMap_VT, ../../../Engine/Content/EngineMaterials/BaseFlattenNormalMap_VT.ubulk, MMORPG-WindowsClient, 313131008, 196276432, 147972, 133, 0xb0436af20bc5cefe6a7a030b654caa07645f85f6, BulkData, , MMORPG, WindowsClient, Base, Installed, 0, 196276432
1352, cdb6f2e8065df7c100000002, 0xC1F75D06E8F2B6CD, /Engine/EngineMaterials/InvalidLightmapSettings, ../../../Engine/Content/EngineMaterials/InvalidLightmapSettings.ubulk, MMORPG-WindowsClient, 313327616, 196278272, 172032, 10587, 0x6645d734e4f254283be1399511c046d0c24f54fe, BulkData, , MMORPG, WindowsClient, Base, Installed, 0, 196278272
1353, bd472f8cbf5f723d00000002, 0x3D725FBF8C2F47BD, /Engine/EditorResources/S_Actor, ../../../Engine/Content/EditorResources/S_Actor.ubulk, MMORPG-WindowsClient, 313524224, 196290560, 65536, 7964, 0x19f3a51b3c68ef6a19fa0b05e4b0dfae21548e43, BulkData, , MMORPG, WindowsClient, Base, Installed, 0, 196290560
1354, 2cc5808063f890db00000002, 0xDB90F8638080C52C, , ../../../Engine/Plugins/2D/Paper2D/Content/PlaceholderTextures/DummySpriteTexture.ubulk, MMORPG-WindowsClient, 313589760, 196298752, 16384, 2329, 0xcca55ddf4a47c9d2730e877747c497e763b27fce, BulkData, , MMORPG, WindowsClient, Base, Installed, 0, 196298752
1355, e742d53ef860a16500000002, 0x65A160F83ED542E7, /Engine/VREditor/Sounds/UI/Scaling_Down, ../../../Engine/Content/VREditor/Sounds/UI/Scaling_Down.ubulk, MMORPG-WindowsClient, 313655296, 196302848, 10363, 9250, 0x597c99179dff1207c839f357400709ce0aec8872, BulkData, , MMORPG, WindowsClient, Base, Installed, 0, 196302848
1356, facb7a69bd93f36600000002, 0x66F393BD697ACBFA, , ../../../Engine/Plugins/Experimental/Water/Content/Icons/WaterErrorSprite.ubulk, MMORPG-WindowsClient, 313720832, 196313088, 81920, 9213, 0x585ae1b3c77a45b813c48c37605627db98f80d3c, BulkData, , MMORPG, WindowsClient, Base, Installed, 0, 196313088
1357, ba6543c81e92e56d00000002, 0x6DE5921EC84365BA, /Engine/EditorMaterials/ParticleSystems/PSysThumbnail_NoImage, ../../../Engine/Content/EditorMaterials/ParticleSystems/PSysThumbnail_NoImage.ubulk, MMORPG-WindowsClient, 313851904, 196323328, 40960, 1490, 0x1b38ae0adc36877e99ec57887a44d58366d3990d, BulkData, , MMORPG, WindowsClient, Base, Installed, 0, 196323328
1358, d77ca907bf9be46e00000002, 0x6EE49BBF07A97CD7, /Engine/EngineMaterials/BaseFlattenEmissiveMap_VT, ../../../Engine/Content/EngineMaterials/BaseFlattenEmissiveMap_VT.ubulk, MMORPG-WindowsClient, 313917440, 196325376, 73988, 2766, 0x95df8b4dbd927938b7a5501dfb62482cbed404ae, BulkData, , MMORPG, WindowsClient, Base, Installed, 0, 196325376
1359, d620d2e7800c508700000002, 0x87500C80E7D220D6, /Engine/VREditor/Sounds/UI/Object_Snaps_To_Grid, ../../../Engine/Content/VREditor/Sounds/UI/Object_Snaps_To_Grid.ubulk, MMORPG-WindowsClient, 314048512, 196329472, 12121, 10765, 0x9e3c32ceb9947be6ded6f394e3e12888d4dd6e66, BulkData, , MMORPG, WindowsClient, Base, Installed, 0, 196329472
1360, 6baf53cf79c0948b00000002, 0x8B94C079CF53AF6B, /Engine/EngineResources/DefaultTexture, ../../../Engine/Content/EngineResources/DefaultTexture.ubulk, MMORPG-WindowsClient, 314114048, 196341760, 8192, 6032, 0x27e3b9c1b4f5b68ac919274ba572195ff5c3f5da, BulkData, , MMORPG, WindowsClient, Base, Installed, 0, 196341760
1361, adba4404ca6448ad00000002, 0xAD4864CA0444BAAD, /Engine/EngineMaterials/BaseFlattenDiffuseMap_VT, ../../../Engine/Content/EngineMaterials/BaseFlattenDiffuseMap_VT.ubulk, MMORPG-WindowsClient, 314179584, 196347904, 73988, 2766, 0x95df8b4dbd927938b7a5501dfb62482cbed404ae, BulkData, , MMORPG, WindowsClient, Base, Installed, 0, 196347904
1362, 9acae5549f0219b000000002, 0xB019029F54E5CA9A, /Engine/EditorResources/S_Trigger, ../../../Engine/Content/EditorResources/S_Trigger.ubulk, MMORPG-WindowsClient, 314310656, 196352000, 327680, 20763, 0x791d708939ef9286e7ee79b010b3691515632f10, BulkData, , MMORPG, WindowsClient, Base, Installed, 0, 196352000
1363, 5c918efb403d4bb200000002, 0xB24B3D40FB8E915C, /Engine/EditorResources/S_Solver, ../../../Engine/Content/EditorResources/S_Solver.ubulk, MMORPG-WindowsClient, 314638336, 196374528, 327680, 20367, 0x26d9561711e085ffb683f6cda4c66f7035db6a93, BulkData, , MMORPG, WindowsClient, Base, Installed, 0, 196374528
1364, 0219c3161c6d6eb200000002, 0xB26E6D1C16C31902, /Engine/EngineMaterials/BaseFlattenGrayscaleMap_VT, ../../../Engine/Content/EngineMaterials/BaseFlattenGrayscaleMap_VT.ubulk, MMORPG-WindowsClient, 314966016, 196395008, 147972, 4919, 0x3d816e0202c78c662f8d899443250fc42e2907c2, BulkData, , MMORPG, WindowsClient, Base, Installed, 0, 196395008
1365, c599b991259f3dc100000002, 0xC13D9F2591B999C5, /Engine/EngineMaterials/BaseFlattenLinearColor_VT, ../../../Engine/Content/EngineMaterials/BaseFlattenLinearColor_VT.ubulk, MMORPG-WindowsClient, 315162624, 196401152, 73988, 2643, 0x45021f5e1658415b4b21400ca825aaa50159a3e8, BulkData, , MMORPG, WindowsClient, Base, Installed, 0, 196401152
1366, 2d5d52b0905803e600000002, 0xE6035890B0525D2D, /Engine/EditorMaterials/PreviewShadowIndicator, ../../../Engine/Content/EditorMaterials/PreviewShadowIndicator.ubulk, MMORPG-WindowsClient, 315293696, 196405248, 1376256, 2528, 0x98b9e4eecf06f2e74b43beec3536e1cd02dda3c5, BulkData, , MMORPG, WindowsClient, Base, Installed, 0, 196405248
1367, 624f937426db20c500000002, 0xC520DB2674934F62, /Engine/EngineMaterials/DefaultWhiteGrid, ../../../Engine/Content/EngineMaterials/DefaultWhiteGrid.ubulk, MMORPG-WindowsClient, 316669952, 196407968, 8192, 161, 0xf6e5d402385f709c8e55a2d03311731cff66dc0d, BulkData, , MMORPG, WindowsClient, Base, Installed, 0, 196407968
1368, b3e0bd49841cdcc600000002, 0xC6DC1C8449BDE0B3, /Engine/VREditor/Sounds/UI/Gizmo_Handle_Clicked, ../../../Engine/Content/VREditor/Sounds/UI/Gizmo_Handle_Clicked.ubulk, MMORPG-WindowsClient, 316735488, 196409344, 13051, 11822, 0xbf55b0437b33d50fa61f5150f32c7fdb9531421f, BulkData, , MMORPG, WindowsClient, Base, Installed, 0, 196409344
1369, d78fa73801cc6eca00000002, 0xCA6ECC0138A78FD7, /Engine/VREditor/Sounds/UI/Scaling_Up, ../../../Engine/Content/VREditor/Sounds/UI/Scaling_Up.ubulk, MMORPG-WindowsClient, 316801024, 196421632, 10083, 9115, 0xa62a170e02290722c79becbfff803aff2a3c0c09, BulkData, , MMORPG, WindowsClient, Base, Installed, 0, 196421632
1370, 0bf1d6a9c47f8ccc00000002, 0xCC8C7FC4A9D6F10B, /Engine/EditorMaterials/ParticleSystems/PSysThumbnail_OOD, ../../../Engine/Content/EditorMaterials/ParticleSystems/PSysThumbnail_OOD.ubulk, MMORPG-WindowsClient, 316866560, 196431872, 16384, 3583, 0xf98674d73d390af8e73fe88f6192803967413b98, BulkData, , MMORPG, WindowsClient, Base, Installed, 0, 196431872
1371, 4eefe050ec0582d800000002, 0xD88205EC50E0EF4E, /Engine/EngineMaterials/Black_1x1_EXR_Texture_VT, ../../../Engine/Content/EngineMaterials/Black_1x1_EXR_Texture_VT.ubulk, MMORPG-WindowsClient, 316932096, 196435968, 1183748, 818, 0x67f193ea90d881cd8bf6174fd5a847fef6d7c383, BulkData, , MMORPG, WindowsClient, Base, Installed, 0, 196435968
1372, 6be7ed640599fdd800000002, 0xD8FD990564EDE76B, /Engine/VREditor/Sounds/UI/Drop_Item_From_ContentBrowser, ../../../Engine/Content/VREditor/Sounds/UI/Drop_Item_From_ContentBrowser.ubulk, MMORPG-WindowsClient, 318177280, 196438016, 14355, 13393, 0x1b5ae1cfb83ca87e4c2dfa7c62e460829f7c514b, BulkData, , MMORPG, WindowsClient, Base, Installed, 0, 196438016
1373, 97f59ca47c7041ff00000002, 0xFF41707CA49CF597, /Engine/VREditor/Sounds/UI/Object_Snaps_To_Another_Actor, ../../../Engine/Content/VREditor/Sounds/UI/Object_Snaps_To_Another_Actor.ubulk, MMORPG-WindowsClient, 318242816, 196452352, 14169, 13102, 0x0747cdb7181b16cfec59dacf90a24fe0bc6218d5, BulkData, , MMORPG, WindowsClient, Base, Installed, 0, 196452352
1374, 3c4cb30a9220e41800000006, 0x18E420920AB34C3C, , <ContainerHeader>, MMORPG-WindowsClient, 318308352, 196466688, 19800, 19800, 0xc0b2e004220a723d4f7b91c205788c52c6347372, ContainerHeader, , MMORPG, WindowsClient, Base, Installed, 0, 196466688

